{
  "image_filename": "00067cfb-e535423e.jpg",
  "video_name": "00067cfb-e535423e.jpg",
  "frame_index": 0,
  "metadata": {
    "weather": "undefined",
    "scene": "city street",
    "timeofday": "dawn/dusk"
  },
  "labels": [
    {
      "id": "117",
      "attributes": {
        "occluded": false,
        "truncated": false,
        "trafficLightColor": "NA"
      },
      "category": "traffic sign",
      "box2d": {
        "x1": 548.7505,
        "y1": 93.969783,
        "x2": 597.203668,
        "y2": 160.042286
      }
    },
    {
      "id": "118",
      "attributes": {
        "occluded": false,
        "truncated": false,
        "trafficLightColor": "NA"
      },
      "category": "traffic sign",
      "box2d": {
        "x1": 498.829052,
        "y1": 255.480346,
        "x2": 557.560166,
        "y2": 278.972792
      }
    },
    {
      "id": "119",
      "attributes": {
        "occluded": false,
        "truncated": false,
        "trafficLightColor": "NA"
      },
      "category": "traffic sign",
      "box2d": {
        "x1": 522.321498,
        "y1": 278.972793,
        "x2": 553.155334,
        "y2": 305.401794
      }
    },
    {
      "id": "120",
      "attributes": {
        "occluded": false,
        "truncated": false,
        "trafficLightColor": "NA"
      },
      "category": "traffic sign",
      "box2d": {
        "x1": 514.980108,
        "y1": 312.743185,
        "x2": 553.155334,
        "y2": 346.513574
      }
    },
    {
      "id": "121",
      "attributes": {
        "occluded": false,
        "truncated": false,
        "trafficLightColor": "NA"
      },
      "category": "traffic sign",
      "box2d": {
        "x1": 1248.03619,
        "y1": 345.674556,
        "x2": 1264.187247,
        "y2": 354.484222
      }
    },
    {
      "id": "122",
      "attributes": {
        "occluded": true,
        "truncated": true,
        "trafficLightColor": "NA"
      },
      "category": "car",
      "box2d": {
        "x1": 0.839016,
        "y1": 310.855412,
        "x2": 415.5464492326461,
        "y2": 532.565368
      }
    },
    {
      "id": "123",
      "attributes": {
        "occluded": true,
        "truncated": true,
        "trafficLightColor": "NA"
      },
      "category": "bus",
      "box2d": {
        "x1": 0.839016,
        "y1": 318.9713512009496,
        "x2": 34.609406,
        "y2": 427.329032899589
      }
    },
    {
      "id": "124",
      "attributes": {
        "occluded": false,
        "truncated": false,
        "trafficLightColor": "NA"
      },
      "category": "pedestrian",
      "box2d": {
        "x1": 199.056526,
        "y1": 335.816133,
        "x2": 316.518755,
        "y2": 604.510982
      }
    },
    {
      "id": "125",
      "attributes": {
        "occluded": true,
        "truncated": false,
        "trafficLightColor": "NA"
      },
      "category": "pedestrian",
      "box2d": {
        "x1": 727.531679,
        "y1": 390.56191,
        "x2": 745.151014,
        "y2": 444.888191
      }
    },
    {
      "id": "126",
      "attributes": {
        "occluded": true,
        "truncated": false,
        "trafficLightColor": "NA"
      },
      "category": "pedestrian",
      "box2d": {
        "x1": 862.61324,
        "y1": 384.688798,
        "x2": 877.296017,
        "y2": 433.141967
      }
    },
    {
      "id": "127",
      "attributes": {
        "occluded": true,
        "truncated": false,
        "trafficLightColor": "NA"
      },
      "category": "pedestrian",
      "box2d": {
        "x1": 884.637407,
        "y1": 383.22052,
        "x2": 896.383632,
        "y2": 419.927465
      }
    },
    {
      "id": "128",
      "attributes": {
        "occluded": true,
        "truncated": false,
        "trafficLightColor": "NA"
      },
      "category": "pedestrian",
      "box2d": {
        "x1": 872.891186,
        "y1": 384.688798,
        "x2": 890.510521,
        "y2": 434.610245
      }
    },
    {
      "id": "129",
      "attributes": {
        "occluded": true,
        "truncated": false,
        "trafficLightColor": "NA"
      },
      "category": "pedestrian",
      "box2d": {
        "x1": 852.335296,
        "y1": 389.093632,
        "x2": 868.486352,
        "y2": 434.610248
      }
    },
    {
      "id": "130",
      "attributes": {
        "occluded": false,
        "truncated": false,
        "trafficLightColor": "NA"
      },
      "category": "pedestrian",
      "box2d": {
        "x1": 790.667626,
        "y1": 381.752242,
        "x2": 817.096628,
        "y2": 453.697858
      }
    },
    {
      "id": "131",
      "attributes": {
        "occluded": false,
        "truncated": false,
        "trafficLightColor": "NA"
      },
      "category": "pedestrian",
      "box2d": {
        "x1": 731.936512,
        "y1": 397.903299,
        "x2": 792.135904,
        "y2": 543.262806
      }
    },
    {
      "id": "132",
      "attributes": {
        "occluded": false,
        "truncated": false,
        "trafficLightColor": "NA"
      },
      "category": "pedestrian",
      "box2d": {
        "x1": 883.169131,
        "y1": 384.688798,
        "x2": 903.725022,
        "y2": 455.166134
      }
    },
    {
      "id": "133",
      "attributes": {
        "occluded": true,
        "truncated": false,
        "trafficLightColor": "NA"
      },
      "category": "car",
      "box2d": {
        "x1": 1050.405971,
        "y1": 381.752242,
        "x2": 1066.557026,
        "y2": 397.903299
      }
    },
    {
      "id": "134",
      "attributes": {
        "occluded": true,
        "truncated": false,
        "trafficLightColor": "NA"
      },
      "category": "car",
      "box2d": {
        "x1": 1053.342525,
        "y1": 383.22052,
        "x2": 1070.96186,
        "y2": 399.371575
      }
    },
    {
      "id": "135",
      "attributes": {
        "occluded": true,
        "truncated": false,
        "trafficLightColor": "NA"
      },
      "category": "car",
      "box2d": {
        "x1": 1065.088748,
        "y1": 384.688798,
        "x2": 1084.176362,
        "y2": 406.712964
      }
    },
    {
      "id": "136",
      "attributes": {
        "occluded": true,
        "truncated": false,
        "trafficLightColor": "NA"
      },
      "category": "car",
      "box2d": {
        "x1": 1075.366693,
        "y1": 387.625354,
        "x2": 1095.922583,
        "y2": 414.054357
      }
    },
    {
      "id": "137",
      "attributes": {
        "occluded": true,
        "truncated": false,
        "trafficLightColor": "NA"
      },
      "category": "car",
      "box2d": {
        "x1": 1078.303249,
        "y1": 390.56191,
        "x2": 1107.668806,
        "y2": 427.268855
      }
    },
    {
      "id": "138",
      "attributes": {
        "occluded": true,
        "truncated": false,
        "trafficLightColor": "NA"
      },
      "category": "car",
      "box2d": {
        "x1": 1001.952799,
        "y1": 384.688798,
        "x2": 1054.810802,
        "y2": 408.181244
      }
    },
    {
      "id": "139",
      "attributes": {
        "occluded": true,
        "truncated": false,
        "trafficLightColor": "NA"
      },
      "category": "car",
      "box2d": {
        "x1": 999.016245,
        "y1": 392.030188,
        "x2": 1056.27908,
        "y2": 419.927466
      }
    },
    {
      "id": "140",
      "attributes": {
        "occluded": true,
        "truncated": false,
        "trafficLightColor": "NA"
      },
      "category": "car",
      "box2d": {
        "x1": 1142.907475,
        "y1": 387.625354,
        "x2": 1176.677867,
        "y2": 409.649522
      }
    },
    {
      "id": "141",
      "attributes": {
        "occluded": true,
        "truncated": false,
        "trafficLightColor": "NA"
      },
      "category": "car",
      "box2d": {
        "x1": 1151.71714,
        "y1": 393.498466,
        "x2": 1175.209586,
        "y2": 416.990912
      }
    },
    {
      "id": "142",
      "attributes": {
        "occluded": true,
        "truncated": false,
        "trafficLightColor": "NA"
      },
      "category": "car",
      "box2d": {
        "x1": 1163.463365,
        "y1": 390.56191,
        "x2": 1201.638589,
        "y2": 425.80058
      }
    },
    {
      "id": "143",
      "attributes": {
        "occluded": true,
        "truncated": false,
        "trafficLightColor": "NA"
      },
      "category": "car",
      "box2d": {
        "x1": 1175.209587,
        "y1": 396.435021,
        "x2": 1208.979977,
        "y2": 428.737134
      }
    },
    {
      "id": "144",
      "attributes": {
        "occluded": true,
        "truncated": false,
        "trafficLightColor": "NA"
      },
      "category": "car",
      "box2d": {
        "x1": 1195.765478,
        "y1": 390.56191,
        "x2": 1245.686925,
        "y2": 437.546801
      }
    },
    {
      "id": "145",
      "attributes": {
        "occluded": true,
        "truncated": false,
        "trafficLightColor": "NA"
      },
      "category": "car",
      "box2d": {
        "x1": 1208.979979,
        "y1": 397.903299,
        "x2": 1253.028315,
        "y2": 440.483355
      }
    },
    {
      "id": "146",
      "attributes": {
        "occluded": false,
        "truncated": true,
        "trafficLightColor": "NA"
      },
      "category": "car",
      "box2d": {
        "x1": 1236.877258,
        "y1": 396.435021,
        "x2": 1279.457316,
        "y2": 455.166136
      }
    },
    {
      "id": "147",
      "attributes": {
        "occluded": false,
        "truncated": false,
        "trafficLightColor": "NA"
      },
      "category": "car",
      "box2d": {
        "x1": 1096.803571,
        "y1": 389.45644512142377,
        "x2": 1160.3740088698955,
        "y2": 438.805333
      }
    },
    {
      "id": "148",
      "attributes": {
        "occluded": false,
        "truncated": false,
        "trafficLightColor": "NA"
      },
      "category": "car",
      "box2d": {
        "x1": 963.190285,
        "y1": 409.44475533767763,
        "x2": 1060.096623,
        "y2": 479.917113
      }
    },
    {
      "id": "149",
      "attributes": {
        "occluded": false,
        "truncated": false,
        "trafficLightColor": "Y"
      },
      "category": "traffic light",
      "box2d": {
        "x1": 556.477319,
        "y1": 312.323677,
        "x2": 590.24771,
        "y2": 349.030625
      }
    }
  ],
  "attributes": {
    "weather": "undefined",
    "timeofday": "dawn/dusk",
    "scene": "city street"
  },
  "processing_info": {
    "processed_at": "2025-07-07T01:09:14.356212",
    "source": "bdd100k_complete_preprocessing_refactored"
  }
}