{
  "image_filename": "00091078-59817bb0.jpg",
  "video_name": "00091078-59817bb0.jpg",
  "frame_index": 0,
  "metadata": {
    "weather": "undefined",
    "scene": "city street",
    "timeofday": "daytime"
  },
  "labels": [
    {
      "id": "190",
      "attributes": {
        "occluded": false,
        "truncated": true,
        "trafficLightColor": "NA"
      },
      "category": "car",
      "box2d": {
        "x1": 0.0,
        "y1": 405.78933,
        "x2": 125.506303,
        "y2": 510.128293
      }
    },
    {
      "id": "191",
      "attributes": {
        "occluded": false,
        "truncated": false,
        "trafficLightColor": "NA"
      },
      "category": "traffic light",
      "box2d": {
        "x1": 273.777462,
        "y1": 275.091048,
        "x2": 290.252035,
        "y2": 306.94189
      }
    },
    {
      "id": "192",
      "attributes": {
        "occluded": false,
        "truncated": false,
        "trafficLightColor": "NA"
      },
      "category": "traffic light",
      "box2d": {
        "x1": 333.085924,
        "y1": 260.813086,
        "x2": 349.560497,
        "y2": 293.762231
      }
    },
    {
      "id": "193",
      "attributes": {
        "occluded": false,
        "truncated": false,
        "trafficLightColor": "NA"
      },
      "category": "traffic sign",
      "box2d": {
        "x1": 184.814767,
        "y1": 344.284257,
        "x2": 206.780865,
        "y2": 350.874087
      }
    },
    {
      "id": "194",
      "attributes": {
        "occluded": false,
        "truncated": false,
        "trafficLightColor": "G"
      },
      "category": "traffic light",
      "box2d": {
        "x1": 612.055363,
        "y1": 283.877488,
        "x2": 621.940107,
        "y2": 311.335109
      }
    },
    {
      "id": "195",
      "attributes": {
        "occluded": false,
        "truncated": false,
        "trafficLightColor": "G"
      },
      "category": "traffic light",
      "box2d": {
        "x1": 672.462131,
        "y1": 281.680879,
        "x2": 679.05196,
        "y2": 308.040196
      }
    },
    {
      "id": "196",
      "attributes": {
        "occluded": true,
        "truncated": false,
        "trafficLightColor": "NA"
      },
      "category": "traffic sign",
      "box2d": {
        "x1": 693.329924,
        "y1": 298.155452,
        "x2": 706.509582,
        "y2": 312.433415
      }
    },
    {
      "id": "197",
      "attributes": {
        "occluded": true,
        "truncated": false,
        "trafficLightColor": "NA"
      },
      "category": "car",
      "box2d": {
        "x1": 218.862217,
        "y1": 370.643574,
        "x2": 326.496095,
        "y2": 460.704574
      }
    },
    {
      "id": "198",
      "attributes": {
        "occluded": true,
        "truncated": false,
        "trafficLightColor": "NA"
      },
      "category": "car",
      "box2d": {
        "x1": 638.414679,
        "y1": 345.382562,
        "x2": 716.394326,
        "y2": 473.884232
      }
    },
    {
      "id": "199",
      "attributes": {
        "occluded": true,
        "truncated": false,
        "trafficLightColor": "NA"
      },
      "category": "car",
      "box2d": {
        "x1": 704.312973,
        "y1": 371.741879,
        "x2": 755.933302,
        "y2": 462.901183
      }
    },
    {
      "id": "200",
      "attributes": {
        "occluded": false,
        "truncated": false,
        "trafficLightColor": "NA"
      },
      "category": "car",
      "box2d": {
        "x1": 279.268985,
        "y1": 280.0467470956131,
        "x2": 709.804498,
        "y2": 685.857073
      }
    },
    {
      "id": "201",
      "attributes": {
        "occluded": true,
        "truncated": false,
        "trafficLightColor": "NA"
      },
      "category": "truck",
      "box2d": {
        "x1": 612.055363,
        "y1": 311.33511,
        "x2": 729.573985,
        "y2": 386.019843
      }
    },
    {
      "id": "202",
      "attributes": {
        "occluded": false,
        "truncated": true,
        "trafficLightColor": "NA"
      },
      "category": "bus",
      "box2d": {
        "x1": 727.9952984025092,
        "y1": 0.51483,
        "x2": 1278.306668,
        "y2": 717.707915
      }
    },
    {
      "id": "203",
      "attributes": {
        "occluded": true,
        "truncated": false,
        "trafficLightColor": "NA"
      },
      "category": "truck",
      "box2d": {
        "x1": 461.587595,
        "y1": 257.518172,
        "x2": 603.268924,
        "y2": 325.613074
      }
    }
  ],
  "attributes": {
    "weather": "undefined",
    "timeofday": "daytime",
    "scene": "city street"
  },
  "processing_info": {
    "processed_at": "2025-07-07T01:09:15.296961",
    "source": "bdd100k_complete_preprocessing_refactored"
  }
}