{
  "image_filename": "0010bf16-a457685b.jpg",
  "video_name": "0010bf16-a457685b.jpg",
  "frame_index": 0,
  "metadata": {
    "weather": "undefined",
    "scene": "city street",
    "timeofday": "daytime"
  },
  "labels": [
    {
      "id": "501",
      "attributes": {
        "occluded": false,
        "truncated": false,
        "trafficLightColor": "NA"
      },
      "category": "traffic sign",
      "box2d": {
        "x1": 566.480335,
        "y1": 232.082252,
        "x2": 610.151728,
        "y2": 247.0553
      }
    },
    {
      "id": "502",
      "attributes": {
        "occluded": false,
        "truncated": false,
        "trafficLightColor": "R"
      },
      "category": "traffic light",
      "box2d": {
        "x1": 536.534238,
        "y1": 219.604712,
        "x2": 546.516272,
        "y2": 233.330006
      }
    },
    {
      "id": "503",
      "attributes": {
        "occluded": false,
        "truncated": false,
        "trafficLightColor": "NA"
      },
      "category": "traffic light",
      "box2d": {
        "x1": 414.254342,
        "y1": 219.604712,
        "x2": 426.731883,
        "y2": 239.568774
      }
    },
    {
      "id": "504",
      "attributes": {
        "occluded": false,
        "truncated": false,
        "trafficLightColor": "NA"
      },
      "category": "traffic light",
      "box2d": {
        "x1": 71.12198,
        "y1": 145.987223,
        "x2": 83.599521,
        "y2": 182.17209
      }
    },
    {
      "id": "505",
      "attributes": {
        "occluded": false,
        "truncated": false,
        "trafficLightColor": "R"
      },
      "category": "traffic light",
      "box2d": {
        "x1": 43.671391,
        "y1": 139.748453,
        "x2": 63.635456,
        "y2": 178.428827
      }
    },
    {
      "id": "506",
      "attributes": {
        "occluded": false,
        "truncated": false,
        "trafficLightColor": "R"
      },
      "category": "traffic light",
      "box2d": {
        "x1": 52.40567,
        "y1": 200.888401,
        "x2": 67.378719,
        "y2": 229.586743
      }
    },
    {
      "id": "507",
      "attributes": {
        "occluded": false,
        "truncated": false,
        "trafficLightColor": "NA"
      },
      "category": "traffic sign",
      "box2d": {
        "x1": 26.202835,
        "y1": 207.127171,
        "x2": 42.423636,
        "y2": 229.586744
      }
    },
    {
      "id": "508",
      "attributes": {
        "occluded": false,
        "truncated": false,
        "trafficLightColor": "NA"
      },
      "category": "traffic sign",
      "box2d": {
        "x1": 52.40567,
        "y1": 239.568776,
        "x2": 91.086045,
        "y2": 253.294072
      }
    },
    {
      "id": "509",
      "attributes": {
        "occluded": true,
        "truncated": false,
        "trafficLightColor": "NA"
      },
      "category": "car",
      "box2d": {
        "x1": 618.886005,
        "y1": 295.717708,
        "x2": 651.32761,
        "y2": 355.609902
      }
    },
    {
      "id": "510",
      "attributes": {
        "occluded": true,
        "truncated": false,
        "trafficLightColor": "NA"
      },
      "category": "car",
      "box2d": {
        "x1": 586.4444,
        "y1": 286.98343,
        "x2": 627.620283,
        "y2": 356.857656
      }
    },
    {
      "id": "511",
      "attributes": {
        "occluded": false,
        "truncated": true,
        "trafficLightColor": "NA"
      },
      "category": "car",
      "box2d": {
        "x1": 0.0,
        "y1": 249.550809,
        "x2": 132.261929,
        "y2": 421.740865
      }
    },
    {
      "id": "512",
      "attributes": {
        "occluded": true,
        "truncated": false,
        "trafficLightColor": "NA"
      },
      "category": "car",
      "box2d": {
        "x1": 203.383909,
        "y1": 224.595728,
        "x2": 627.620282,
        "y2": 573.96686
      }
    },
    {
      "id": "513",
      "attributes": {
        "occluded": true,
        "truncated": false,
        "trafficLightColor": "NA"
      },
      "category": "bus",
      "box2d": {
        "x1": 643.841086,
        "y1": 22.459573,
        "x2": 1240.267518,
        "y2": 486.624078
      }
    },
    {
      "id": "514",
      "attributes": {
        "occluded": false,
        "truncated": false,
        "trafficLightColor": "NA"
      },
      "category": "traffic sign",
      "box2d": {
        "x1": 218.356957,
        "y1": 252.046317,
        "x2": 239.568776,
        "y2": 298.213215
      }
    }
  ],
  "attributes": {
    "weather": "undefined",
    "timeofday": "daytime",
    "scene": "city street"
  },
  "processing_info": {
    "processed_at": "2025-07-07T01:09:16.637096",
    "source": "bdd100k_complete_preprocessing_refactored"
  }
}