{
  "image_filename": "00495359-1d04dd8a.jpg",
  "video_name": "00495359-1d04dd8a.jpg",
  "frame_index": 0,
  "metadata": {
    "weather": "clear",
    "scene": "parking lot",
    "timeofday": "daytime"
  },
  "labels": [
    {
      "id": "1995",
      "attributes": {
        "occluded": true,
        "truncated": false,
        "trafficLightColor": "NA"
      },
      "category": "car",
      "box2d": {
        "x1": 392.534164,
        "y1": 515.324661,
        "x2": 564.968029,
        "y2": 717.412757
      }
    },
    {
      "id": "1996",
      "attributes": {
        "occluded": true,
        "truncated": true,
        "trafficLightColor": "NA"
      },
      "category": "car",
      "box2d": {
        "x1": 611.549787,
        "y1": 544.210065,
        "x2": 704.288002,
        "y2": 718.84054
      }
    },
    {
      "id": "1997",
      "attributes": {
        "occluded": false,
        "truncated": true,
        "trafficLightColor": "NA"
      },
      "category": "car",
      "box2d": {
        "x1": 0.439315,
        "y1": 364.885588,
        "x2": 426.581609,
        "y2": 719.829019
      }
    },
    {
      "id": "1998",
      "attributes": {
        "occluded": false,
        "truncated": true,
        "trafficLightColor": "NA"
      },
      "category": "car",
      "box2d": {
        "x1": 635.259534,
        "y1": 419.991786,
        "x2": 1277.767886,
        "y2": 718.730714
      }
    }
  ],
  "attributes": {
    "weather": "clear",
    "timeofday": "daytime",
    "scene": "parking lot"
  },
  "processing_info": {
    "processed_at": "2025-07-07T01:09:16.246810",
    "source": "bdd100k_complete_preprocessing_refactored"
  }
}