{
  "image_filename": "0066b72f-974f6883.jpg",
  "video_name": "0066b72f-974f6883.jpg",
  "frame_index": 0,
  "metadata": {
    "weather": "partly cloudy",
    "scene": "highway",
    "timeofday": "daytime"
  },
  "labels": [
    {
      "id": "2591",
      "attributes": {
        "occluded": false,
        "truncated": true,
        "trafficLightColor": "NA"
      },
      "category": "car",
      "box2d": {
        "x1": 0.0,
        "y1": 230.60197971856408,
        "x2": 27.315643,
        "y2": 313.677529
      }
    },
    {
      "id": "2592",
      "attributes": {
        "occluded": true,
        "truncated": false,
        "trafficLightColor": "NA"
      },
      "category": "car",
      "box2d": {
        "x1": 424.157688,
        "y1": 236.756605,
        "x2": 427.654095,
        "y2": 262.979647
      }
    },
    {
      "id": "2593",
      "attributes": {
        "occluded": true,
        "truncated": false,
        "trafficLightColor": "NA"
      },
      "category": "car",
      "box2d": {
        "x1": 425.905892,
        "y1": 231.511996,
        "x2": 471.359166,
        "y2": 266.3705348423868
      }
    },
    {
      "id": "2594",
      "attributes": {
        "occluded": true,
        "truncated": false,
        "trafficLightColor": "NA"
      },
      "category": "car",
      "box2d": {
        "x1": 464.366354,
        "y1": 235.008402,
        "x2": 481.848382,
        "y2": 248.994025
      }
    },
    {
      "id": "2595",
      "attributes": {
        "occluded": false,
        "truncated": false,
        "trafficLightColor": "NA"
      },
      "category": "car",
      "box2d": {
        "x1": 684.639913,
        "y1": 229.763792,
        "x2": 719.603969,
        "y2": 257.735039
      }
    },
    {
      "id": "2596",
      "attributes": {
        "occluded": true,
        "truncated": false,
        "trafficLightColor": "NA"
      },
      "category": "traffic sign",
      "box2d": {
        "x1": 485.34479,
        "y1": 214.029968,
        "x2": 546.53189,
        "y2": 278.713473
      }
    },
    {
      "id": "2597",
      "attributes": {
        "occluded": false,
        "truncated": false,
        "trafficLightColor": "NA"
      },
      "category": "traffic sign",
      "box2d": {
        "x1": 1036.028686,
        "y1": 159.83568,
        "x2": 1245.813029,
        "y2": 390.598456
      }
    },
    {
      "id": "2598",
      "attributes": {
        "occluded": false,
        "truncated": false,
        "trafficLightColor": "NA"
      },
      "category": "traffic sign",
      "box2d": {
        "x1": 579.747743,
        "y1": 193.051533,
        "x2": 607.718988,
        "y2": 224.519184
      }
    }
  ],
  "attributes": {
    "weather": "partly cloudy",
    "timeofday": "daytime",
    "scene": "highway"
  },
  "processing_info": {
    "processed_at": "2025-07-07T01:09:16.582083",
    "source": "bdd100k_complete_preprocessing_refactored"
  }
}