{
  "image_filename": "006a7635-c42f9f97.jpg",
  "video_name": "006a7635-c42f9f97.jpg",
  "frame_index": 0,
  "metadata": {
    "weather": "overcast",
    "scene": "city street",
    "timeofday": "daytime"
  },
  "labels": [
    {
      "id": "2709",
      "attributes": {
        "occluded": false,
        "truncated": false,
        "trafficLightColor": "Y"
      },
      "category": "traffic light",
      "box2d": {
        "x1": 585.344898,
        "y1": 297.994738,
        "x2": 591.739632,
        "y2": 314.621055
      }
    },
    {
      "id": "2710",
      "attributes": {
        "occluded": false,
        "truncated": false,
        "trafficLightColor": "NA"
      },
      "category": "traffic light",
      "box2d": {
        "x1": 594.297529,
        "y1": 297.994738,
        "x2": 600.692265,
        "y2": 317.178949
      }
    },
    {
      "id": "2711",
      "attributes": {
        "occluded": false,
        "truncated": false,
        "trafficLightColor": "NA"
      },
      "category": "traffic light",
      "box2d": {
        "x1": 641.618582,
        "y1": 338.921055,
        "x2": 654.408056,
        "y2": 350.431582
      }
    },
    {
      "id": "2712",
      "attributes": {
        "occluded": true,
        "truncated": false,
        "trafficLightColor": "NA"
      },
      "category": "traffic light",
      "box2d": {
        "x1": 575.113319,
        "y1": 324.852633,
        "x2": 582.787002,
        "y2": 335.084212
      }
    },
    {
      "id": "2713",
      "attributes": {
        "occluded": true,
        "truncated": false,
        "trafficLightColor": "NA"
      },
      "category": "car",
      "box2d": {
        "x1": 608.365953,
        "y1": 355.54737,
        "x2": 621.155424,
        "y2": 370.894738
      }
    },
    {
      "id": "2714",
      "attributes": {
        "occluded": true,
        "truncated": false,
        "trafficLightColor": "NA"
      },
      "category": "car",
      "box2d": {
        "x1": 613.48174,
        "y1": 352.989476,
        "x2": 649.292266,
        "y2": 383.684213
      }
    },
    {
      "id": "2715",
      "attributes": {
        "occluded": true,
        "truncated": false,
        "trafficLightColor": "NA"
      },
      "category": "car",
      "box2d": {
        "x1": 628.82911,
        "y1": 361.942107,
        "x2": 645.455424,
        "y2": 388.800001
      }
    },
    {
      "id": "2716",
      "attributes": {
        "occluded": true,
        "truncated": false,
        "trafficLightColor": "NA"
      },
      "category": "car",
      "box2d": {
        "x1": 636.502792,
        "y1": 361.942107,
        "x2": 655.687002,
        "y2": 390.078949
      }
    },
    {
      "id": "2717",
      "attributes": {
        "occluded": true,
        "truncated": false,
        "trafficLightColor": "NA"
      },
      "category": "car",
      "box2d": {
        "x1": 651.850161,
        "y1": 355.54737,
        "x2": 678.708056,
        "y2": 395.194738
      }
    },
    {
      "id": "2718",
      "attributes": {
        "occluded": true,
        "truncated": false,
        "trafficLightColor": "NA"
      },
      "category": "car",
      "box2d": {
        "x1": 665.918583,
        "y1": 364.500002,
        "x2": 690.218585,
        "y2": 397.752634
      }
    },
    {
      "id": "2719",
      "attributes": {
        "occluded": true,
        "truncated": false,
        "trafficLightColor": "NA"
      },
      "category": "car",
      "box2d": {
        "x1": 682.544898,
        "y1": 351.710529,
        "x2": 713.239635,
        "y2": 405.426319
      }
    },
    {
      "id": "2720",
      "attributes": {
        "occluded": true,
        "truncated": false,
        "trafficLightColor": "NA"
      },
      "category": "car",
      "box2d": {
        "x1": 697.892266,
        "y1": 350.431581,
        "x2": 760.560687,
        "y2": 414.378949
      }
    },
    {
      "id": "2721",
      "attributes": {
        "occluded": true,
        "truncated": false,
        "trafficLightColor": "NA"
      },
      "category": "car",
      "box2d": {
        "x1": 731.1449,
        "y1": 350.431581,
        "x2": 823.229111,
        "y2": 428.447371
      }
    },
    {
      "id": "2722",
      "attributes": {
        "occluded": true,
        "truncated": false,
        "trafficLightColor": "NA"
      },
      "category": "car",
      "box2d": {
        "x1": 774.629109,
        "y1": 350.431581,
        "x2": 946.008059,
        "y2": 459.142108
      }
    },
    {
      "id": "2723",
      "attributes": {
        "occluded": false,
        "truncated": false,
        "trafficLightColor": "NA"
      },
      "category": "traffic sign",
      "box2d": {
        "x1": 824.508057,
        "y1": 283.926316,
        "x2": 848.808057,
        "y2": 299.273685
      }
    },
    {
      "id": "2724",
      "attributes": {
        "occluded": true,
        "truncated": true,
        "trafficLightColor": "NA"
      },
      "category": "car",
      "box2d": {
        "x1": 865.591568,
        "y1": 232.768422,
        "x2": 1279.970518,
        "y2": 685.0730330565467
      }
    },
    {
      "id": "2725",
      "attributes": {
        "occluded": false,
        "truncated": false,
        "trafficLightColor": "NA"
      },
      "category": "car",
      "box2d": {
        "x1": 348.896829,
        "y1": 335.084212,
        "x2": 650.728409,
        "y2": 572.968424
      }
    }
  ],
  "attributes": {
    "weather": "overcast",
    "timeofday": "daytime",
    "scene": "city street"
  },
  "processing_info": {
    "processed_at": "2025-07-07T01:09:12.662435",
    "source": "bdd100k_complete_preprocessing_refactored"
  }
}