{
  "image_filename": "0096bcca-c2027ec4.jpg",
  "video_name": "0096bcca-c2027ec4.jpg",
  "frame_index": 0,
  "metadata": {
    "weather": "clear",
    "scene": "undefined",
    "timeofday": "night"
  },
  "labels": [
    {
      "id": "4277",
      "attributes": {
        "occluded": true,
        "truncated": false,
        "trafficLightColor": "NA"
      },
      "category": "car",
      "box2d": {
        "x1": 608.418456,
        "y1": 414.508033,
        "x2": 634.126278,
        "y2": 434.094944
      }
    },
    {
      "id": "4278",
      "attributes": {
        "occluded": true,
        "truncated": false,
        "trafficLightColor": "NA"
      },
      "category": "car",
      "box2d": {
        "x1": 629.229549,
        "y1": 418.180579,
        "x2": 667.179191,
        "y2": 434.094944
      }
    },
    {
      "id": "4279",
      "attributes": {
        "occluded": true,
        "truncated": false,
        "trafficLightColor": "NA"
      },
      "category": "car",
      "box2d": {
        "x1": 663.506646,
        "y1": 421.853124,
        "x2": 710.025561,
        "y2": 443.888401
      }
    },
    {
      "id": "4280",
      "attributes": {
        "occluded": true,
        "truncated": false,
        "trafficLightColor": "NA"
      },
      "category": "car",
      "box2d": {
        "x1": 706.954971859084,
        "y1": 421.853124,
        "x2": 761.441206,
        "y2": 458.578585
      }
    },
    {
      "id": "4281",
      "attributes": {
        "occluded": true,
        "truncated": false,
        "trafficLightColor": "NA"
      },
      "category": "car",
      "box2d": {
        "x1": 757.768659,
        "y1": 410.835487,
        "x2": 839.788854,
        "y2": 470.820406
      }
    },
    {
      "id": "4282",
      "attributes": {
        "occluded": false,
        "truncated": false,
        "trafficLightColor": "NA"
      },
      "category": "car",
      "box2d": {
        "x1": 805.511758,
        "y1": 422.587642,
        "x2": 927.929957,
        "y2": 493.590198
      }
    },
    {
      "id": "4283",
      "attributes": {
        "occluded": false,
        "truncated": false,
        "trafficLightColor": "NA"
      },
      "category": "traffic sign",
      "box2d": {
        "x1": 511.708077,
        "y1": 403.980061,
        "x2": 525.174078,
        "y2": 414.997699
      }
    },
    {
      "id": "4284",
      "attributes": {
        "occluded": true,
        "truncated": false,
        "trafficLightColor": "NA"
      },
      "category": "traffic sign",
      "box2d": {
        "x1": 668.403373,
        "y1": 405.204244,
        "x2": 678.196828,
        "y2": 417.446065
      }
    },
    {
      "id": "4285",
      "attributes": {
        "occluded": false,
        "truncated": false,
        "trafficLightColor": "G"
      },
      "category": "traffic light",
      "box2d": {
        "x1": 14.690184,
        "y1": 90.834305,
        "x2": 37.949642,
        "y2": 128.845155
      }
    },
    {
      "id": "4286",
      "attributes": {
        "occluded": false,
        "truncated": false,
        "trafficLightColor": "R"
      },
      "category": "traffic light",
      "box2d": {
        "x1": 48.96728,
        "y1": 70.084421,
        "x2": 82.020194,
        "y2": 108.034062
      }
    },
    {
      "id": "4287",
      "attributes": {
        "occluded": false,
        "truncated": true,
        "trafficLightColor": "R"
      },
      "category": "traffic light",
      "box2d": {
        "x1": 0.816118,
        "y1": 55.08819,
        "x2": 16.730484,
        "y2": 94.262015
      }
    },
    {
      "id": "4288",
      "attributes": {
        "occluded": false,
        "truncated": false,
        "trafficLightColor": "R"
      },
      "category": "traffic light",
      "box2d": {
        "x1": 1141.427328,
        "y1": 347.667688,
        "x2": 1173.25606,
        "y2": 372.151328
      }
    },
    {
      "id": "4289",
      "attributes": {
        "occluded": false,
        "truncated": false,
        "trafficLightColor": "G"
      },
      "category": "traffic light",
      "box2d": {
        "x1": 1185.366341,
        "y1": 350.618886,
        "x2": 1205.330405,
        "y2": 371.830705
      }
    },
    {
      "id": "4290",
      "attributes": {
        "occluded": true,
        "truncated": false,
        "trafficLightColor": "NA"
      },
      "category": "car",
      "box2d": {
        "x1": 539.029746,
        "y1": 415.814035,
        "x2": 567.728089,
        "y2": 435.778099
      }
    }
  ],
  "attributes": {
    "weather": "clear",
    "timeofday": "night",
    "scene": "undefined"
  },
  "processing_info": {
    "processed_at": "2025-07-07T01:09:13.102559",
    "source": "bdd100k_complete_preprocessing_refactored"
  }
}