{
  "image_filename": "00a9cd6b-b39be004.jpg",
  "video_name": "00a9cd6b-b39be004.jpg",
  "frame_index": 0,
  "metadata": {
    "weather": "overcast",
    "scene": "city street",
    "timeofday": "daytime"
  },
  "labels": [
    {
      "id": "4892",
      "attributes": {
        "occluded": false,
        "truncated": false,
        "trafficLightColor": "NA"
      },
      "category": "car",
      "box2d": {
        "x1": 645.269,
        "y1": 328.779919,
        "x2": 954.588426,
        "y2": 499.827416
      }
    },
    {
      "id": "4893",
      "attributes": {
        "occluded": false,
        "truncated": false,
        "trafficLightColor": "NA"
      },
      "category": "car",
      "box2d": {
        "x1": 133.150746,
        "y1": 337.998049,
        "x2": 186.411045,
        "y2": 383.064454
      }
    },
    {
      "id": "4894",
      "attributes": {
        "occluded": false,
        "truncated": false,
        "trafficLightColor": "NA"
      },
      "category": "car",
      "box2d": {
        "x1": 218.162376,
        "y1": 345.167703,
        "x2": 255.034891,
        "y2": 370.773616
      }
    },
    {
      "id": "4895",
      "attributes": {
        "occluded": true,
        "truncated": false,
        "trafficLightColor": "NA"
      },
      "category": "car",
      "box2d": {
        "x1": 106.520597,
        "y1": 337.998049,
        "x2": 141.344637,
        "y2": 367.700907
      }
    },
    {
      "id": "4896",
      "attributes": {
        "occluded": true,
        "truncated": false,
        "trafficLightColor": "NA"
      },
      "category": "car",
      "box2d": {
        "x1": 498.803181,
        "y1": 344.21974305305974,
        "x2": 678.04457,
        "y2": 449.639827
      }
    },
    {
      "id": "4897",
      "attributes": {
        "occluded": true,
        "truncated": false,
        "trafficLightColor": "NA"
      },
      "category": "car",
      "box2d": {
        "x1": 414.815787,
        "y1": 339.022284,
        "x2": 553.087716,
        "y2": 429.155097
      }
    },
    {
      "id": "4898",
      "attributes": {
        "occluded": true,
        "truncated": false,
        "trafficLightColor": "NA"
      },
      "category": "car",
      "box2d": {
        "x1": 244.792526,
        "y1": 339.022284,
        "x2": 300.708724,
        "y2": 352.116187
      }
    },
    {
      "id": "4899",
      "attributes": {
        "occluded": true,
        "truncated": false,
        "trafficLightColor": "NA"
      },
      "category": "truck",
      "box2d": {
        "x1": 13.315075,
        "y1": 324.682973,
        "x2": 44.04217,
        "y2": 343.11923
      }
    },
    {
      "id": "4900",
      "attributes": {
        "occluded": false,
        "truncated": false,
        "trafficLightColor": "NA"
      },
      "category": "traffic sign",
      "box2d": {
        "x1": 535.675694,
        "y1": 282.689276,
        "x2": 558.208896,
        "y2": 303.174007
      }
    },
    {
      "id": "4901",
      "attributes": {
        "occluded": false,
        "truncated": false,
        "trafficLightColor": "NA"
      },
      "category": "traffic sign",
      "box2d": {
        "x1": 381.015981,
        "y1": 304.198243,
        "x2": 401.500711,
        "y2": 319.561791
      }
    },
    {
      "id": "4902",
      "attributes": {
        "occluded": false,
        "truncated": false,
        "trafficLightColor": "NA"
      },
      "category": "traffic sign",
      "box2d": {
        "x1": 272.446911,
        "y1": 322.6345,
        "x2": 287.810459,
        "y2": 333.901103
      }
    },
    {
      "id": "4903",
      "attributes": {
        "occluded": false,
        "truncated": false,
        "trafficLightColor": "G"
      },
      "category": "traffic light",
      "box2d": {
        "x1": 173.09597,
        "y1": 291.907405,
        "x2": 180.265624,
        "y2": 309.319426
      }
    },
    {
      "id": "4904",
      "attributes": {
        "occluded": false,
        "truncated": false,
        "trafficLightColor": "G"
      },
      "category": "traffic light",
      "box2d": {
        "x1": 99.350941,
        "y1": 323.658737,
        "x2": 106.520597,
        "y2": 337.998047
      }
    }
  ],
  "attributes": {
    "weather": "overcast",
    "timeofday": "daytime",
    "scene": "city street"
  },
  "processing_info": {
    "processed_at": "2025-07-07T01:09:17.495623",
    "source": "bdd100k_complete_preprocessing_refactored"
  }
}