{
  "image_filename": "00ad8a92-c4851839.jpg",
  "video_name": "00ad8a92-c4851839.jpg",
  "frame_index": 0,
  "metadata": {
    "weather": "clear",
    "scene": "residential",
    "timeofday": "daytime"
  },
  "labels": [
    {
      "id": "5005",
      "attributes": {
        "occluded": false,
        "truncated": true,
        "trafficLightColor": "NA"
      },
      "category": "car",
      "box2d": {
        "x1": 2.495508,
        "y1": 235.825515,
        "x2": 189.3629388908261,
        "y2": 455.430226
      }
    },
    {
      "id": "5006",
      "attributes": {
        "occluded": true,
        "truncated": false,
        "trafficLightColor": "NA"
      },
      "category": "car",
      "box2d": {
        "x1": 214.613696,
        "y1": 270.57860015107184,
        "x2": 296.965463,
        "y2": 358.105409
      }
    },
    {
      "id": "5007",
      "attributes": {
        "occluded": true,
        "truncated": false,
        "trafficLightColor": "NA"
      },
      "category": "car",
      "box2d": {
        "x1": 541.525255,
        "y1": 291.974446,
        "x2": 549.011778,
        "y2": 314.434019
      }
    },
    {
      "id": "5008",
      "attributes": {
        "occluded": true,
        "truncated": false,
        "trafficLightColor": "NA"
      },
      "category": "car",
      "box2d": {
        "x1": 551.507287,
        "y1": 289.478938,
        "x2": 588.939908,
        "y2": 329.407067
      }
    },
    {
      "id": "5009",
      "attributes": {
        "occluded": true,
        "truncated": false,
        "trafficLightColor": "NA"
      },
      "category": "car",
      "box2d": {
        "x1": 572.719106,
        "y1": 293.222199,
        "x2": 641.345579,
        "y2": 348.123378
      }
    },
    {
      "id": "5010",
      "attributes": {
        "occluded": true,
        "truncated": false,
        "trafficLightColor": "NA"
      },
      "category": "car",
      "box2d": {
        "x1": 623.877022,
        "y1": 265.771611,
        "x2": 794.2723270142983,
        "y2": 401.776801
      }
    },
    {
      "id": "5011",
      "attributes": {
        "occluded": true,
        "truncated": true,
        "trafficLightColor": "NA"
      },
      "category": "car",
      "box2d": {
        "x1": 711.219804,
        "y1": 197.14514,
        "x2": 1277.70014,
        "y2": 629.3161677164701
      }
    },
    {
      "id": "5012",
      "attributes": {
        "occluded": false,
        "truncated": false,
        "trafficLightColor": "NA"
      },
      "category": "car",
      "box2d": {
        "x1": 269.514873,
        "y1": 222.100221,
        "x2": 544.020762,
        "y2": 451.686963
      }
    },
    {
      "id": "5013",
      "attributes": {
        "occluded": false,
        "truncated": false,
        "trafficLightColor": "NA"
      },
      "category": "traffic sign",
      "box2d": {
        "x1": 580.20563,
        "y1": 268.267119,
        "x2": 591.435416,
        "y2": 280.744659
      }
    }
  ],
  "attributes": {
    "weather": "clear",
    "timeofday": "daytime",
    "scene": "residential"
  },
  "processing_info": {
    "processed_at": "2025-07-07T01:09:17.348730",
    "source": "bdd100k_complete_preprocessing_refactored"
  }
}