{
  "image_filename": "00d79c0a-23bea078.jpg",
  "video_name": "00d79c0a-23bea078.jpg",
  "frame_index": 0,
  "metadata": {
    "weather": "clear",
    "scene": "highway",
    "timeofday": "daytime"
  },
  "labels": [
    {
      "id": "5817",
      "attributes": {
        "occluded": true,
        "truncated": false,
        "trafficLightColor": "NA"
      },
      "category": "traffic sign",
      "box2d": {
        "x1": 406.919246,
        "y1": 352.687258,
        "x2": 496.356685,
        "y2": 369.562246
      }
    },
    {
      "id": "5818",
      "attributes": {
        "occluded": false,
        "truncated": true,
        "trafficLightColor": "NA"
      },
      "category": "traffic sign",
      "box2d": {
        "x1": 347.856787,
        "y1": 379.687239,
        "x2": 368.106773,
        "y2": 396.562227
      }
    },
    {
      "id": "5819",
      "attributes": {
        "occluded": true,
        "truncated": false,
        "trafficLightColor": "NA"
      },
      "category": "car",
      "box2d": {
        "x1": 339.419293,
        "y1": 399.937225,
        "x2": 361.356778,
        "y2": 415.124715
      }
    },
    {
      "id": "5820",
      "attributes": {
        "occluded": true,
        "truncated": false,
        "trafficLightColor": "NA"
      },
      "category": "car",
      "box2d": {
        "x1": 79.544472,
        "y1": 385.24837981273873,
        "x2": 138.606931,
        "y2": 425.249708
      }
    },
    {
      "id": "5821",
      "attributes": {
        "occluded": true,
        "truncated": true,
        "trafficLightColor": "NA"
      },
      "category": "car",
      "box2d": {
        "x1": 0.232026,
        "y1": 359.437253,
        "x2": 50.856991,
        "y2": 435.374701
      }
    },
    {
      "id": "5822",
      "attributes": {
        "occluded": true,
        "truncated": false,
        "trafficLightColor": "NA"
      },
      "category": "car",
      "box2d": {
        "x1": 509.856676,
        "y1": 398.249726,
        "x2": 541.919154,
        "y2": 440.437197
      }
    },
    {
      "id": "5823",
      "attributes": {
        "occluded": true,
        "truncated": false,
        "trafficLightColor": "NA"
      },
      "category": "car",
      "box2d": {
        "x1": 541.919154,
        "y1": 399.937225,
        "x2": 555.419144,
        "y2": 423.562209
      }
    },
    {
      "id": "5824",
      "attributes": {
        "occluded": true,
        "truncated": false,
        "trafficLightColor": "NA"
      },
      "category": "bus",
      "box2d": {
        "x1": 604.356611,
        "y1": 357.749754,
        "x2": 719.106532,
        "y2": 448.874691
      }
    },
    {
      "id": "5825",
      "attributes": {
        "occluded": true,
        "truncated": false,
        "trafficLightColor": "NA"
      },
      "category": "bus",
      "box2d": {
        "x1": 719.106532,
        "y1": 376.312241,
        "x2": 800.106476,
        "y2": 445.499694
      }
    },
    {
      "id": "5826",
      "attributes": {
        "occluded": false,
        "truncated": false,
        "trafficLightColor": "NA"
      },
      "category": "car",
      "box2d": {
        "x1": 752.856509,
        "y1": 406.68722,
        "x2": 842.293947,
        "y2": 460.99355536906916
      }
    },
    {
      "id": "5827",
      "attributes": {
        "occluded": false,
        "truncated": false,
        "trafficLightColor": "NA"
      },
      "category": "car",
      "box2d": {
        "x1": 543.606652,
        "y1": 398.249726,
        "x2": 627.981594,
        "y2": 464.062181
      }
    },
    {
      "id": "5828",
      "attributes": {
        "occluded": false,
        "truncated": false,
        "trafficLightColor": "NA"
      },
      "category": "car",
      "box2d": {
        "x1": 379.919265,
        "y1": 366.187248,
        "x2": 519.981669,
        "y2": 496.124659
      }
    },
    {
      "id": "5829",
      "attributes": {
        "occluded": true,
        "truncated": true,
        "trafficLightColor": "NA"
      },
      "category": "car",
      "box2d": {
        "x1": 946.8146944541305,
        "y1": 384.1963634855675,
        "x2": 1279.356147,
        "y2": 543.374626
      }
    },
    {
      "id": "5830",
      "attributes": {
        "occluded": true,
        "truncated": true,
        "trafficLightColor": "NA"
      },
      "category": "car",
      "box2d": {
        "x1": 1206.6627272654307,
        "y1": 523.12464,
        "x2": 1279.356147,
        "y2": 599.859710555675
      }
    }
  ],
  "attributes": {
    "weather": "clear",
    "timeofday": "daytime",
    "scene": "highway"
  },
  "processing_info": {
    "processed_at": "2025-07-07T01:09:17.537360",
    "source": "bdd100k_complete_preprocessing_refactored"
  }
}