{
  "image_filename": "00d8944b-e157478b.jpg",
  "video_name": "00d8944b-e157478b.jpg",
  "frame_index": 0,
  "metadata": {
    "weather": "partly cloudy",
    "scene": "city street",
    "timeofday": "daytime"
  },
  "labels": [
    {
      "id": "5882",
      "attributes": {
        "occluded": false,
        "truncated": false,
        "trafficLightColor": "NA"
      },
      "category": "traffic sign",
      "box2d": {
        "x1": 212.345268,
        "y1": 79.529585,
        "x2": 274.997199,
        "y2": 163.662177
      }
    },
    {
      "id": "5883",
      "attributes": {
        "occluded": false,
        "truncated": false,
        "trafficLightColor": "NA"
      },
      "category": "traffic sign",
      "box2d": {
        "x1": 885.406012,
        "y1": 254.954991,
        "x2": 905.09662,
        "y2": 278.225709
      }
    },
    {
      "id": "5884",
      "attributes": {
        "occluded": false,
        "truncated": false,
        "trafficLightColor": "NA"
      },
      "category": "traffic sign",
      "box2d": {
        "x1": 885.406012,
        "y1": 310.4467,
        "x2": 908.67673,
        "y2": 317.606921
      }
    },
    {
      "id": "5885",
      "attributes": {
        "occluded": false,
        "truncated": false,
        "trafficLightColor": "NA"
      },
      "category": "traffic sign",
      "box2d": {
        "x1": 892.566231,
        "y1": 319.396977,
        "x2": 903.306563,
        "y2": 333.717417
      }
    },
    {
      "id": "5886",
      "attributes": {
        "occluded": false,
        "truncated": false,
        "trafficLightColor": "NA"
      },
      "category": "traffic sign",
      "box2d": {
        "x1": 969.538604,
        "y1": 288.966038,
        "x2": 998.179487,
        "y2": 301.496424
      }
    },
    {
      "id": "5887",
      "attributes": {
        "occluded": true,
        "truncated": false,
        "trafficLightColor": "NA"
      },
      "category": "traffic sign",
      "box2d": {
        "x1": 778.002701,
        "y1": 274.645598,
        "x2": 844.234742,
        "y2": 310.4467
      }
    },
    {
      "id": "5888",
      "attributes": {
        "occluded": false,
        "truncated": false,
        "trafficLightColor": "NA"
      },
      "category": "traffic sign",
      "box2d": {
        "x1": 509.494425,
        "y1": 305.076537,
        "x2": 527.394975,
        "y2": 330.137309
      }
    },
    {
      "id": "5889",
      "attributes": {
        "occluded": true,
        "truncated": false,
        "trafficLightColor": "NA"
      },
      "category": "car",
      "box2d": {
        "x1": 498.754093,
        "y1": 349.827915,
        "x2": 516.654645,
        "y2": 362.358301
      }
    },
    {
      "id": "5890",
      "attributes": {
        "occluded": true,
        "truncated": false,
        "trafficLightColor": "NA"
      },
      "category": "car",
      "box2d": {
        "x1": 473.693324,
        "y1": 344.457749,
        "x2": 491.593874,
        "y2": 364.148355
      }
    },
    {
      "id": "5891",
      "attributes": {
        "occluded": true,
        "truncated": false,
        "trafficLightColor": "NA"
      },
      "category": "car",
      "box2d": {
        "x1": 446.842495,
        "y1": 339.087584,
        "x2": 475.483377,
        "y2": 367.728469
      }
    },
    {
      "id": "5892",
      "attributes": {
        "occluded": true,
        "truncated": false,
        "trafficLightColor": "NA"
      },
      "category": "car",
      "box2d": {
        "x1": 407.46128,
        "y1": 348.03786,
        "x2": 443.262383,
        "y2": 369.518522
      }
    },
    {
      "id": "5893",
      "attributes": {
        "occluded": true,
        "truncated": false,
        "trafficLightColor": "NA"
      },
      "category": "truck",
      "box2d": {
        "x1": 296.477861,
        "y1": 283.595874,
        "x2": 382.400509,
        "y2": 383.838963
      }
    },
    {
      "id": "5894",
      "attributes": {
        "occluded": true,
        "truncated": false,
        "trafficLightColor": "NA"
      },
      "category": "car",
      "box2d": {
        "x1": 208.765158,
        "y1": 342.667695,
        "x2": 303.638082,
        "y2": 392.78924
      }
    },
    {
      "id": "5895",
      "attributes": {
        "occluded": true,
        "truncated": false,
        "trafficLightColor": "NA"
      },
      "category": "car",
      "box2d": {
        "x1": 192.654661,
        "y1": 328.347253,
        "x2": 260.676757,
        "y2": 371.308577
      }
    },
    {
      "id": "5896",
      "attributes": {
        "occluded": false,
        "truncated": false,
        "trafficLightColor": "NA"
      },
      "category": "car",
      "box2d": {
        "x1": 49.450248,
        "y1": 344.457749,
        "x2": 212.34526499999998,
        "y2": 419.640065
      }
    },
    {
      "id": "5897",
      "attributes": {
        "occluded": true,
        "truncated": true,
        "trafficLightColor": "NA"
      },
      "category": "car",
      "box2d": {
        "x1": 1.118757,
        "y1": 331.927363,
        "x2": 87.041405,
        "y2": 417.850012
      }
    },
    {
      "id": "5898",
      "attributes": {
        "occluded": false,
        "truncated": false,
        "trafficLightColor": "NA"
      },
      "category": "traffic sign",
      "box2d": {
        "x1": 38.709916,
        "y1": 292.546148,
        "x2": 65.560742,
        "y2": 305.076537
      }
    },
    {
      "id": "5899",
      "attributes": {
        "occluded": true,
        "truncated": false,
        "trafficLightColor": "NA"
      },
      "category": "car",
      "box2d": {
        "x1": 541.715418,
        "y1": 344.457749,
        "x2": 579.306576,
        "y2": 378.468797
      }
    },
    {
      "id": "5900",
      "attributes": {
        "occluded": true,
        "truncated": false,
        "trafficLightColor": "NA"
      },
      "category": "car",
      "box2d": {
        "x1": 702.820384,
        "y1": 336.85562876286093,
        "x2": 797.693308,
        "y2": 426.800287
      }
    },
    {
      "id": "5901",
      "attributes": {
        "occluded": true,
        "truncated": false,
        "trafficLightColor": "NA"
      },
      "category": "car",
      "box2d": {
        "x1": 803.063473,
        "y1": 364.148356,
        "x2": 885.406011,
        "y2": 417.85001
      }
    },
    {
      "id": "5902",
      "attributes": {
        "occluded": true,
        "truncated": false,
        "trafficLightColor": "NA"
      },
      "category": "car",
      "box2d": {
        "x1": 967.748548,
        "y1": 353.408025,
        "x2": 1084.102136,
        "y2": 398.159403
      }
    },
    {
      "id": "5903",
      "attributes": {
        "occluded": false,
        "truncated": false,
        "trafficLightColor": "NA"
      },
      "category": "car",
      "box2d": {
        "x1": 854.975073,
        "y1": 364.148356,
        "x2": 987.439156,
        "y2": 439.330672
      }
    },
    {
      "id": "5904",
      "attributes": {
        "occluded": false,
        "truncated": false,
        "trafficLightColor": "NA"
      },
      "category": "car",
      "box2d": {
        "x1": 570.356301,
        "y1": 309.5032042564083,
        "x2": 701.030332,
        "y2": 441.120729
      }
    },
    {
      "id": "5905",
      "attributes": {
        "occluded": false,
        "truncated": true,
        "trafficLightColor": "NA"
      },
      "category": "car",
      "box2d": {
        "x1": 1195.0905476665469,
        "y1": 383.10092532717124,
        "x2": 1280.0,
        "y2": 524.5152823271712
      }
    }
  ],
  "attributes": {
    "weather": "partly cloudy",
    "timeofday": "daytime",
    "scene": "city street"
  },
  "processing_info": {
    "processed_at": "2025-07-07T01:09:16.862792",
    "source": "bdd100k_complete_preprocessing_refactored"
  }
}