{
  "image_filename": "00de601c-858a8a8d.jpg",
  "video_name": "00de601c-858a8a8d.jpg",
  "frame_index": 0,
  "metadata": {
    "weather": "overcast",
    "scene": "highway",
    "timeofday": "daytime"
  },
  "labels": [
    {
      "id": "6023",
      "attributes": {
        "occluded": false,
        "truncated": false,
        "trafficLightColor": "NA"
      },
      "category": "traffic sign",
      "box2d": {
        "x1": 634.867346,
        "y1": 390.737265,
        "x2": 678.462,
        "y2": 410.112667
      }
    },
    {
      "id": "6024",
      "attributes": {
        "occluded": true,
        "truncated": false,
        "trafficLightColor": "NA"
      },
      "category": "pedestrian",
      "box2d": {
        "x1": 621.304576,
        "y1": 437.561155,
        "x2": 635.836126,
        "y2": 447.248854
      }
    },
    {
      "id": "6025",
      "attributes": {
        "occluded": true,
        "truncated": false,
        "trafficLightColor": "NA"
      },
      "category": "pedestrian",
      "box2d": {
        "x1": 605.158407,
        "y1": 437.561155,
        "x2": 619.689956,
        "y2": 445.634238
      }
    },
    {
      "id": "6026",
      "attributes": {
        "occluded": true,
        "truncated": false,
        "trafficLightColor": "NA"
      },
      "category": "pedestrian",
      "box2d": {
        "x1": 587.397623,
        "y1": 437.561155,
        "x2": 600.314557,
        "y2": 444.019621
      }
    },
    {
      "id": "6027",
      "attributes": {
        "occluded": true,
        "truncated": false,
        "trafficLightColor": "NA"
      },
      "category": "pedestrian",
      "box2d": {
        "x1": 572.866071,
        "y1": 437.561155,
        "x2": 585.783005,
        "y2": 444.019621
      }
    },
    {
      "id": "6028",
      "attributes": {
        "occluded": true,
        "truncated": false,
        "trafficLightColor": "NA"
      },
      "category": "pedestrian",
      "box2d": {
        "x1": 532.500651,
        "y1": 435.946534,
        "x2": 547.032203,
        "y2": 447.24885
      }
    },
    {
      "id": "6029",
      "attributes": {
        "occluded": true,
        "truncated": false,
        "trafficLightColor": "NA"
      },
      "category": "car",
      "box2d": {
        "x1": 645.308548,
        "y1": 428.949873,
        "x2": 690.517821,
        "y2": 474.159144
      }
    },
    {
      "id": "6030",
      "attributes": {
        "occluded": true,
        "truncated": false,
        "trafficLightColor": "NA"
      },
      "category": "car",
      "box2d": {
        "x1": 738.95632,
        "y1": 434.870142,
        "x2": 768.019424,
        "y2": 470.929909
      }
    },
    {
      "id": "6031",
      "attributes": {
        "occluded": true,
        "truncated": false,
        "trafficLightColor": "NA"
      },
      "category": "bus",
      "box2d": {
        "x1": 696.976288,
        "y1": 418.18575,
        "x2": 754.026049,
        "y2": 434.33192
      }
    },
    {
      "id": "6032",
      "attributes": {
        "occluded": true,
        "truncated": false,
        "trafficLightColor": "NA"
      },
      "category": "car",
      "box2d": {
        "x1": 755.640664,
        "y1": 419.800368,
        "x2": 791.162232,
        "y2": 461.780406
      }
    },
    {
      "id": "6033",
      "attributes": {
        "occluded": false,
        "truncated": false,
        "trafficLightColor": "NA"
      },
      "category": "car",
      "box2d": {
        "x1": 127.554727,
        "y1": 421.953207,
        "x2": 219.587885,
        "y2": 463.933243
      }
    },
    {
      "id": "6034",
      "attributes": {
        "occluded": false,
        "truncated": false,
        "trafficLightColor": "NA"
      },
      "category": "car",
      "box2d": {
        "x1": 250.265604,
        "y1": 428.411675,
        "x2": 295.474878,
        "y2": 449.401693
      }
    },
    {
      "id": "6035",
      "attributes": {
        "occluded": true,
        "truncated": false,
        "trafficLightColor": "NA"
      },
      "category": "car",
      "box2d": {
        "x1": 314.850277,
        "y1": 431.640908,
        "x2": 385.893416,
        "y2": 457.743864
      }
    },
    {
      "id": "6036",
      "attributes": {
        "occluded": true,
        "truncated": false,
        "trafficLightColor": "NA"
      },
      "category": "car",
      "box2d": {
        "x1": 397.195735,
        "y1": 430.026293,
        "x2": 448.863472,
        "y2": 452.630928
      }
    },
    {
      "id": "6037",
      "attributes": {
        "occluded": true,
        "truncated": false,
        "trafficLightColor": "NA"
      },
      "category": "car",
      "box2d": {
        "x1": 503.760443,
        "y1": 434.870142,
        "x2": 534.438162,
        "y2": 451.016309
      }
    },
    {
      "id": "6038",
      "attributes": {
        "occluded": false,
        "truncated": false,
        "trafficLightColor": "NA"
      },
      "category": "car",
      "box2d": {
        "x1": 872.969493,
        "y1": 439.713992,
        "x2": 965.002651,
        "y2": 491.381729
      }
    },
    {
      "id": "6039",
      "attributes": {
        "occluded": false,
        "truncated": false,
        "trafficLightColor": "NA"
      },
      "category": "car",
      "box2d": {
        "x1": 795.467884,
        "y1": 442.943224,
        "x2": 835.833306,
        "y2": 468.777092
      }
    },
    {
      "id": "6040",
      "attributes": {
        "occluded": false,
        "truncated": false,
        "trafficLightColor": "NA"
      },
      "category": "car",
      "box2d": {
        "x1": 646.92314,
        "y1": 431.640908,
        "x2": 766.404784,
        "y2": 526.903299
      }
    },
    {
      "id": "6041",
      "attributes": {
        "occluded": false,
        "truncated": false,
        "trafficLightColor": "NA"
      },
      "category": "traffic sign",
      "box2d": {
        "x1": 889.115662,
        "y1": 413.880124,
        "x2": 910.105681,
        "y2": 433.255526
      }
    },
    {
      "id": "6042",
      "attributes": {
        "occluded": true,
        "truncated": false,
        "trafficLightColor": "NA"
      },
      "category": "car",
      "box2d": {
        "x1": 547.355097,
        "y1": 436.753845,
        "x2": 568.345116,
        "y2": 449.67078
      }
    }
  ],
  "attributes": {
    "weather": "overcast",
    "timeofday": "daytime",
    "scene": "highway"
  },
  "processing_info": {
    "processed_at": "2025-07-07T01:09:14.325685",
    "source": "bdd100k_complete_preprocessing_refactored"
  }
}