{
  "image_filename": "00f7eac8-5193d600.jpg",
  "video_name": "00f7eac8-5193d600.jpg",
  "frame_index": 0,
  "metadata": {
    "weather": "overcast",
    "scene": "city street",
    "timeofday": "daytime"
  },
  "labels": [
    {
      "id": "6492",
      "attributes": {
        "occluded": false,
        "truncated": true,
        "trafficLightColor": "Y"
      },
      "category": "traffic light",
      "box2d": {
        "x1": 261.928408,
        "y1": 0.0,
        "x2": 286.228408,
        "y2": 31.973684
      }
    },
    {
      "id": "6493",
      "attributes": {
        "occluded": false,
        "truncated": true,
        "trafficLightColor": "NA"
      },
      "category": "traffic light",
      "box2d": {
        "x1": 293.90209,
        "y1": 0.0,
        "x2": 323.317881,
        "y2": 40.926317
      }
    },
    {
      "id": "6494",
      "attributes": {
        "occluded": false,
        "truncated": false,
        "trafficLightColor": "NA"
      },
      "category": "traffic light",
      "box2d": {
        "x1": 200.538932,
        "y1": 166.263159,
        "x2": 213.328407,
        "y2": 196.957896
      }
    },
    {
      "id": "6495",
      "attributes": {
        "occluded": false,
        "truncated": false,
        "trafficLightColor": "R"
      },
      "category": "traffic light",
      "box2d": {
        "x1": 658.402094,
        "y1": 228.931581,
        "x2": 677.586305,
        "y2": 248.115792
      }
    },
    {
      "id": "6496",
      "attributes": {
        "occluded": false,
        "truncated": false,
        "trafficLightColor": "R"
      },
      "category": "traffic light",
      "box2d": {
        "x1": 1015.228411,
        "y1": 104.873685,
        "x2": 1030.575779,
        "y2": 143.242107
      }
    },
    {
      "id": "6497",
      "attributes": {
        "occluded": false,
        "truncated": false,
        "trafficLightColor": "NA"
      },
      "category": "traffic sign",
      "box2d": {
        "x1": 189.028407,
        "y1": 196.957896,
        "x2": 218.444197,
        "y2": 208.468422
      }
    },
    {
      "id": "6498",
      "attributes": {
        "occluded": false,
        "truncated": false,
        "trafficLightColor": "NA"
      },
      "category": "traffic sign",
      "box2d": {
        "x1": 932.096831,
        "y1": 181.610527,
        "x2": 964.070516,
        "y2": 225.094737
      }
    },
    {
      "id": "6499",
      "attributes": {
        "occluded": false,
        "truncated": false,
        "trafficLightColor": "NA"
      },
      "category": "traffic sign",
      "box2d": {
        "x1": 941.049464,
        "y1": 292.878949,
        "x2": 952.55999,
        "y2": 308.226317
      }
    },
    {
      "id": "6500",
      "attributes": {
        "occluded": false,
        "truncated": false,
        "trafficLightColor": "NA"
      },
      "category": "traffic sign",
      "box2d": {
        "x1": 938.491568,
        "y1": 309.505266,
        "x2": 952.55999,
        "y2": 326.131582
      }
    },
    {
      "id": "6501",
      "attributes": {
        "occluded": true,
        "truncated": false,
        "trafficLightColor": "NA"
      },
      "category": "truck",
      "box2d": {
        "x1": 348.984967,
        "y1": 222.536843,
        "x2": 406.675661,
        "y2": 274.717589
      }
    },
    {
      "id": "6502",
      "attributes": {
        "occluded": true,
        "truncated": false,
        "trafficLightColor": "NA"
      },
      "category": "car",
      "box2d": {
        "x1": 1021.623149,
        "y1": 292.878949,
        "x2": 1043.365254,
        "y2": 329.968424
      }
    },
    {
      "id": "6503",
      "attributes": {
        "occluded": true,
        "truncated": true,
        "trafficLightColor": "NA"
      },
      "category": "car",
      "box2d": {
        "x1": 1259.507358,
        "y1": 292.878949,
        "x2": 1278.69157,
        "y2": 318.457896
      }
    },
    {
      "id": "6504",
      "attributes": {
        "occluded": true,
        "truncated": false,
        "trafficLightColor": "NA"
      },
      "category": "car",
      "box2d": {
        "x1": 1244.15999,
        "y1": 292.878949,
        "x2": 1273.784273,
        "y2": 318.922139
      }
    },
    {
      "id": "6505",
      "attributes": {
        "occluded": true,
        "truncated": false,
        "trafficLightColor": "NA"
      },
      "category": "car",
      "box2d": {
        "x1": 1218.581043,
        "y1": 294.157896,
        "x2": 1244.159992,
        "y2": 321.015792
      }
    },
    {
      "id": "6506",
      "attributes": {
        "occluded": true,
        "truncated": false,
        "trafficLightColor": "NA"
      },
      "category": "car",
      "box2d": {
        "x1": 1203.233675,
        "y1": 296.715791,
        "x2": 1230.091571,
        "y2": 322.29474
      }
    },
    {
      "id": "6507",
      "attributes": {
        "occluded": false,
        "truncated": false,
        "trafficLightColor": "NA"
      },
      "category": "car",
      "box2d": {
        "x1": 1129.054727,
        "y1": 280.089475,
        "x2": 1205.791571,
        "y2": 324.852633
      }
    },
    {
      "id": "6508",
      "attributes": {
        "occluded": true,
        "truncated": false,
        "trafficLightColor": "NA"
      },
      "category": "pedestrian",
      "box2d": {
        "x1": 1065.107357,
        "y1": 290.321054,
        "x2": 1076.617885,
        "y2": 304.389475
      }
    },
    {
      "id": "6509",
      "attributes": {
        "occluded": true,
        "truncated": false,
        "trafficLightColor": "NA"
      },
      "category": "pedestrian",
      "box2d": {
        "x1": 1088.128411,
        "y1": 289.042107,
        "x2": 1108.591569,
        "y2": 327.410529
      }
    },
    {
      "id": "6510",
      "attributes": {
        "occluded": true,
        "truncated": false,
        "trafficLightColor": "NA"
      },
      "category": "car",
      "box2d": {
        "x1": 1039.528412,
        "y1": 285.205265,
        "x2": 1098.35999,
        "y2": 326.131582
      }
    },
    {
      "id": "6511",
      "attributes": {
        "occluded": true,
        "truncated": false,
        "trafficLightColor": "NA"
      },
      "category": "car",
      "box2d": {
        "x1": 1090.686306,
        "y1": 273.694738,
        "x2": 1141.8442,
        "y2": 326.13158
      }
    },
    {
      "id": "6512",
      "attributes": {
        "occluded": true,
        "truncated": false,
        "trafficLightColor": "NA"
      },
      "category": "car",
      "box2d": {
        "x1": 916.306220966164,
        "y1": 281.368423,
        "x2": 1019.065253,
        "y2": 332.526317
      }
    },
    {
      "id": "6513",
      "attributes": {
        "occluded": false,
        "truncated": false,
        "trafficLightColor": "NA"
      },
      "category": "car",
      "box2d": {
        "x1": 446.096829,
        "y1": 246.38222462613294,
        "x2": 537.5803431845119,
        "y2": 329.968424
      }
    },
    {
      "id": "6514",
      "attributes": {
        "occluded": false,
        "truncated": false,
        "trafficLightColor": "NA"
      },
      "category": "pedestrian",
      "box2d": {
        "x1": 256.812617,
        "y1": 243.000002,
        "x2": 282.391566,
        "y2": 296.715791
      }
    },
    {
      "id": "6515",
      "attributes": {
        "occluded": false,
        "truncated": false,
        "trafficLightColor": "NA"
      },
      "category": "pedestrian",
      "box2d": {
        "x1": 589.338935,
        "y1": 263.463158,
        "x2": 614.917882,
        "y2": 317.178948
      }
    },
    {
      "id": "6516",
      "attributes": {
        "occluded": false,
        "truncated": false,
        "trafficLightColor": "NA"
      },
      "category": "traffic sign",
      "box2d": {
        "x1": 1056.154726,
        "y1": 196.957896,
        "x2": 1079.17578,
        "y2": 228.931581
      }
    },
    {
      "id": "6517",
      "attributes": {
        "occluded": true,
        "truncated": false,
        "trafficLightColor": "NA"
      },
      "category": "pedestrian",
      "box2d": {
        "x1": 336.747547,
        "y1": 240.25301,
        "x2": 343.740358,
        "y2": 275.217067
      }
    }
  ],
  "attributes": {
    "weather": "overcast",
    "timeofday": "daytime",
    "scene": "city street"
  },
  "processing_info": {
    "processed_at": "2025-07-07T01:09:12.508756",
    "source": "bdd100k_complete_preprocessing_refactored"
  }
}