{
  "image_filename": "010fc651-19922861.jpg",
  "video_name": "010fc651",
  "frame_index": 19922861,
  "metadata": {
    "weather": "clear",
    "scene": "city street",
    "timeofday": "daytime"
  },
  "labels": [
    {
      "id": "7165",
      "attributes": {
        "occluded": false,
        "truncated": false,
        "trafficLightColor": "R"
      },
      "category": "traffic light",
      "box2d": {
        "x1": 323.049631,
        "y1": 69.428603,
        "x2": 339.580252,
        "y2": 116.81638
      }
    },
    {
      "id": "7166",
      "attributes": {
        "occluded": false,
        "truncated": false,
        "trafficLightColor": "R"
      },
      "category": "traffic light",
      "box2d": {
        "x1": 568.804843,
        "y1": 36.367363,
        "x2": 587.539546,
        "y2": 83.75514
      }
    },
    {
      "id": "7167",
      "attributes": {
        "occluded": false,
        "truncated": false,
        "trafficLightColor": "R"
      },
      "category": "traffic light",
      "box2d": {
        "x1": 787.009022,
        "y1": 84.857181,
        "x2": 809.04985,
        "y2": 138.857205
      }
    },
    {
      "id": "7168",
      "attributes": {
        "occluded": false,
        "truncated": false,
        "trafficLightColor": "NA"
      },
      "category": "traffic light",
      "box2d": {
        "x1": 588.641587,
        "y1": 37.469406,
        "x2": 606.274249,
        "y2": 90.36739
      }
    },
    {
      "id": "7169",
      "attributes": {
        "occluded": false,
        "truncated": false,
        "trafficLightColor": "NA"
      },
      "category": "traffic light",
      "box2d": {
        "x1": 19.988271,
        "y1": 113.510255,
        "x2": 36.518892,
        "y2": 145.469453
      }
    },
    {
      "id": "7170",
      "attributes": {
        "occluded": false,
        "truncated": true,
        "trafficLightColor": "NA"
      },
      "category": "car",
      "box2d": {
        "x1": 0.151527,
        "y1": 245.33020829896168,
        "x2": 225.1314940146488,
        "y2": 505.396144
      }
    },
    {
      "id": "7171",
      "attributes": {
        "occluded": true,
        "truncated": false,
        "trafficLightColor": "NA"
      },
      "category": "pedestrian",
      "box2d": {
        "x1": 155.539352,
        "y1": 223.714386,
        "x2": 241.498573,
        "y2": 380.204252
      }
    },
    {
      "id": "7172",
      "attributes": {
        "occluded": true,
        "truncated": false,
        "trafficLightColor": "NA"
      },
      "category": "traffic sign",
      "box2d": {
        "x1": 239.457833,
        "y1": 62.029181,
        "x2": 270.314991,
        "y2": 145.784321
      }
    },
    {
      "id": "7173",
      "attributes": {
        "occluded": true,
        "truncated": false,
        "trafficLightColor": "NA"
      },
      "category": "bus",
      "box2d": {
        "x1": 28.804601,
        "y1": 235.836841,
        "x2": 165.457725,
        "y2": 313.71126956509335
      }
    },
    {
      "id": "7174",
      "attributes": {
        "occluded": true,
        "truncated": false,
        "trafficLightColor": "NA"
      },
      "category": "car",
      "box2d": {
        "x1": 209.539377,
        "y1": 251.265419,
        "x2": 250.314905,
        "y2": 281.020534
      }
    },
    {
      "id": "7175",
      "attributes": {
        "occluded": true,
        "truncated": false,
        "trafficLightColor": "NA"
      },
      "category": "car",
      "box2d": {
        "x1": 254.723069,
        "y1": 264.489915,
        "x2": 296.600639,
        "y2": 297.551155
      }
    },
    {
      "id": "7176",
      "attributes": {
        "occluded": true,
        "truncated": false,
        "trafficLightColor": "NA"
      },
      "category": "car",
      "box2d": {
        "x1": 274.559813,
        "y1": 254.571542,
        "x2": 303.212887,
        "y2": 270.00012
      }
    },
    {
      "id": "7177",
      "attributes": {
        "occluded": true,
        "truncated": false,
        "trafficLightColor": "NA"
      },
      "category": "truck",
      "box2d": {
        "x1": 303.212887,
        "y1": 218.204179,
        "x2": 363.82516,
        "y2": 267.796038
      }
    },
    {
      "id": "7178",
      "attributes": {
        "occluded": true,
        "truncated": false,
        "trafficLightColor": "NA"
      },
      "category": "truck",
      "box2d": {
        "x1": 408.18233494244737,
        "y1": 128.55639598295227,
        "x2": 563.074232,
        "y2": 330.612393
      }
    },
    {
      "id": "7179",
      "attributes": {
        "occluded": true,
        "truncated": false,
        "trafficLightColor": "NA"
      },
      "category": "car",
      "box2d": {
        "x1": 1095.360185,
        "y1": 246.857253,
        "x2": 1128.421425,
        "y2": 274.408286
      }
    },
    {
      "id": "7180",
      "attributes": {
        "occluded": true,
        "truncated": false,
        "trafficLightColor": "NA"
      },
      "category": "car",
      "box2d": {
        "x1": 1052.380574,
        "y1": 258.979708,
        "x2": 1090.952019,
        "y2": 282.122577
      }
    },
    {
      "id": "7181",
      "attributes": {
        "occluded": true,
        "truncated": false,
        "trafficLightColor": "NA"
      },
      "category": "car",
      "box2d": {
        "x1": 985.156056,
        "y1": 261.18379,
        "x2": 1032.543832,
        "y2": 288.734823
      }
    },
    {
      "id": "7182",
      "attributes": {
        "occluded": true,
        "truncated": false,
        "trafficLightColor": "NA"
      },
      "category": "car",
      "box2d": {
        "x1": 454.4710533379826,
        "y1": 223.714386,
        "x2": 938.3985638367604,
        "y2": 564.0911554318523
      }
    }
  ],
  "attributes": {
    "weather": "clear",
    "timeofday": "daytime",
    "scene": "city street"
  },
  "processing_info": {
    "processed_at": "2025-07-07T01:09:12.413382",
    "source": "bdd100k_complete_preprocessing_refactored"
  }
}