{
  "image_filename": "01118704-2d838d7f.jpg",
  "video_name": "01118704-2d838d7f.jpg",
  "frame_index": 0,
  "metadata": {
    "weather": "clear",
    "scene": "highway",
    "timeofday": "daytime"
  },
  "labels": [
    {
      "id": "7292",
      "attributes": {
        "occluded": false,
        "truncated": false,
        "trafficLightColor": "NA"
      },
      "category": "traffic sign",
      "box2d": {
        "x1": 538.34718,
        "y1": 184.040899,
        "x2": 639.734981,
        "y2": 222.612346
      }
    },
    {
      "id": "7293",
      "attributes": {
        "occluded": false,
        "truncated": false,
        "trafficLightColor": "NA"
      },
      "category": "traffic sign",
      "box2d": {
        "x1": 539.449222,
        "y1": 221.510304,
        "x2": 638.632938,
        "y2": 253.4695
      }
    },
    {
      "id": "7294",
      "attributes": {
        "occluded": false,
        "truncated": false,
        "trafficLightColor": "NA"
      },
      "category": "traffic sign",
      "box2d": {
        "x1": 541.653304,
        "y1": 249.061335,
        "x2": 644.143146,
        "y2": 293.142989
      }
    },
    {
      "id": "7295",
      "attributes": {
        "occluded": true,
        "truncated": false,
        "trafficLightColor": "NA"
      },
      "category": "traffic sign",
      "box2d": {
        "x1": 680.51051,
        "y1": 294.24503,
        "x2": 713.571749,
        "y2": 350.449138
      }
    },
    {
      "id": "7296",
      "attributes": {
        "occluded": false,
        "truncated": false,
        "trafficLightColor": "G"
      },
      "category": "traffic light",
      "box2d": {
        "x1": 190.363864,
        "y1": 299.314422,
        "x2": 200.282234,
        "y2": 319.151164
      }
    },
    {
      "id": "7297",
      "attributes": {
        "occluded": false,
        "truncated": false,
        "trafficLightColor": "G"
      },
      "category": "traffic light",
      "box2d": {
        "x1": 69.139321,
        "y1": 324.661373,
        "x2": 79.057693,
        "y2": 340.08995
      }
    },
    {
      "id": "7298",
      "attributes": {
        "occluded": true,
        "truncated": false,
        "trafficLightColor": "NA"
      },
      "category": "traffic sign",
      "box2d": {
        "x1": 151.609397,
        "y1": 358.793169,
        "x2": 161.527769,
        "y2": 367.6095
      }
    },
    {
      "id": "7299",
      "attributes": {
        "occluded": true,
        "truncated": false,
        "trafficLightColor": "NA"
      },
      "category": "bus",
      "box2d": {
        "x1": 455.772799,
        "y1": 374.379187,
        "x2": 505.364658,
        "y2": 396.420014
      }
    },
    {
      "id": "7300",
      "attributes": {
        "occluded": false,
        "truncated": false,
        "trafficLightColor": "NA"
      },
      "category": "car",
      "box2d": {
        "x1": 52.425678,
        "y1": 375.008922,
        "x2": 114.139992,
        "y2": 415.784451
      }
    },
    {
      "id": "7301",
      "attributes": {
        "occluded": false,
        "truncated": false,
        "trafficLightColor": "NA"
      },
      "category": "car",
      "box2d": {
        "x1": 121.854282,
        "y1": 354.070136,
        "x2": 303.691098,
        "y2": 492.927342
      }
    },
    {
      "id": "7302",
      "attributes": {
        "occluded": false,
        "truncated": false,
        "trafficLightColor": "NA"
      },
      "category": "car",
      "box2d": {
        "x1": 299.282933,
        "y1": 363.988508,
        "x2": 353.282959,
        "y2": 408.07016
      }
    }
  ],
  "attributes": {
    "weather": "clear",
    "timeofday": "daytime",
    "scene": "highway"
  },
  "processing_info": {
    "processed_at": "2025-07-07T01:09:15.795433",
    "source": "bdd100k_complete_preprocessing_refactored"
  }
}