{
  "image_filename": "011d593a-89158b9d.jpg",
  "video_name": "011d593a-89158b9d.jpg",
  "frame_index": 0,
  "metadata": {
    "weather": "clear",
    "scene": "city street",
    "timeofday": "daytime"
  },
  "labels": [
    {
      "id": "7479",
      "attributes": {
        "occluded": false,
        "truncated": false,
        "trafficLightColor": "G"
      },
      "category": "traffic light",
      "box2d": {
        "x1": 756.231506,
        "y1": 23.962477,
        "x2": 774.793994,
        "y2": 81.337439
      }
    },
    {
      "id": "7480",
      "attributes": {
        "occluded": false,
        "truncated": false,
        "trafficLightColor": "G"
      },
      "category": "traffic light",
      "box2d": {
        "x1": 962.106366,
        "y1": 226.462338,
        "x2": 995.856342,
        "y2": 251.774823
      }
    },
    {
      "id": "7481",
      "attributes": {
        "occluded": false,
        "truncated": false,
        "trafficLightColor": "G"
      },
      "category": "traffic light",
      "box2d": {
        "x1": 432.231729,
        "y1": 233.212335,
        "x2": 438.981724,
        "y2": 248.399823
      }
    },
    {
      "id": "7482",
      "attributes": {
        "occluded": false,
        "truncated": false,
        "trafficLightColor": "G"
      },
      "category": "traffic light",
      "box2d": {
        "x1": 579.044128,
        "y1": 243.337328,
        "x2": 589.169122,
        "y2": 258.524817
      }
    },
    {
      "id": "7483",
      "attributes": {
        "occluded": false,
        "truncated": false,
        "trafficLightColor": "NA"
      },
      "category": "traffic light",
      "box2d": {
        "x1": 727.544026,
        "y1": 23.962477,
        "x2": 752.856511,
        "y2": 77.962442
      }
    },
    {
      "id": "7484",
      "attributes": {
        "occluded": false,
        "truncated": false,
        "trafficLightColor": "NA"
      },
      "category": "traffic light",
      "box2d": {
        "x1": 778.168991,
        "y1": 27.337476,
        "x2": 793.356481,
        "y2": 81.337439
      }
    },
    {
      "id": "7485",
      "attributes": {
        "occluded": false,
        "truncated": false,
        "trafficLightColor": "NA"
      },
      "category": "traffic sign",
      "box2d": {
        "x1": 388.356759,
        "y1": 233.212335,
        "x2": 417.044239,
        "y2": 245.024825
      }
    },
    {
      "id": "7486",
      "attributes": {
        "occluded": false,
        "truncated": false,
        "trafficLightColor": "NA"
      },
      "category": "traffic sign",
      "box2d": {
        "x1": 336.044294,
        "y1": 256.837318,
        "x2": 351.231784,
        "y2": 266.962312
      }
    },
    {
      "id": "7487",
      "attributes": {
        "occluded": false,
        "truncated": false,
        "trafficLightColor": "NA"
      },
      "category": "traffic sign",
      "box2d": {
        "x1": 869.293929,
        "y1": 229.837337,
        "x2": 884.481418,
        "y2": 245.024825
      }
    },
    {
      "id": "7488",
      "attributes": {
        "occluded": false,
        "truncated": false,
        "trafficLightColor": "NA"
      },
      "category": "traffic sign",
      "box2d": {
        "x1": 955.356369,
        "y1": 175.837374,
        "x2": 978.981352,
        "y2": 191.024864
      }
    },
    {
      "id": "7489",
      "attributes": {
        "occluded": false,
        "truncated": false,
        "trafficLightColor": "NA"
      },
      "category": "traffic sign",
      "box2d": {
        "x1": 930.043887,
        "y1": 165.71238,
        "x2": 948.606374,
        "y2": 180.89987
      }
    },
    {
      "id": "7490",
      "attributes": {
        "occluded": false,
        "truncated": false,
        "trafficLightColor": "NA"
      },
      "category": "traffic sign",
      "box2d": {
        "x1": 818.668963,
        "y1": 84.712437,
        "x2": 918.231394,
        "y2": 108.33742
      }
    },
    {
      "id": "7491",
      "attributes": {
        "occluded": false,
        "truncated": false,
        "trafficLightColor": "NA"
      },
      "category": "traffic sign",
      "box2d": {
        "x1": 725.856526,
        "y1": 245.024827,
        "x2": 746.106513,
        "y2": 272.024808
      }
    },
    {
      "id": "7492",
      "attributes": {
        "occluded": false,
        "truncated": false,
        "trafficLightColor": "NA"
      },
      "category": "traffic sign",
      "box2d": {
        "x1": 693.79405,
        "y1": 255.14982,
        "x2": 702.231543,
        "y2": 270.337308
      }
    },
    {
      "id": "7493",
      "attributes": {
        "occluded": false,
        "truncated": false,
        "trafficLightColor": "NA"
      },
      "category": "pedestrian",
      "box2d": {
        "x1": 334.356796,
        "y1": 282.149802,
        "x2": 347.856787,
        "y2": 310.83728
      }
    },
    {
      "id": "7494",
      "attributes": {
        "occluded": false,
        "truncated": false,
        "trafficLightColor": "NA"
      },
      "category": "pedestrian",
      "box2d": {
        "x1": 654.981577,
        "y1": 273.712307,
        "x2": 668.481568,
        "y2": 307.462283
      }
    },
    {
      "id": "7495",
      "attributes": {
        "occluded": true,
        "truncated": false,
        "trafficLightColor": "NA"
      },
      "category": "car",
      "box2d": {
        "x1": 336.044294,
        "y1": 277.087303,
        "x2": 373.169269,
        "y2": 297.337291
      }
    },
    {
      "id": "7496",
      "attributes": {
        "occluded": true,
        "truncated": false,
        "trafficLightColor": "NA"
      },
      "category": "car",
      "box2d": {
        "x1": 275.294338,
        "y1": 285.524798,
        "x2": 314.106811,
        "y2": 310.83728
      }
    },
    {
      "id": "7497",
      "attributes": {
        "occluded": true,
        "truncated": false,
        "trafficLightColor": "NA"
      },
      "category": "car",
      "box2d": {
        "x1": 386.669261,
        "y1": 273.712307,
        "x2": 406.919247,
        "y2": 293.962293
      }
    },
    {
      "id": "7498",
      "attributes": {
        "occluded": true,
        "truncated": false,
        "trafficLightColor": "NA"
      },
      "category": "car",
      "box2d": {
        "x1": 405.231747,
        "y1": 266.962312,
        "x2": 422.106736,
        "y2": 290.587295
      }
    },
    {
      "id": "7499",
      "attributes": {
        "occluded": true,
        "truncated": false,
        "trafficLightColor": "NA"
      },
      "category": "car",
      "box2d": {
        "x1": 491.294189,
        "y1": 273.712307,
        "x2": 504.79418,
        "y2": 287.212297
      }
    },
    {
      "id": "7500",
      "attributes": {
        "occluded": true,
        "truncated": false,
        "trafficLightColor": "NA"
      },
      "category": "car",
      "box2d": {
        "x1": 523.356665,
        "y1": 275.399807,
        "x2": 536.856657,
        "y2": 290.587295
      }
    },
    {
      "id": "7501",
      "attributes": {
        "occluded": true,
        "truncated": false,
        "trafficLightColor": "NA"
      },
      "category": "car",
      "box2d": {
        "x1": 536.856657,
        "y1": 273.712307,
        "x2": 563.856639,
        "y2": 290.587295
      }
    },
    {
      "id": "7502",
      "attributes": {
        "occluded": true,
        "truncated": false,
        "trafficLightColor": "NA"
      },
      "category": "car",
      "box2d": {
        "x1": 575.66913,
        "y1": 278.774803,
        "x2": 589.169122,
        "y2": 292.274795
      }
    },
    {
      "id": "7503",
      "attributes": {
        "occluded": true,
        "truncated": false,
        "trafficLightColor": "NA"
      },
      "category": "car",
      "box2d": {
        "x1": 641.481585,
        "y1": 283.8373,
        "x2": 690.419051,
        "y2": 307.462283
      }
    },
    {
      "id": "7504",
      "attributes": {
        "occluded": true,
        "truncated": false,
        "trafficLightColor": "NA"
      },
      "category": "car",
      "box2d": {
        "x1": 680.294058,
        "y1": 285.524798,
        "x2": 708.98154,
        "y2": 327.71227
      }
    },
    {
      "id": "7505",
      "attributes": {
        "occluded": true,
        "truncated": false,
        "trafficLightColor": "NA"
      },
      "category": "car",
      "box2d": {
        "x1": 690.419051,
        "y1": 288.899797,
        "x2": 739.356518,
        "y2": 334.462265
      }
    },
    {
      "id": "7506",
      "attributes": {
        "occluded": true,
        "truncated": false,
        "trafficLightColor": "NA"
      },
      "category": "car",
      "box2d": {
        "x1": 720.794031,
        "y1": 290.587295,
        "x2": 795.043981,
        "y2": 344.587258
      }
    },
    {
      "id": "7507",
      "attributes": {
        "occluded": true,
        "truncated": false,
        "trafficLightColor": "NA"
      },
      "category": "car",
      "box2d": {
        "x1": 222.981873,
        "y1": 283.8373,
        "x2": 282.044331,
        "y2": 331.087267
      }
    },
    {
      "id": "7508",
      "attributes": {
        "occluded": false,
        "truncated": false,
        "trafficLightColor": "NA"
      },
      "category": "truck",
      "box2d": {
        "x1": 501.41918,
        "y1": 270.337308,
        "x2": 516.60667,
        "y2": 292.274793
      }
    },
    {
      "id": "7509",
      "attributes": {
        "occluded": false,
        "truncated": false,
        "trafficLightColor": "NA"
      },
      "category": "car",
      "box2d": {
        "x1": 479.481697,
        "y1": 275.399807,
        "x2": 494.669185,
        "y2": 292.274795
      }
    },
    {
      "id": "7510",
      "attributes": {
        "occluded": false,
        "truncated": false,
        "trafficLightColor": "NA"
      },
      "category": "car",
      "box2d": {
        "x1": 427.169232,
        "y1": 278.774803,
        "x2": 454.169214,
        "y2": 299.02479
      }
    },
    {
      "id": "7511",
      "attributes": {
        "occluded": false,
        "truncated": false,
        "trafficLightColor": "NA"
      },
      "category": "car",
      "box2d": {
        "x1": 584.106625,
        "y1": 277.087303,
        "x2": 611.106607,
        "y2": 297.337291
      }
    },
    {
      "id": "7512",
      "attributes": {
        "occluded": false,
        "truncated": false,
        "trafficLightColor": "NA"
      },
      "category": "car",
      "box2d": {
        "x1": 521.589101,
        "y1": 289.194113,
        "x2": 572.294132,
        "y2": 329.399768
      }
    },
    {
      "id": "7513",
      "attributes": {
        "occluded": false,
        "truncated": false,
        "trafficLightColor": "NA"
      },
      "category": "car",
      "box2d": {
        "x1": 759.606505,
        "y1": 302.399787,
        "x2": 872.668926,
        "y2": 366.74616695059626
      }
    },
    {
      "id": "7514",
      "attributes": {
        "occluded": false,
        "truncated": false,
        "trafficLightColor": "NA"
      },
      "category": "car",
      "box2d": {
        "x1": 137.98977853492335,
        "y1": 287.212297,
        "x2": 236.481863,
        "y2": 341.21226
      }
    },
    {
      "id": "7515",
      "attributes": {
        "occluded": false,
        "truncated": true,
        "trafficLightColor": "NA"
      },
      "category": "car",
      "box2d": {
        "x1": 0.0,
        "y1": 287.212297,
        "x2": 118.356945,
        "y2": 361.462246
      }
    }
  ],
  "attributes": {
    "weather": "clear",
    "timeofday": "daytime",
    "scene": "city street"
  },
  "processing_info": {
    "processed_at": "2025-07-07T01:09:17.233683",
    "source": "bdd100k_complete_preprocessing_refactored"
  }
}