{
  "image_filename": "012a9c41-edad898c.jpg",
  "video_name": "012a9c41-edad898c.jpg",
  "frame_index": 0,
  "metadata": {
    "weather": "overcast",
    "scene": "parking lot",
    "timeofday": "dawn/dusk"
  },
  "labels": [
    {
      "id": "7941",
      "attributes": {
        "occluded": true,
        "truncated": false,
        "trafficLightColor": "NA"
      },
      "category": "car",
      "box2d": {
        "x1": 180.712432,
        "y1": 360.025825,
        "x2": 268.037344,
        "y2": 407.360824
      }
    },
    {
      "id": "7942",
      "attributes": {
        "occluded": true,
        "truncated": false,
        "trafficLightColor": "NA"
      },
      "category": "car",
      "box2d": {
        "x1": 0.0,
        "y1": 351.203936,
        "x2": 187.707754,
        "y2": 434.448244
      }
    },
    {
      "id": "7943",
      "attributes": {
        "occluded": true,
        "truncated": false,
        "trafficLightColor": "NA"
      },
      "category": "car",
      "box2d": {
        "x1": 252.725371,
        "y1": 339.506198,
        "x2": 337.601921,
        "y2": 414.5893
      }
    },
    {
      "id": "7944",
      "attributes": {
        "occluded": true,
        "truncated": false,
        "trafficLightColor": "NA"
      },
      "category": "car",
      "box2d": {
        "x1": 502.18626,
        "y1": 358.276973,
        "x2": 559.314706,
        "y2": 403.979731
      }
    },
    {
      "id": "7945",
      "attributes": {
        "occluded": true,
        "truncated": false,
        "trafficLightColor": "NA"
      },
      "category": "car",
      "box2d": {
        "x1": 537.82352,
        "y1": 338.690077,
        "x2": 659.4255,
        "y2": 450.498609
      }
    },
    {
      "id": "7946",
      "attributes": {
        "occluded": true,
        "truncated": false,
        "trafficLightColor": "NA"
      },
      "category": "car",
      "box2d": {
        "x1": 761.984681,
        "y1": 347.939453,
        "x2": 826.458213,
        "y2": 401.803417
      }
    },
    {
      "id": "7947",
      "attributes": {
        "occluded": true,
        "truncated": false,
        "trafficLightColor": "NA"
      },
      "category": "car",
      "box2d": {
        "x1": 830.538817,
        "y1": 356.10066,
        "x2": 863.183643,
        "y2": 400.171176
      }
    },
    {
      "id": "7948",
      "attributes": {
        "occluded": true,
        "truncated": false,
        "trafficLightColor": "NA"
      },
      "category": "car",
      "box2d": {
        "x1": 843.596747,
        "y1": 353.652298,
        "x2": 878.689936,
        "y2": 405.0679
      }
    },
    {
      "id": "7949",
      "attributes": {
        "occluded": true,
        "truncated": true,
        "trafficLightColor": "NA"
      },
      "category": "car",
      "box2d": {
        "x1": 1244.99208,
        "y1": 346.851284,
        "x2": 1279.269148,
        "y2": 379.496111
      }
    },
    {
      "id": "7950",
      "attributes": {
        "occluded": true,
        "truncated": true,
        "trafficLightColor": "NA"
      },
      "category": "car",
      "box2d": {
        "x1": 1102.170963,
        "y1": 346.851284,
        "x2": 1279.269148,
        "y2": 437.440678
      }
    },
    {
      "id": "7951",
      "attributes": {
        "occluded": false,
        "truncated": true,
        "trafficLightColor": "NA"
      },
      "category": "car",
      "box2d": {
        "x1": 1.224181,
        "y1": 368.886542,
        "x2": 177.506245,
        "y2": 524.76559
      }
    },
    {
      "id": "7952",
      "attributes": {
        "occluded": false,
        "truncated": false,
        "trafficLightColor": "NA"
      },
      "category": "car",
      "box2d": {
        "x1": 274.655208,
        "y1": 318.170472,
        "x2": 485.591804,
        "y2": 465.421964
      }
    },
    {
      "id": "7953",
      "attributes": {
        "occluded": false,
        "truncated": false,
        "trafficLightColor": "NA"
      },
      "category": "car",
      "box2d": {
        "x1": 616.754055,
        "y1": 353.613432,
        "x2": 819.968101,
        "y2": 509.49248
      }
    },
    {
      "id": "7954",
      "attributes": {
        "occluded": true,
        "truncated": false,
        "trafficLightColor": "NA"
      },
      "category": "car",
      "box2d": {
        "x1": 1134.815789,
        "y1": 336.649776,
        "x2": 1247.440442,
        "y2": 361.133396
      }
    },
    {
      "id": "7955",
      "attributes": {
        "occluded": true,
        "truncated": false,
        "trafficLightColor": "NA"
      },
      "category": "car",
      "box2d": {
        "x1": 853.984204,
        "y1": 336.0817717206133,
        "x2": 1134.729714,
        "y2": 511.321915
      }
    }
  ],
  "attributes": {
    "weather": "overcast",
    "timeofday": "dawn/dusk",
    "scene": "parking lot"
  },
  "processing_info": {
    "processed_at": "2025-07-07T01:09:16.171355",
    "source": "bdd100k_complete_preprocessing_refactored"
  }
}