{
  "image_filename": "012e0351-723ac360.jpg",
  "video_name": "012e0351-723ac360.jpg",
  "frame_index": 0,
  "metadata": {
    "weather": "undefined",
    "scene": "city street",
    "timeofday": "daytime"
  },
  "labels": [
    {
      "id": "8044",
      "attributes": {
        "occluded": false,
        "truncated": false,
        "trafficLightColor": "NA"
      },
      "category": "traffic sign",
      "box2d": {
        "x1": 398.74558,
        "y1": 132.568626,
        "x2": 427.920916,
        "y2": 167.886138
      }
    },
    {
      "id": "8045",
      "attributes": {
        "occluded": false,
        "truncated": false,
        "trafficLightColor": "NA"
      },
      "category": "traffic sign",
      "box2d": {
        "x1": 510.840292,
        "y1": 131.033082,
        "x2": 536.944542,
        "y2": 164.81505
      }
    },
    {
      "id": "8046",
      "attributes": {
        "occluded": false,
        "truncated": false,
        "trafficLightColor": "NA"
      },
      "category": "traffic sign",
      "box2d": {
        "x1": 621.399461,
        "y1": 129.497539,
        "x2": 649.039253,
        "y2": 163.279505
      }
    },
    {
      "id": "8047",
      "attributes": {
        "occluded": false,
        "truncated": false,
        "trafficLightColor": "NA"
      },
      "category": "traffic sign",
      "box2d": {
        "x1": 744.242981,
        "y1": 115.677642,
        "x2": 768.811685,
        "y2": 137.175258
      }
    },
    {
      "id": "8048",
      "attributes": {
        "occluded": false,
        "truncated": false,
        "trafficLightColor": "NA"
      },
      "category": "traffic sign",
      "box2d": {
        "x1": 747.314069,
        "y1": 160.752032,
        "x2": 770.826617,
        "y2": 195.198898
      }
    },
    {
      "id": "8049",
      "attributes": {
        "occluded": false,
        "truncated": false,
        "trafficLightColor": "NA"
      },
      "category": "traffic sign",
      "box2d": {
        "x1": 696.641118,
        "y1": 180.170488,
        "x2": 716.60319,
        "y2": 187.848208
      }
    },
    {
      "id": "8050",
      "attributes": {
        "occluded": false,
        "truncated": false,
        "trafficLightColor": "NA"
      },
      "category": "traffic sign",
      "box2d": {
        "x1": 672.072415,
        "y1": 226.236809,
        "x2": 684.356766,
        "y2": 247.734425
      }
    },
    {
      "id": "8051",
      "attributes": {
        "occluded": false,
        "truncated": false,
        "trafficLightColor": "NA"
      },
      "category": "traffic sign",
      "box2d": {
        "x1": 685.892312,
        "y1": 195.525927,
        "x2": 696.641119,
        "y2": 207.810279
      }
    },
    {
      "id": "8052",
      "attributes": {
        "occluded": false,
        "truncated": false,
        "trafficLightColor": "NA"
      },
      "category": "traffic sign",
      "box2d": {
        "x1": 656.716976,
        "y1": 236.985618,
        "x2": 672.072416,
        "y2": 249.269969
      }
    },
    {
      "id": "8053",
      "attributes": {
        "occluded": false,
        "truncated": false,
        "trafficLightColor": "G"
      },
      "category": "traffic light",
      "box2d": {
        "x1": 579.939773,
        "y1": 203.203648,
        "x2": 607.579567,
        "y2": 217.023544
      }
    },
    {
      "id": "8054",
      "attributes": {
        "occluded": false,
        "truncated": false,
        "trafficLightColor": "G"
      },
      "category": "traffic light",
      "box2d": {
        "x1": 526.195733,
        "y1": 207.81028,
        "x2": 549.228893,
        "y2": 217.023544
      }
    },
    {
      "id": "8055",
      "attributes": {
        "occluded": false,
        "truncated": false,
        "trafficLightColor": "R"
      },
      "category": "traffic light",
      "box2d": {
        "x1": 558.442157,
        "y1": 244.663337,
        "x2": 570.726508,
        "y2": 256.947689
      }
    },
    {
      "id": "8056",
      "attributes": {
        "occluded": true,
        "truncated": false,
        "trafficLightColor": "NA"
      },
      "category": "pedestrian",
      "box2d": {
        "x1": 788.773757,
        "y1": 249.269969,
        "x2": 811.806918,
        "y2": 307.620641
      }
    },
    {
      "id": "8057",
      "attributes": {
        "occluded": true,
        "truncated": false,
        "trafficLightColor": "NA"
      },
      "category": "traffic sign",
      "box2d": {
        "x1": 699.712205,
        "y1": 240.056706,
        "x2": 718.138734,
        "y2": 258.483234
      }
    },
    {
      "id": "8058",
      "attributes": {
        "occluded": false,
        "truncated": false,
        "trafficLightColor": "NA"
      },
      "category": "traffic light",
      "box2d": {
        "x1": 669.001327,
        "y1": 193.990383,
        "x2": 679.750134,
        "y2": 223.165721
      }
    },
    {
      "id": "8059",
      "attributes": {
        "occluded": true,
        "truncated": false,
        "trafficLightColor": "NA"
      },
      "category": "car",
      "box2d": {
        "x1": 549.228893,
        "y1": 269.232042,
        "x2": 576.868687,
        "y2": 319.904994
      }
    },
    {
      "id": "8060",
      "attributes": {
        "occluded": true,
        "truncated": false,
        "trafficLightColor": "NA"
      },
      "category": "car",
      "box2d": {
        "x1": 438.669723,
        "y1": 218.559089,
        "x2": 558.442157,
        "y2": 338.331521
      }
    },
    {
      "id": "8061",
      "attributes": {
        "occluded": true,
        "truncated": false,
        "trafficLightColor": "NA"
      },
      "category": "car",
      "box2d": {
        "x1": 300.470764,
        "y1": 256.3543441226576,
        "x2": 470.916149,
        "y2": 387.468928
      }
    },
    {
      "id": "8062",
      "attributes": {
        "occluded": true,
        "truncated": true,
        "trafficLightColor": "NA"
      },
      "category": "car",
      "box2d": {
        "x1": 0.0,
        "y1": 5.118472,
        "x2": 343.465997,
        "y2": 465.781673
      }
    },
    {
      "id": "8063",
      "attributes": {
        "occluded": false,
        "truncated": false,
        "trafficLightColor": "NA"
      },
      "category": "car",
      "box2d": {
        "x1": 564.584333,
        "y1": 246.54173764906304,
        "x2": 702.783293,
        "y2": 370.577945
      }
    }
  ],
  "attributes": {
    "weather": "undefined",
    "timeofday": "daytime",
    "scene": "city street"
  },
  "processing_info": {
    "processed_at": "2025-07-07T01:09:12.504636",
    "source": "bdd100k_complete_preprocessing_refactored"
  }
}