{
  "image_filename": "013ae324-36be6bc2.jpg",
  "video_name": "013ae324-36be6bc2.jpg",
  "frame_index": 0,
  "metadata": {
    "weather": "overcast",
    "scene": "city street",
    "timeofday": "dawn/dusk"
  },
  "labels": [
    {
      "id": "8426",
      "attributes": {
        "occluded": false,
        "truncated": false,
        "trafficLightColor": "G"
      },
      "category": "traffic light",
      "box2d": {
        "x1": 568.63254,
        "y1": 290.43718,
        "x2": 575.977632,
        "y2": 301.454818
      }
    },
    {
      "id": "8427",
      "attributes": {
        "occluded": false,
        "truncated": false,
        "trafficLightColor": "G"
      },
      "category": "traffic light",
      "box2d": {
        "x1": 568.63254,
        "y1": 303.903182,
        "x2": 577.201814,
        "y2": 313.696639
      }
    },
    {
      "id": "8428",
      "attributes": {
        "occluded": false,
        "truncated": false,
        "trafficLightColor": "G"
      },
      "category": "traffic light",
      "box2d": {
        "x1": 420.506518,
        "y1": 299.006454,
        "x2": 429.075792,
        "y2": 310.024092
      }
    },
    {
      "id": "8429",
      "attributes": {
        "occluded": false,
        "truncated": false,
        "trafficLightColor": "G"
      },
      "category": "traffic light",
      "box2d": {
        "x1": 531.90708,
        "y1": 314.920821,
        "x2": 540.476354,
        "y2": 324.714277
      }
    },
    {
      "id": "8430",
      "attributes": {
        "occluded": false,
        "truncated": false,
        "trafficLightColor": "NA"
      },
      "category": "traffic sign",
      "box2d": {
        "x1": 690.928314,
        "y1": 258.302402,
        "x2": 705.6185,
        "y2": 270.544222
      }
    },
    {
      "id": "8431",
      "attributes": {
        "occluded": false,
        "truncated": false,
        "trafficLightColor": "NA"
      },
      "category": "traffic sign",
      "box2d": {
        "x1": 604.011392,
        "y1": 298.700408,
        "x2": 619.925758,
        "y2": 320.735684
      }
    },
    {
      "id": "8432",
      "attributes": {
        "occluded": false,
        "truncated": false,
        "trafficLightColor": "NA"
      },
      "category": "traffic sign",
      "box2d": {
        "x1": 616.253212,
        "y1": 297.476226,
        "x2": 626.046668,
        "y2": 310.942228
      }
    },
    {
      "id": "8433",
      "attributes": {
        "occluded": false,
        "truncated": false,
        "trafficLightColor": "NA"
      },
      "category": "traffic sign",
      "box2d": {
        "x1": 616.253212,
        "y1": 282.786042,
        "x2": 626.046668,
        "y2": 296.252043
      }
    },
    {
      "id": "8434",
      "attributes": {
        "occluded": false,
        "truncated": false,
        "trafficLightColor": "NA"
      },
      "category": "traffic sign",
      "box2d": {
        "x1": 602.78721,
        "y1": 279.113496,
        "x2": 617.477394,
        "y2": 297.476226
      }
    },
    {
      "id": "8435",
      "attributes": {
        "occluded": true,
        "truncated": false,
        "trafficLightColor": "NA"
      },
      "category": "car",
      "box2d": {
        "x1": 561.899539,
        "y1": 319.756335,
        "x2": 603.521727,
        "y2": 361.378524
      }
    },
    {
      "id": "8436",
      "attributes": {
        "occluded": true,
        "truncated": false,
        "trafficLightColor": "NA"
      },
      "category": "car",
      "box2d": {
        "x1": 552.106081,
        "y1": 327.101427,
        "x2": 569.24463,
        "y2": 357.705978
      }
    },
    {
      "id": "8437",
      "attributes": {
        "occluded": true,
        "truncated": false,
        "trafficLightColor": "NA"
      },
      "category": "car",
      "box2d": {
        "x1": 541.088445,
        "y1": 335.670701,
        "x2": 558.226993,
        "y2": 346.688339
      }
    },
    {
      "id": "8438",
      "attributes": {
        "occluded": true,
        "truncated": false,
        "trafficLightColor": "NA"
      },
      "category": "car",
      "box2d": {
        "x1": 536.191717,
        "y1": 334.446518,
        "x2": 544.760989,
        "y2": 345.464157
      }
    },
    {
      "id": "8439",
      "attributes": {
        "occluded": true,
        "truncated": false,
        "trafficLightColor": "NA"
      },
      "category": "car",
      "box2d": {
        "x1": 527.622443,
        "y1": 334.446518,
        "x2": 539.864263,
        "y2": 354.03343
      }
    },
    {
      "id": "8440",
      "attributes": {
        "occluded": true,
        "truncated": false,
        "trafficLightColor": "NA"
      },
      "category": "car",
      "box2d": {
        "x1": 504.362985,
        "y1": 334.446518,
        "x2": 517.828985,
        "y2": 349.136703
      }
    },
    {
      "id": "8441",
      "attributes": {
        "occluded": true,
        "truncated": false,
        "trafficLightColor": "NA"
      },
      "category": "car",
      "box2d": {
        "x1": 662.282463,
        "y1": 324.653063,
        "x2": 685.541921,
        "y2": 349.136703
      }
    },
    {
      "id": "8442",
      "attributes": {
        "occluded": true,
        "truncated": false,
        "trafficLightColor": "NA"
      },
      "category": "car",
      "box2d": {
        "x1": 316.573464,
        "y1": 318.532153,
        "x2": 339.832931,
        "y2": 362.602704
      }
    },
    {
      "id": "8443",
      "attributes": {
        "occluded": true,
        "truncated": false,
        "trafficLightColor": "NA"
      },
      "category": "car",
      "box2d": {
        "x1": 255.364364,
        "y1": 312.411243,
        "x2": 322.694373,
        "y2": 366.275251
      }
    },
    {
      "id": "8444",
      "attributes": {
        "occluded": true,
        "truncated": false,
        "trafficLightColor": "NA"
      },
      "category": "car",
      "box2d": {
        "x1": 124.866564,
        "y1": 323.428881,
        "x2": 168.937115,
        "y2": 367.499433
      }
    },
    {
      "id": "8445",
      "attributes": {
        "occluded": true,
        "truncated": false,
        "trafficLightColor": "NA"
      },
      "category": "car",
      "box2d": {
        "x1": 1035.249938,
        "y1": 275.9795570698467,
        "x2": 1218.877238,
        "y2": 378.680312
      }
    },
    {
      "id": "8446",
      "attributes": {
        "occluded": true,
        "truncated": false,
        "trafficLightColor": "NA"
      },
      "category": "car",
      "box2d": {
        "x1": 1004.645388,
        "y1": 291.76339,
        "x2": 1078.096308,
        "y2": 365.214311
      }
    },
    {
      "id": "8447",
      "attributes": {
        "occluded": false,
        "truncated": false,
        "trafficLightColor": "NA"
      },
      "category": "car",
      "box2d": {
        "x1": 8.569274,
        "y1": 319.103448,
        "x2": 130.987474,
        "y2": 386.433457
      }
    },
    {
      "id": "8448",
      "attributes": {
        "occluded": false,
        "truncated": false,
        "trafficLightColor": "NA"
      },
      "category": "car",
      "box2d": {
        "x1": 331.753322,
        "y1": 297.068172,
        "x2": 443.153887,
        "y2": 381.53673
      }
    },
    {
      "id": "8449",
      "attributes": {
        "occluded": false,
        "truncated": false,
        "trafficLightColor": "NA"
      },
      "category": "car",
      "box2d": {
        "x1": 596.176635,
        "y1": 321.551812,
        "x2": 668.403374,
        "y2": 372.967456
      }
    },
    {
      "id": "8450",
      "attributes": {
        "occluded": false,
        "truncated": false,
        "trafficLightColor": "NA"
      },
      "category": "car",
      "box2d": {
        "x1": 507.301014,
        "y1": 336.65005,
        "x2": 537.905564,
        "y2": 357.461144
      }
    },
    {
      "id": "8451",
      "attributes": {
        "occluded": false,
        "truncated": false,
        "trafficLightColor": "NA"
      },
      "category": "car",
      "box2d": {
        "x1": 457.109552,
        "y1": 334.201686,
        "x2": 482.817374,
        "y2": 350.116052
      }
    },
    {
      "id": "8452",
      "attributes": {
        "occluded": false,
        "truncated": false,
        "trafficLightColor": "NA"
      },
      "category": "car",
      "box2d": {
        "x1": 482.817374,
        "y1": 334.201686,
        "x2": 504.85265,
        "y2": 348.89187
      }
    },
    {
      "id": "8453",
      "attributes": {
        "occluded": true,
        "truncated": false,
        "trafficLightColor": "NA"
      },
      "category": "car",
      "box2d": {
        "x1": 437.52264,
        "y1": 334.201686,
        "x2": 457.109552,
        "y2": 348.89187
      }
    },
    {
      "id": "8454",
      "attributes": {
        "occluded": false,
        "truncated": false,
        "trafficLightColor": "NA"
      },
      "category": "car",
      "box2d": {
        "x1": 667.513069,
        "y1": 192.227877,
        "x2": 1005.387301,
        "y2": 466.0988074957411
      }
    },
    {
      "id": "8455",
      "attributes": {
        "occluded": false,
        "truncated": false,
        "trafficLightColor": "NA"
      },
      "category": "car",
      "box2d": {
        "x1": 139.556748,
        "y1": 315.104458,
        "x2": 266.871676,
        "y2": 381.210288
      }
    },
    {
      "id": "8456",
      "attributes": {
        "occluded": false,
        "truncated": false,
        "trafficLightColor": "NA"
      },
      "category": "traffic sign",
      "box2d": {
        "x1": 1023.008118,
        "y1": 147.717962,
        "x2": 1076.872126,
        "y2": 164.85651
      }
    },
    {
      "id": "8457",
      "attributes": {
        "occluded": false,
        "truncated": false,
        "trafficLightColor": "NA"
      },
      "category": "traffic sign",
      "box2d": {
        "x1": 1036.47412,
        "y1": 167.304874,
        "x2": 1067.07867,
        "y2": 217.496336
      }
    },
    {
      "id": "8458",
      "attributes": {
        "occluded": false,
        "truncated": false,
        "trafficLightColor": "NA"
      },
      "category": "traffic sign",
      "box2d": {
        "x1": 1147.874682,
        "y1": 47.335038,
        "x2": 1212.756329,
        "y2": 96.302319
      }
    }
  ],
  "attributes": {
    "weather": "overcast",
    "timeofday": "dawn/dusk",
    "scene": "city street"
  },
  "processing_info": {
    "processed_at": "2025-07-07T01:09:13.319592",
    "source": "bdd100k_complete_preprocessing_refactored"
  }
}