{
  "image_filename": "014474aa-accf35e1.jpg",
  "video_name": "014474aa-accf35e1.jpg",
  "frame_index": 0,
  "metadata": {
    "weather": "undefined",
    "scene": "city street",
    "timeofday": "daytime"
  },
  "labels": [
    {
      "id": "8641",
      "attributes": {
        "occluded": true,
        "truncated": false,
        "trafficLightColor": "NA"
      },
      "category": "truck",
      "box2d": {
        "x1": 165.606913,
        "y1": 69.187452,
        "x2": 315.79431,
        "y2": 150.187397
      }
    },
    {
      "id": "8642",
      "attributes": {
        "occluded": true,
        "truncated": false,
        "trafficLightColor": "NA"
      },
      "category": "car",
      "box2d": {
        "x1": 401.85675,
        "y1": 126.562414,
        "x2": 455.856713,
        "y2": 158.624892
      }
    },
    {
      "id": "8643",
      "attributes": {
        "occluded": true,
        "truncated": false,
        "trafficLightColor": "NA"
      },
      "category": "car",
      "box2d": {
        "x1": 535.169158,
        "y1": 118.124919,
        "x2": 585.794123,
        "y2": 155.249893
      }
    },
    {
      "id": "8644",
      "attributes": {
        "occluded": true,
        "truncated": false,
        "trafficLightColor": "NA"
      },
      "category": "car",
      "box2d": {
        "x1": 550.356648,
        "y1": 124.874914,
        "x2": 614.481604,
        "y2": 172.124882
      }
    },
    {
      "id": "8645",
      "attributes": {
        "occluded": true,
        "truncated": false,
        "trafficLightColor": "NA"
      },
      "category": "car",
      "box2d": {
        "x1": 622.919099,
        "y1": 113.062422,
        "x2": 681.981558,
        "y2": 146.812399
      }
    },
    {
      "id": "8646",
      "attributes": {
        "occluded": true,
        "truncated": false,
        "trafficLightColor": "NA"
      },
      "category": "car",
      "box2d": {
        "x1": 638.106587,
        "y1": 124.874914,
        "x2": 712.356535,
        "y2": 163.687388
      }
    },
    {
      "id": "8647",
      "attributes": {
        "occluded": true,
        "truncated": false,
        "trafficLightColor": "NA"
      },
      "category": "car",
      "box2d": {
        "x1": 697.169047,
        "y1": 119.812418,
        "x2": 737.66902,
        "y2": 151.874898
      }
    },
    {
      "id": "8648",
      "attributes": {
        "occluded": true,
        "truncated": false,
        "trafficLightColor": "NA"
      },
      "category": "car",
      "box2d": {
        "x1": 751.16901,
        "y1": 126.33730834752981,
        "x2": 808.54397,
        "y2": 161.99989
      }
    },
    {
      "id": "8649",
      "attributes": {
        "occluded": true,
        "truncated": false,
        "trafficLightColor": "NA"
      },
      "category": "car",
      "box2d": {
        "x1": 820.356462,
        "y1": 125.1107325383305,
        "x2": 891.231414,
        "y2": 159.45485519591142
      }
    },
    {
      "id": "8650",
      "attributes": {
        "occluded": true,
        "truncated": false,
        "trafficLightColor": "NA"
      },
      "category": "pedestrian",
      "box2d": {
        "x1": 874.356425,
        "y1": 116.43742,
        "x2": 882.79392,
        "y2": 134.999906
      }
    },
    {
      "id": "8651",
      "attributes": {
        "occluded": true,
        "truncated": false,
        "trafficLightColor": "NA"
      },
      "category": "car",
      "box2d": {
        "x1": 1056.606299,
        "y1": 118.124919,
        "x2": 1103.856267,
        "y2": 144.73594548551958
      }
    },
    {
      "id": "8652",
      "attributes": {
        "occluded": true,
        "truncated": false,
        "trafficLightColor": "NA"
      },
      "category": "car",
      "box2d": {
        "x1": 962.106366,
        "y1": 124.874914,
        "x2": 989.106346,
        "y2": 145.1249
      }
    },
    {
      "id": "8653",
      "attributes": {
        "occluded": true,
        "truncated": false,
        "trafficLightColor": "NA"
      },
      "category": "car",
      "box2d": {
        "x1": 897.981409,
        "y1": 136.687406,
        "x2": 972.231358,
        "y2": 151.874895
      }
    },
    {
      "id": "8654",
      "attributes": {
        "occluded": true,
        "truncated": false,
        "trafficLightColor": "NA"
      },
      "category": "car",
      "box2d": {
        "x1": 1120.731256,
        "y1": 118.124919,
        "x2": 1200.0437,
        "y2": 143.50936967632026
      }
    },
    {
      "id": "8655",
      "attributes": {
        "occluded": true,
        "truncated": true,
        "trafficLightColor": "NA"
      },
      "category": "car",
      "box2d": {
        "x1": 1218.091594,
        "y1": 102.201048,
        "x2": 1277.473049,
        "y2": 160.097965
      }
    }
  ],
  "attributes": {
    "weather": "undefined",
    "timeofday": "daytime",
    "scene": "city street"
  },
  "processing_info": {
    "processed_at": "2025-07-07T01:09:15.000404",
    "source": "bdd100k_complete_preprocessing_refactored"
  }
}