{
  "image_filename": "01688cf2-237fbd49.jpg",
  "video_name": "01688cf2-237fbd49.jpg",
  "frame_index": 0,
  "metadata": {
    "weather": "clear",
    "scene": "city street",
    "timeofday": "daytime"
  },
  "labels": [
    {
      "id": "9496",
      "attributes": {
        "occluded": false,
        "truncated": false,
        "trafficLightColor": "NA"
      },
      "category": "traffic sign",
      "box2d": {
        "x1": 428.598544,
        "y1": 443.522958,
        "x2": 445.436343,
        "y2": 460.360758
      }
    },
    {
      "id": "9497",
      "attributes": {
        "occluded": false,
        "truncated": false,
        "trafficLightColor": "NA"
      },
      "category": "traffic sign",
      "box2d": {
        "x1": 1246.379873,
        "y1": 367.752857,
        "x2": 1261.686964,
        "y2": 383.059949
      }
    },
    {
      "id": "9498",
      "attributes": {
        "occluded": true,
        "truncated": false,
        "trafficLightColor": "NA"
      },
      "category": "bus",
      "box2d": {
        "x1": 822.373456,
        "y1": 401.428458,
        "x2": 1027.488472,
        "y2": 473.371785
      }
    },
    {
      "id": "9499",
      "attributes": {
        "occluded": true,
        "truncated": true,
        "trafficLightColor": "NA"
      },
      "category": "bus",
      "box2d": {
        "x1": 153.070909,
        "y1": 432.425317,
        "x2": 382.67727,
        "y2": 519.675735
      }
    },
    {
      "id": "9500",
      "attributes": {
        "occluded": true,
        "truncated": false,
        "trafficLightColor": "NA"
      },
      "category": "car",
      "box2d": {
        "x1": 257.465275,
        "y1": 442.987223,
        "x2": 430.435401,
        "y2": 517.991968
      }
    },
    {
      "id": "9501",
      "attributes": {
        "occluded": true,
        "truncated": false,
        "trafficLightColor": "NA"
      },
      "category": "car",
      "box2d": {
        "x1": 368.90089,
        "y1": 465.335562,
        "x2": 523.502507,
        "y2": 517.379671
      }
    },
    {
      "id": "9502",
      "attributes": {
        "occluded": true,
        "truncated": false,
        "trafficLightColor": "NA"
      },
      "category": "car",
      "box2d": {
        "x1": 552.58598,
        "y1": 453.089889,
        "x2": 690.349798,
        "y2": 502.072579
      }
    },
    {
      "id": "9503",
      "attributes": {
        "occluded": false,
        "truncated": false,
        "trafficLightColor": "NA"
      },
      "category": "car",
      "box2d": {
        "x1": 864.54452,
        "y1": 436.558227,
        "x2": 1078.843791,
        "y2": 559.014952
      }
    },
    {
      "id": "9504",
      "attributes": {
        "occluded": false,
        "truncated": true,
        "trafficLightColor": "NA"
      },
      "category": "car",
      "box2d": {
        "x1": 0.0,
        "y1": 444.517921,
        "x2": 338.497176,
        "y2": 716.984138
      }
    },
    {
      "id": "9505",
      "attributes": {
        "occluded": false,
        "truncated": false,
        "trafficLightColor": "NA"
      },
      "category": "traffic sign",
      "box2d": {
        "x1": 661.266325,
        "y1": 298.488271,
        "x2": 681.165543,
        "y2": 316.856781
      }
    },
    {
      "id": "9506",
      "attributes": {
        "occluded": false,
        "truncated": false,
        "trafficLightColor": "G"
      },
      "category": "traffic light",
      "box2d": {
        "x1": 664.327743,
        "y1": 318.38749,
        "x2": 679.634834,
        "y2": 365.839472
      }
    }
  ],
  "attributes": {
    "weather": "clear",
    "timeofday": "daytime",
    "scene": "city street"
  },
  "processing_info": {
    "processed_at": "2025-07-07T01:09:14.982981",
    "source": "bdd100k_complete_preprocessing_refactored"
  }
}