{
  "image_filename": "01818f85-6397dd75.jpg",
  "video_name": "01818f85-6397dd75.jpg",
  "frame_index": 0,
  "metadata": {
    "weather": "overcast",
    "scene": "city street",
    "timeofday": "daytime"
  },
  "labels": [
    {
      "id": "10047",
      "attributes": {
        "occluded": false,
        "truncated": false,
        "trafficLightColor": "NA"
      },
      "category": "traffic sign",
      "box2d": {
        "x1": 1094.878043,
        "y1": 221.510304,
        "x2": 1148.878067,
        "y2": 240.245006
      }
    },
    {
      "id": "10048",
      "attributes": {
        "occluded": false,
        "truncated": false,
        "trafficLightColor": "NA"
      },
      "category": "traffic sign",
      "box2d": {
        "x1": 1055.204555,
        "y1": 239.142965,
        "x2": 1101.49029,
        "y2": 264.489914
      }
    },
    {
      "id": "10049",
      "attributes": {
        "occluded": false,
        "truncated": false,
        "trafficLightColor": "NA"
      },
      "category": "traffic sign",
      "box2d": {
        "x1": 1079.449463,
        "y1": 284.326658,
        "x2": 1114.714786,
        "y2": 332.816476
      }
    },
    {
      "id": "10050",
      "attributes": {
        "occluded": false,
        "truncated": false,
        "trafficLightColor": "NA"
      },
      "category": "traffic sign",
      "box2d": {
        "x1": 726.396751,
        "y1": 363.894037,
        "x2": 737.417165,
        "y2": 378.220575
      }
    },
    {
      "id": "10051",
      "attributes": {
        "occluded": false,
        "truncated": false,
        "trafficLightColor": "NA"
      },
      "category": "traffic sign",
      "box2d": {
        "x1": 613.768132,
        "y1": 363.89404,
        "x2": 626.992627,
        "y2": 368.302205
      }
    },
    {
      "id": "10052",
      "attributes": {
        "occluded": false,
        "truncated": false,
        "trafficLightColor": "NA"
      },
      "category": "traffic sign",
      "box2d": {
        "x1": 610.462008,
        "y1": 368.302205,
        "x2": 630.298751,
        "y2": 377.118536
      }
    },
    {
      "id": "10053",
      "attributes": {
        "occluded": false,
        "truncated": false,
        "trafficLightColor": "G"
      },
      "category": "traffic light",
      "box2d": {
        "x1": 141.874047,
        "y1": 82.873503,
        "x2": 180.445492,
        "y2": 158.914354
      }
    },
    {
      "id": "10054",
      "attributes": {
        "occluded": false,
        "truncated": false,
        "trafficLightColor": "G"
      },
      "category": "traffic light",
      "box2d": {
        "x1": 639.996718,
        "y1": 83.975543,
        "x2": 669.751835,
        "y2": 165.526601
      }
    },
    {
      "id": "10055",
      "attributes": {
        "occluded": false,
        "truncated": false,
        "trafficLightColor": "G"
      },
      "category": "traffic light",
      "box2d": {
        "x1": 528.690547,
        "y1": 362.791996,
        "x2": 535.302796,
        "y2": 377.118534
      }
    },
    {
      "id": "10056",
      "attributes": {
        "occluded": false,
        "truncated": false,
        "trafficLightColor": "NA"
      },
      "category": "traffic light",
      "box2d": {
        "x1": 127.547511,
        "y1": 80.669422,
        "x2": 144.078129,
        "y2": 155.608231
      }
    },
    {
      "id": "10057",
      "attributes": {
        "occluded": false,
        "truncated": false,
        "trafficLightColor": "NA"
      },
      "category": "traffic light",
      "box2d": {
        "x1": 603.629355,
        "y1": 85.077585,
        "x2": 638.894677,
        "y2": 161.118435
      }
    },
    {
      "id": "10058",
      "attributes": {
        "occluded": false,
        "truncated": false,
        "trafficLightColor": "NA"
      },
      "category": "pedestrian",
      "box2d": {
        "x1": 666.666117,
        "y1": 407.975693,
        "x2": 674.380406,
        "y2": 430.016518
      }
    },
    {
      "id": "10059",
      "attributes": {
        "occluded": false,
        "truncated": false,
        "trafficLightColor": "NA"
      },
      "category": "pedestrian",
      "box2d": {
        "x1": 582.690566,
        "y1": 402.465487,
        "x2": 590.404856,
        "y2": 425.608353
      }
    },
    {
      "id": "10060",
      "attributes": {
        "occluded": false,
        "truncated": false,
        "trafficLightColor": "NA"
      },
      "category": "pedestrian",
      "box2d": {
        "x1": 646.608962,
        "y1": 410.179774,
        "x2": 655.425292,
        "y2": 428.914476
      }
    },
    {
      "id": "10061",
      "attributes": {
        "occluded": true,
        "truncated": false,
        "trafficLightColor": "NA"
      },
      "category": "pedestrian",
      "box2d": {
        "x1": 707.882458,
        "y1": 412.383856,
        "x2": 720.004914,
        "y2": 437.730808
      }
    },
    {
      "id": "10062",
      "attributes": {
        "occluded": true,
        "truncated": false,
        "trafficLightColor": "NA"
      },
      "category": "pedestrian",
      "box2d": {
        "x1": 717.360016,
        "y1": 411.281815,
        "x2": 730.584511,
        "y2": 441.036931
      }
    },
    {
      "id": "10063",
      "attributes": {
        "occluded": true,
        "truncated": false,
        "trafficLightColor": "NA"
      },
      "category": "car",
      "box2d": {
        "x1": 51.506659,
        "y1": 395.853238,
        "x2": 115.425055,
        "y2": 411.2210589020588
      }
    },
    {
      "id": "10064",
      "attributes": {
        "occluded": true,
        "truncated": false,
        "trafficLightColor": "NA"
      },
      "category": "car",
      "box2d": {
        "x1": 282.935334,
        "y1": 401.363444,
        "x2": 314.894532,
        "y2": 416.792024
      }
    },
    {
      "id": "10065",
      "attributes": {
        "occluded": true,
        "truncated": false,
        "trafficLightColor": "NA"
      },
      "category": "car",
      "box2d": {
        "x1": 354.568019,
        "y1": 403.567528,
        "x2": 374.404762,
        "y2": 415.689983
      }
    },
    {
      "id": "10066",
      "attributes": {
        "occluded": true,
        "truncated": false,
        "trafficLightColor": "NA"
      },
      "category": "car",
      "box2d": {
        "x1": 950.111146,
        "y1": 411.281815,
        "x2": 1038.27445,
        "y2": 469.690005
      }
    },
    {
      "id": "10067",
      "attributes": {
        "occluded": true,
        "truncated": false,
        "trafficLightColor": "NA"
      },
      "category": "car",
      "box2d": {
        "x1": 1102.2367209272413,
        "y1": 414.000186,
        "x2": 1199.172484,
        "y2": 474.098171
      }
    },
    {
      "id": "10068",
      "attributes": {
        "occluded": true,
        "truncated": false,
        "trafficLightColor": "NA"
      },
      "category": "truck",
      "box2d": {
        "x1": 752.184524,
        "y1": 345.159338,
        "x2": 927.409092,
        "y2": 459.771634
      }
    },
    {
      "id": "10069",
      "attributes": {
        "occluded": false,
        "truncated": false,
        "trafficLightColor": "NA"
      },
      "category": "traffic light",
      "box2d": {
        "x1": 1110.4903,
        "y1": 178.163346,
        "x2": 1146.857663,
        "y2": 217.836833
      }
    },
    {
      "id": "10070",
      "attributes": {
        "occluded": true,
        "truncated": false,
        "crowd": false,
        "trafficLightColor": "NA"
      },
      "category": "car",
      "box2d": {
        "x1": 1259.3324063504997,
        "y1": 378.364444957325,
        "x2": 1262.926098500705,
        "y2": 621.1953573926231
      }
    }
  ],
  "attributes": {
    "weather": "overcast",
    "timeofday": "daytime",
    "scene": "city street"
  },
  "processing_info": {
    "processed_at": "2025-07-07T01:09:13.476175",
    "source": "bdd100k_complete_preprocessing_refactored"
  }
}