{
  "image_filename": "01a4933a-252e566a.jpg",
  "video_name": "01a4933a-252e566a.jpg",
  "frame_index": 0,
  "metadata": {
    "weather": "clear",
    "scene": "city street",
    "timeofday": "daytime"
  },
  "labels": [
    {
      "id": "10743",
      "attributes": {
        "occluded": false,
        "truncated": false,
        "trafficLightColor": "NA"
      },
      "category": "traffic sign",
      "box2d": {
        "x1": 509.856676,
        "y1": 239.96233,
        "x2": 558.794141,
        "y2": 287.212297
      }
    },
    {
      "id": "10744",
      "attributes": {
        "occluded": true,
        "truncated": false,
        "trafficLightColor": "NA"
      },
      "category": "car",
      "box2d": {
        "x1": 152.106922,
        "y1": 327.71227,
        "x2": 177.419404,
        "y2": 337.837263
      }
    },
    {
      "id": "10745",
      "attributes": {
        "occluded": true,
        "truncated": false,
        "trafficLightColor": "NA"
      },
      "category": "car",
      "box2d": {
        "x1": 131.856936,
        "y1": 331.087267,
        "x2": 141.981928,
        "y2": 347.962256
      }
    },
    {
      "id": "10746",
      "attributes": {
        "occluded": true,
        "truncated": false,
        "trafficLightColor": "NA"
      },
      "category": "car",
      "box2d": {
        "x1": 5.294523,
        "y1": 339.524762,
        "x2": 40.731997,
        "y2": 363.149745
      }
    },
    {
      "id": "10747",
      "attributes": {
        "occluded": false,
        "truncated": false,
        "trafficLightColor": "NA"
      },
      "category": "car",
      "box2d": {
        "x1": 108.231952,
        "y1": 331.087267,
        "x2": 135.231933,
        "y2": 358.087249
      }
    },
    {
      "id": "10748",
      "attributes": {
        "occluded": false,
        "truncated": false,
        "trafficLightColor": "NA"
      },
      "category": "car",
      "box2d": {
        "x1": 152.106922,
        "y1": 334.462266,
        "x2": 180.794402,
        "y2": 354.712252
      }
    },
    {
      "id": "10749",
      "attributes": {
        "occluded": true,
        "truncated": false,
        "trafficLightColor": "NA"
      },
      "category": "car",
      "box2d": {
        "x1": 249.981854,
        "y1": 327.71227,
        "x2": 273.606838,
        "y2": 346.274757
      }
    }
  ],
  "attributes": {
    "weather": "clear",
    "timeofday": "daytime",
    "scene": "city street"
  },
  "processing_info": {
    "processed_at": "2025-07-07T01:09:12.743501",
    "source": "bdd100k_complete_preprocessing_refactored"
  }
}