{
  "image_filename": "01c231b4-1ebf841a.jpg",
  "video_name": "01c231b4-1ebf841a.jpg",
  "frame_index": 0,
  "metadata": {
    "weather": "overcast",
    "scene": "city street",
    "timeofday": "dawn/dusk"
  },
  "labels": [
    {
      "id": "11383",
      "attributes": {
        "occluded": true,
        "truncated": true,
        "trafficLightColor": "NA"
      },
      "category": "car",
      "box2d": {
        "x1": 0.0,
        "y1": 284.10810810810807,
        "x2": 158.27027027027026,
        "y2": 448.86486486486484
      }
    },
    {
      "id": "11384",
      "attributes": {
        "occluded": true,
        "truncated": false,
        "trafficLightColor": "NA"
      },
      "category": "car",
      "box2d": {
        "x1": 588.599795,
        "y1": 307.799892,
        "x2": 613.9823038625683,
        "y2": 337.4476929042737
      }
    },
    {
      "id": "11385",
      "attributes": {
        "occluded": true,
        "truncated": false,
        "trafficLightColor": "NA"
      },
      "category": "car",
      "box2d": {
        "x1": 642.3326125324078,
        "y1": 314.549889,
        "x2": 668.9657937607087,
        "y2": 340.14296201692764
      }
    },
    {
      "id": "11386",
      "attributes": {
        "occluded": true,
        "truncated": false,
        "trafficLightColor": "NA"
      },
      "category": "car",
      "box2d": {
        "x1": 540.0187315493843,
        "y1": 308.87799964506155,
        "x2": 557.3816524968355,
        "y2": 345.5335002422355
      }
    },
    {
      "id": "11387",
      "attributes": {
        "occluded": true,
        "truncated": false,
        "trafficLightColor": "NA"
      },
      "category": "car",
      "box2d": {
        "x1": 493.2936137098769,
        "y1": 301.58421793518477,
        "x2": 548.7567913363429,
        "y2": 352.002146112605
      }
    },
    {
      "id": "11388",
      "attributes": {
        "occluded": true,
        "truncated": false,
        "trafficLightColor": "NA"
      },
      "category": "car",
      "box2d": {
        "x1": 492.15613997061,
        "y1": 307.799892,
        "x2": 540.670983998381,
        "y2": 360.08795345056683
      }
    },
    {
      "id": "11389",
      "attributes": {
        "occluded": true,
        "truncated": false,
        "trafficLightColor": "NA"
      },
      "category": "bus",
      "box2d": {
        "x1": 547.5749438395073,
        "y1": 306.43570233796186,
        "x2": 570.8579980601052,
        "y2": 340.6820158394584
      }
    },
    {
      "id": "11390",
      "attributes": {
        "occluded": true,
        "truncated": false,
        "trafficLightColor": "NA"
      },
      "category": "car",
      "box2d": {
        "x1": 885.1263765955549,
        "y1": 296.4796023919338,
        "x2": 1043.009684,
        "y2": 355.23646904778974
      }
    },
    {
      "id": "11391",
      "attributes": {
        "occluded": true,
        "truncated": false,
        "trafficLightColor": "NA"
      },
      "category": "car",
      "box2d": {
        "x1": 1024.3739989351848,
        "y1": 292.16717181168747,
        "x2": 1118.8739659351847,
        "y2": 364.40038403081314
      }
    },
    {
      "id": "11392",
      "attributes": {
        "occluded": false,
        "truncated": true,
        "trafficLightColor": "NA"
      },
      "category": "car",
      "box2d": {
        "x1": 0.0,
        "y1": 386.999861,
        "x2": 56.69998,
        "y2": 611.099781
      }
    },
    {
      "id": "11393",
      "attributes": {
        "occluded": false,
        "truncated": false,
        "trafficLightColor": "NA"
      },
      "category": "truck",
      "box2d": {
        "x1": 144.0,
        "y1": 144.0,
        "x2": 502.054054054054,
        "y2": 454.054054054054
      }
    },
    {
      "id": "11394",
      "attributes": {
        "occluded": false,
        "truncated": false,
        "trafficLightColor": "NA"
      },
      "category": "car",
      "box2d": {
        "x1": 598.7669654675923,
        "y1": 309.59516211265395,
        "x2": 650.0989099721311,
        "y2": 349.30687699995104
      }
    },
    {
      "id": "11395",
      "attributes": {
        "occluded": true,
        "truncated": false,
        "trafficLightColor": "NA"
      },
      "category": "bicycle",
      "box2d": {
        "x1": 861.4080084042002,
        "y1": 321.27607822835006,
        "x2": 911.5400138995636,
        "y2": 392.4311828024141
      }
    },
    {
      "id": "11396",
      "attributes": {
        "occluded": false,
        "truncated": false,
        "trafficLightColor": "NA"
      },
      "category": "traffic sign",
      "box2d": {
        "x1": 744.862241,
        "y1": 250.762413,
        "x2": 774.56223,
        "y2": 260.212409
      }
    },
    {
      "id": "11397",
      "attributes": {
        "occluded": false,
        "truncated": false,
        "trafficLightColor": "NA"
      },
      "category": "traffic sign",
      "box2d": {
        "x1": 742.16224,
        "y1": 241.312416,
        "x2": 765.11223,
        "y2": 252.112413
      }
    },
    {
      "id": "11398",
      "attributes": {
        "occluded": false,
        "truncated": false,
        "trafficLightColor": "NA"
      },
      "category": "traffic sign",
      "box2d": {
        "x1": 725.962246,
        "y1": 207.562426,
        "x2": 755.662239,
        "y2": 221.062422
      }
    },
    {
      "id": "11399",
      "attributes": {
        "occluded": false,
        "truncated": false,
        "trafficLightColor": "NA"
      },
      "category": "traffic sign",
      "box2d": {
        "x1": 874.462194,
        "y1": 161.662443,
        "x2": 904.162183,
        "y2": 185.962433
      }
    },
    {
      "id": "11400",
      "attributes": {
        "occluded": false,
        "truncated": false,
        "trafficLightColor": "NA"
      },
      "category": "traffic sign",
      "box2d": {
        "x1": 685.462261,
        "y1": 258.862409,
        "x2": 696.262257,
        "y2": 272.362404
      }
    },
    {
      "id": "11401",
      "attributes": {
        "occluded": false,
        "truncated": false,
        "trafficLightColor": "NA"
      },
      "category": "traffic sign",
      "box2d": {
        "x1": 689.51226,
        "y1": 272.362406,
        "x2": 700.312256,
        "y2": 280.462404
      }
    },
    {
      "id": "11402",
      "attributes": {
        "occluded": false,
        "truncated": false,
        "trafficLightColor": "NA"
      },
      "category": "traffic sign",
      "box2d": {
        "x1": 990.899653,
        "y1": 196.199931,
        "x2": 1035.449636,
        "y2": 213.749925
      }
    },
    {
      "id": "11403",
      "attributes": {
        "occluded": true,
        "truncated": false,
        "trafficLightColor": "NA"
      },
      "category": "traffic sign",
      "box2d": {
        "x1": 1007.099647,
        "y1": 213.749925,
        "x2": 1027.34964,
        "y2": 251.549912
      }
    },
    {
      "id": "11404",
      "attributes": {
        "occluded": true,
        "truncated": true,
        "trafficLightColor": "NA"
      },
      "category": "car",
      "box2d": {
        "x1": 1185.9828784324322,
        "y1": 412.2889108225308,
        "x2": 1280.0,
        "y2": 626.9195956033072
      }
    },
    {
      "id": "11405",
      "attributes": {
        "occluded": true,
        "truncated": false,
        "crowd": false,
        "trafficLightColor": "NA"
      },
      "category": "bus",
      "box2d": {
        "x1": 556.3035448517738,
        "y1": 299.1748715045877,
        "x2": 587.0296127360289,
        "y2": 330.43999321137346
      }
    }
  ],
  "attributes": {
    "weather": "overcast",
    "timeofday": "dawn/dusk",
    "scene": "city street"
  },
  "processing_info": {
    "processed_at": "2025-07-07T01:09:14.887013",
    "source": "bdd100k_complete_preprocessing_refactored"
  }
}