{
  "image_filename": "01c4035b-bcaeb067.jpg",
  "video_name": "01c4035b-bcaeb067.jpg",
  "frame_index": 0,
  "metadata": {
    "weather": "overcast",
    "scene": "highway",
    "timeofday": "daytime"
  },
  "labels": [
    {
      "id": "11511",
      "attributes": {
        "occluded": false,
        "truncated": false,
        "trafficLightColor": "G"
      },
      "category": "traffic light",
      "box2d": {
        "x1": 431.871752,
        "y1": 334.748593,
        "x2": 438.013927,
        "y2": 350.104033
      }
    },
    {
      "id": "11512",
      "attributes": {
        "occluded": false,
        "truncated": false,
        "trafficLightColor": "G"
      },
      "category": "traffic light",
      "box2d": {
        "x1": 352.023465,
        "y1": 343.961857,
        "x2": 361.236729,
        "y2": 359.317297
      }
    },
    {
      "id": "11513",
      "attributes": {
        "occluded": false,
        "truncated": false,
        "trafficLightColor": "NA"
      },
      "category": "traffic light",
      "box2d": {
        "x1": 424.19403,
        "y1": 331.677504,
        "x2": 430.336207,
        "y2": 351.639576
      }
    },
    {
      "id": "11514",
      "attributes": {
        "occluded": false,
        "truncated": false,
        "trafficLightColor": "NA"
      },
      "category": "traffic light",
      "box2d": {
        "x1": 266.032999,
        "y1": 377.743826,
        "x2": 279.852896,
        "y2": 390.028178
      }
    },
    {
      "id": "11515",
      "attributes": {
        "occluded": false,
        "truncated": false,
        "trafficLightColor": "NA"
      },
      "category": "traffic sign",
      "box2d": {
        "x1": 156.049636,
        "y1": 358.878561,
        "x2": 174.476165,
        "y2": 369.627368
      }
    },
    {
      "id": "11516",
      "attributes": {
        "occluded": false,
        "truncated": false,
        "trafficLightColor": "NA"
      },
      "category": "traffic sign",
      "box2d": {
        "x1": 564.504341,
        "y1": 363.485191,
        "x2": 582.93087,
        "y2": 388.053895
      }
    },
    {
      "id": "11517",
      "attributes": {
        "occluded": false,
        "truncated": false,
        "trafficLightColor": "NA"
      },
      "category": "traffic sign",
      "box2d": {
        "x1": 539.935637,
        "y1": 366.556279,
        "x2": 552.219989,
        "y2": 375.769543
      }
    },
    {
      "id": "11518",
      "attributes": {
        "occluded": false,
        "truncated": false,
        "trafficLightColor": "NA"
      },
      "category": "traffic sign",
      "box2d": {
        "x1": 518.438022,
        "y1": 355.807472,
        "x2": 530.722374,
        "y2": 375.769543
      }
    },
    {
      "id": "11519",
      "attributes": {
        "occluded": true,
        "truncated": false,
        "trafficLightColor": "NA"
      },
      "category": "car",
      "box2d": {
        "x1": 453.945173,
        "y1": 398.583348,
        "x2": 469.1398759067563,
        "y2": 415.411566096206
      }
    },
    {
      "id": "11520",
      "attributes": {
        "occluded": true,
        "truncated": false,
        "trafficLightColor": "NA"
      },
      "category": "car",
      "box2d": {
        "x1": 480.2786718430899,
        "y1": 393.976714,
        "x2": 490.798229,
        "y2": 413.4458962250883
      }
    },
    {
      "id": "11521",
      "attributes": {
        "occluded": true,
        "truncated": false,
        "trafficLightColor": "NA"
      },
      "category": "car",
      "box2d": {
        "x1": 486.191597,
        "y1": 393.976714,
        "x2": 507.689212,
        "y2": 418.68768254806884
      }
    },
    {
      "id": "11522",
      "attributes": {
        "occluded": true,
        "truncated": false,
        "trafficLightColor": "NA"
      },
      "category": "car",
      "box2d": {
        "x1": 501.9972328385098,
        "y1": 396.16748429037256,
        "x2": 532.0413117825225,
        "y2": 423.2742455806768
      }
    },
    {
      "id": "11523",
      "attributes": {
        "occluded": false,
        "truncated": false,
        "trafficLightColor": "NA"
      },
      "category": "car",
      "box2d": {
        "x1": 515.366933,
        "y1": 401.654436,
        "x2": 558.362166,
        "y2": 430.829772
      }
    },
    {
      "id": "11524",
      "attributes": {
        "occluded": true,
        "truncated": false,
        "trafficLightColor": "NA"
      },
      "category": "car",
      "box2d": {
        "x1": 702.4581346133531,
        "y1": 384.74338203260794,
        "x2": 798.7171909641563,
        "y2": 467.1742060356386
      }
    },
    {
      "id": "11525",
      "attributes": {
        "occluded": true,
        "truncated": false,
        "trafficLightColor": "NA"
      },
      "category": "car",
      "box2d": {
        "x1": 790.1992881893129,
        "y1": 385.271294739068,
        "x2": 850.4798309035889,
        "y2": 425.89513874216703
      }
    },
    {
      "id": "11526",
      "attributes": {
        "occluded": true,
        "truncated": false,
        "trafficLightColor": "NA"
      },
      "category": "car",
      "box2d": {
        "x1": 779.480502,
        "y1": 390.88555903260794,
        "x2": 1005.205472,
        "y2": 505.83238016761993
      }
    },
    {
      "id": "11527",
      "attributes": {
        "occluded": false,
        "truncated": false,
        "trafficLightColor": "NA"
      },
      "category": "car",
      "box2d": {
        "x1": 598.286309,
        "y1": 390.5130810620485,
        "x2": 741.091903,
        "y2": 485.5204581660704
      }
    },
    {
      "id": "11528",
      "attributes": {
        "occluded": true,
        "truncated": false,
        "trafficLightColor": "NA"
      },
      "category": "car",
      "box2d": {
        "x1": 590.608588,
        "y1": 400.118893,
        "x2": 622.855013,
        "y2": 443.114126
      }
    },
    {
      "id": "11529",
      "attributes": {
        "occluded": false,
        "truncated": true,
        "trafficLightColor": "NA"
      },
      "category": "car",
      "box2d": {
        "x1": 969.0752464610231,
        "y1": 349.44594,
        "x2": 1280.0,
        "y2": 584.4591750123277
      }
    },
    {
      "id": "11530",
      "attributes": {
        "occluded": false,
        "truncated": false,
        "trafficLightColor": "NA"
      },
      "category": "car",
      "box2d": {
        "x1": 430.48188712888236,
        "y1": 397.047803,
        "x2": 456.69063338967754,
        "y2": 421.96379899993167
      }
    },
    {
      "id": "11531",
      "attributes": {
        "occluded": false,
        "truncated": false,
        "trafficLightColor": "NA"
      },
      "category": "traffic sign",
      "box2d": {
        "x1": 266.856843,
        "y1": 362.137253,
        "x2": 282.044332,
        "y2": 372.262246
      }
    },
    {
      "id": "11532",
      "attributes": {
        "occluded": true,
        "truncated": false,
        "trafficLightColor": "NA"
      },
      "category": "car",
      "box2d": {
        "x1": 260.106847,
        "y1": 406.012223,
        "x2": 278.669335,
        "y2": 421.199712
      }
    },
    {
      "id": "11533",
      "attributes": {
        "occluded": true,
        "truncated": false,
        "crowd": false,
        "trafficLightColor": "NA"
      },
      "category": "car",
      "box2d": {
        "x1": 489.4517979083058,
        "y1": 397.0653139657742,
        "x2": 507.14282674836505,
        "y2": 419.99812912881396
      }
    }
  ],
  "attributes": {
    "weather": "overcast",
    "timeofday": "daytime",
    "scene": "highway"
  },
  "processing_info": {
    "processed_at": "2025-07-07T01:09:13.339919",
    "source": "bdd100k_complete_preprocessing_refactored"
  }
}