{
  "image_filename": "01c5cd64-6e208afd.jpg",
  "video_name": "01c5cd64-6e208afd.jpg",
  "frame_index": 0,
  "metadata": {
    "weather": "overcast",
    "scene": "city street",
    "timeofday": "daytime"
  },
  "labels": [
    {
      "id": "11565",
      "attributes": {
        "occluded": true,
        "truncated": false,
        "trafficLightColor": "NA"
      },
      "category": "car",
      "box2d": {
        "x1": 597.10603,
        "y1": 379.831682,
        "x2": 619.146856,
        "y2": 404.076592
      }
    },
    {
      "id": "11566",
      "attributes": {
        "occluded": true,
        "truncated": false,
        "trafficLightColor": "NA"
      },
      "category": "car",
      "box2d": {
        "x1": 560.738667,
        "y1": 375.423516,
        "x2": 598.208071,
        "y2": 412.89292
      }
    },
    {
      "id": "11567",
      "attributes": {
        "occluded": true,
        "truncated": false,
        "trafficLightColor": "NA"
      },
      "category": "car",
      "box2d": {
        "x1": 730.453029,
        "y1": 370.98534345186283,
        "x2": 788.8888416085679,
        "y2": 418.03245925769625
      }
    },
    {
      "id": "11568",
      "attributes": {
        "occluded": false,
        "truncated": false,
        "trafficLightColor": "NA"
      },
      "category": "car",
      "box2d": {
        "x1": 495.71823,
        "y1": 361.6832562856557,
        "x2": 571.759081,
        "y2": 428.5160319036573
      }
    },
    {
      "id": "11569",
      "attributes": {
        "occluded": true,
        "truncated": false,
        "trafficLightColor": "NA"
      },
      "category": "car",
      "box2d": {
        "x1": 113.309895,
        "y1": 312.9976735945947,
        "x2": 447.228413,
        "y2": 520.2162162162161
      }
    },
    {
      "id": "11570",
      "attributes": {
        "occluded": true,
        "truncated": false,
        "trafficLightColor": "NA"
      },
      "category": "car",
      "box2d": {
        "x1": 0.0,
        "y1": 377.627598,
        "x2": 129.840514,
        "y2": 450.362326
      }
    },
    {
      "id": "11571",
      "attributes": {
        "occluded": true,
        "truncated": false,
        "trafficLightColor": "NA"
      },
      "category": "traffic sign",
      "box2d": {
        "x1": 267.595678,
        "y1": 309.301036,
        "x2": 308.371207,
        "y2": 321.423491
      }
    },
    {
      "id": "11572",
      "attributes": {
        "occluded": false,
        "truncated": false,
        "trafficLightColor": "NA"
      },
      "category": "car",
      "box2d": {
        "x1": 615.840733,
        "y1": 342.362276,
        "x2": 733.759153,
        "y2": 449.260283
      }
    },
    {
      "id": "11573",
      "attributes": {
        "occluded": true,
        "truncated": false,
        "trafficLightColor": "NA"
      },
      "category": "car",
      "box2d": {
        "x1": 862.9290734206677,
        "y1": 318.4385191210664,
        "x2": 1096.1885647933007,
        "y2": 496.00403081203143
      }
    },
    {
      "id": "11574",
      "attributes": {
        "occluded": true,
        "truncated": true,
        "trafficLightColor": "NA"
      },
      "category": "car",
      "box2d": {
        "x1": 993.7297297297297,
        "y1": 243.55113,
        "x2": 1278.347643,
        "y2": 659.027027027027
      }
    },
    {
      "id": "11575",
      "attributes": {
        "occluded": false,
        "truncated": false,
        "trafficLightColor": "NA"
      },
      "category": "traffic sign",
      "box2d": {
        "x1": 984.419925,
        "y1": 157.071021,
        "x2": 1043.930157,
        "y2": 178.009806
      }
    },
    {
      "id": "11576",
      "attributes": {
        "occluded": false,
        "truncated": false,
        "trafficLightColor": "NA"
      },
      "category": "traffic sign",
      "box2d": {
        "x1": 1034.011784,
        "y1": 139.438361,
        "x2": 1060.460776,
        "y2": 155.96898
      }
    },
    {
      "id": "11577",
      "attributes": {
        "occluded": false,
        "truncated": false,
        "trafficLightColor": "NA"
      },
      "category": "traffic sign",
      "box2d": {
        "x1": 1130.99142,
        "y1": 133.928154,
        "x2": 1180.583279,
        "y2": 169.193476
      }
    },
    {
      "id": "11578",
      "attributes": {
        "occluded": false,
        "truncated": false,
        "trafficLightColor": "NA"
      },
      "category": "traffic sign",
      "box2d": {
        "x1": 993.236255,
        "y1": 176.907765,
        "x2": 1027.399536,
        "y2": 200.050634
      }
    },
    {
      "id": "11579",
      "attributes": {
        "occluded": false,
        "truncated": false,
        "trafficLightColor": "NA"
      },
      "category": "pedestrian",
      "box2d": {
        "x1": 466.460509,
        "y1": 373.071118,
        "x2": 484.093171,
        "y2": 417.15277
      }
    },
    {
      "id": "11580",
      "attributes": {
        "occluded": false,
        "truncated": false,
        "trafficLightColor": "NA"
      },
      "category": "pedestrian",
      "box2d": {
        "x1": 484.093169,
        "y1": 370.867034,
        "x2": 503.929913,
        "y2": 413.846645
      }
    },
    {
      "id": "11581",
      "attributes": {
        "occluded": false,
        "truncated": true,
        "trafficLightColor": "NA"
      },
      "category": "car",
      "box2d": {
        "x1": 1.399077,
        "y1": 380.10810810810807,
        "x2": 206.27027027027026,
        "y2": 616.2162162162161
      }
    }
  ],
  "attributes": {
    "weather": "overcast",
    "timeofday": "daytime",
    "scene": "city street"
  },
  "processing_info": {
    "processed_at": "2025-07-07T01:09:16.811741",
    "source": "bdd100k_complete_preprocessing_refactored"
  }
}