{
  "image_filename": "0204aad7-05dbee41.jpg",
  "video_name": "0204aad7-05dbee41.jpg",
  "frame_index": 0,
  "metadata": {
    "weather": "undefined",
    "scene": "city street",
    "timeofday": "daytime"
  },
  "labels": [
    {
      "id": "13088",
      "attributes": {
        "occluded": true,
        "truncated": false,
        "trafficLightColor": "NA"
      },
      "category": "pedestrian",
      "box2d": {
        "x1": 270.935507,
        "y1": 366.222149,
        "x2": 287.773307,
        "y2": 406.020586
      }
    },
    {
      "id": "13089",
      "attributes": {
        "occluded": true,
        "truncated": false,
        "trafficLightColor": "NA"
      },
      "category": "pedestrian",
      "box2d": {
        "x1": 260.220544,
        "y1": 369.283567,
        "x2": 280.119762,
        "y2": 421.327677
      }
    },
    {
      "id": "13090",
      "attributes": {
        "occluded": true,
        "truncated": false,
        "trafficLightColor": "NA"
      },
      "category": "pedestrian",
      "box2d": {
        "x1": 244.913454,
        "y1": 367.752857,
        "x2": 263.281963,
        "y2": 419.796967
      }
    },
    {
      "id": "13091",
      "attributes": {
        "occluded": true,
        "truncated": false,
        "trafficLightColor": "NA"
      },
      "category": "pedestrian",
      "box2d": {
        "x1": 119.395309,
        "y1": 352.445767,
        "x2": 139.294527,
        "y2": 409.082003
      }
    },
    {
      "id": "13092",
      "attributes": {
        "occluded": true,
        "truncated": false,
        "trafficLightColor": "NA"
      },
      "category": "pedestrian",
      "box2d": {
        "x1": 88.781128,
        "y1": 352.445767,
        "x2": 128.579564,
        "y2": 409.082003
      }
    },
    {
      "id": "13093",
      "attributes": {
        "occluded": true,
        "truncated": false,
        "trafficLightColor": "NA"
      },
      "category": "pedestrian",
      "box2d": {
        "x1": 42.859854,
        "y1": 338.669385,
        "x2": 84.189,
        "y2": 412.143421
      }
    },
    {
      "id": "13094",
      "attributes": {
        "occluded": true,
        "truncated": false,
        "trafficLightColor": "NA"
      },
      "category": "pedestrian",
      "box2d": {
        "x1": 16.8378,
        "y1": 360.099312,
        "x2": 38.267727,
        "y2": 396.83633
      }
    },
    {
      "id": "13095",
      "attributes": {
        "occluded": true,
        "truncated": false,
        "trafficLightColor": "NA"
      },
      "category": "pedestrian",
      "box2d": {
        "x1": 3.061418,
        "y1": 358.568603,
        "x2": 18.36851,
        "y2": 381.529238
      }
    },
    {
      "id": "13096",
      "attributes": {
        "occluded": false,
        "truncated": false,
        "trafficLightColor": "NA"
      },
      "category": "pedestrian",
      "box2d": {
        "x1": 805.152978,
        "y1": 367.752857,
        "x2": 818.92936,
        "y2": 410.612713
      }
    },
    {
      "id": "13097",
      "attributes": {
        "occluded": true,
        "truncated": false,
        "trafficLightColor": "NA"
      },
      "category": "pedestrian",
      "box2d": {
        "x1": 1157.598746,
        "y1": 346.322932,
        "x2": 1186.68222,
        "y2": 432.04264
      }
    },
    {
      "id": "13098",
      "attributes": {
        "occluded": true,
        "truncated": false,
        "trafficLightColor": "NA"
      },
      "category": "pedestrian",
      "box2d": {
        "x1": 1123.923146,
        "y1": 337.138676,
        "x2": 1156.068037,
        "y2": 432.042639
      }
    },
    {
      "id": "13099",
      "attributes": {
        "occluded": true,
        "truncated": false,
        "trafficLightColor": "NA"
      },
      "category": "pedestrian",
      "box2d": {
        "x1": 1162.190873,
        "y1": 340.200093,
        "x2": 1201.989311,
        "y2": 444.288311
      }
    },
    {
      "id": "13100",
      "attributes": {
        "occluded": true,
        "truncated": false,
        "trafficLightColor": "NA"
      },
      "category": "pedestrian",
      "box2d": {
        "x1": 1195.866472,
        "y1": 346.322932,
        "x2": 1220.35782,
        "y2": 444.288314
      }
    },
    {
      "id": "13101",
      "attributes": {
        "occluded": true,
        "truncated": false,
        "trafficLightColor": "NA"
      },
      "category": "pedestrian",
      "box2d": {
        "x1": 1203.520019,
        "y1": 343.261513,
        "x2": 1246.379873,
        "y2": 451.941859
      }
    },
    {
      "id": "13102",
      "attributes": {
        "occluded": true,
        "truncated": false,
        "trafficLightColor": "NA"
      },
      "category": "pedestrian",
      "box2d": {
        "x1": 1234.134199,
        "y1": 334.077258,
        "x2": 1273.932637,
        "y2": 455.003276
      }
    },
    {
      "id": "13103",
      "attributes": {
        "occluded": false,
        "truncated": false,
        "trafficLightColor": "G"
      },
      "category": "traffic light",
      "box2d": {
        "x1": 885.132529,
        "y1": 283.563859,
        "x2": 894.316783,
        "y2": 304.993786
      }
    },
    {
      "id": "13104",
      "attributes": {
        "occluded": false,
        "truncated": false,
        "trafficLightColor": "NA"
      },
      "category": "traffic light",
      "box2d": {
        "x1": 877.478984,
        "y1": 285.094567,
        "x2": 888.193948,
        "y2": 306.524494
      }
    },
    {
      "id": "13105",
      "attributes": {
        "occluded": false,
        "truncated": false,
        "trafficLightColor": "NA"
      },
      "category": "traffic light",
      "box2d": {
        "x1": 996.874292,
        "y1": 190.190604,
        "x2": 1012.181383,
        "y2": 223.866203
      }
    },
    {
      "id": "13106",
      "attributes": {
        "occluded": false,
        "truncated": false,
        "trafficLightColor": "G"
      },
      "category": "traffic light",
      "box2d": {
        "x1": 984.628619,
        "y1": 190.190604,
        "x2": 999.935711,
        "y2": 226.927621
      }
    },
    {
      "id": "13107",
      "attributes": {
        "occluded": false,
        "truncated": false,
        "trafficLightColor": "NA"
      },
      "category": "traffic light",
      "box2d": {
        "x1": 966.26011,
        "y1": 193.252021,
        "x2": 983.09791,
        "y2": 226.927621
      }
    },
    {
      "id": "13108",
      "attributes": {
        "occluded": false,
        "truncated": false,
        "trafficLightColor": "NA"
      },
      "category": "traffic sign",
      "box2d": {
        "x1": 1061.164074,
        "y1": 171.822096,
        "x2": 1099.431801,
        "y2": 208.559113
      }
    },
    {
      "id": "13109",
      "attributes": {
        "occluded": false,
        "truncated": false,
        "trafficLightColor": "NA"
      },
      "category": "traffic sign",
      "box2d": {
        "x1": 1050.44911,
        "y1": 321.831585,
        "x2": 1067.286911,
        "y2": 335.607967
      }
    },
    {
      "id": "13110",
      "attributes": {
        "occluded": false,
        "truncated": false,
        "trafficLightColor": "NA"
      },
      "category": "traffic light",
      "box2d": {
        "x1": 266.726057,
        "y1": 249.888258,
        "x2": 280.502439,
        "y2": 275.910312
      }
    },
    {
      "id": "13111",
      "attributes": {
        "occluded": false,
        "truncated": false,
        "trafficLightColor": "G"
      },
      "category": "traffic light",
      "box2d": {
        "x1": 256.011095,
        "y1": 249.888258,
        "x2": 265.195349,
        "y2": 275.910312
      }
    },
    {
      "id": "13112",
      "attributes": {
        "occluded": false,
        "truncated": false,
        "trafficLightColor": "NA"
      },
      "category": "traffic light",
      "box2d": {
        "x1": 248.357549,
        "y1": 248.357549,
        "x2": 257.541804,
        "y2": 274.379604
      }
    },
    {
      "id": "13113",
      "attributes": {
        "occluded": true,
        "truncated": false,
        "trafficLightColor": "NA"
      },
      "category": "car",
      "box2d": {
        "x1": 433.190671,
        "y1": 363.798533,
        "x2": 489.826907,
        "y2": 425.026898
      }
    },
    {
      "id": "13114",
      "attributes": {
        "occluded": false,
        "truncated": false,
        "trafficLightColor": "NA"
      },
      "category": "car",
      "box2d": {
        "x1": 278.589054,
        "y1": 333.4054054054054,
        "x2": 439.313507,
        "y2": 452.579661
      }
    },
    {
      "id": "13115",
      "attributes": {
        "occluded": true,
        "truncated": false,
        "trafficLightColor": "NA"
      },
      "category": "car",
      "box2d": {
        "x1": 475.28517,
        "y1": 254.863062,
        "x2": 796.734079,
        "y2": 502.837934
      }
    },
    {
      "id": "13116",
      "attributes": {
        "occluded": false,
        "truncated": false,
        "trafficLightColor": "NA"
      },
      "category": "car",
      "box2d": {
        "x1": 833.471097,
        "y1": 329.5135135135135,
        "x2": 1096.2162162162163,
        "y2": 489.061554
      }
    },
    {
      "id": "13117",
      "attributes": {
        "occluded": true,
        "truncated": true,
        "trafficLightColor": "NA"
      },
      "category": "car",
      "box2d": {
        "x1": 0.0,
        "y1": 371.196953,
        "x2": 81.338049,
        "y2": 529.625345
      }
    },
    {
      "id": "13118",
      "attributes": {
        "occluded": true,
        "truncated": false,
        "trafficLightColor": "NA"
      },
      "category": "pedestrian",
      "box2d": {
        "x1": 842.680537,
        "y1": 364.519185,
        "x2": 855.418441,
        "y2": 404.692577
      }
    }
  ],
  "attributes": {
    "weather": "undefined",
    "timeofday": "daytime",
    "scene": "city street"
  },
  "processing_info": {
    "processed_at": "2025-07-07T01:09:14.478615",
    "source": "bdd100k_complete_preprocessing_refactored"
  }
}