{
  "image_filename": "02133057-fc70cc0e.jpg",
  "video_name": "02133057-fc70cc0e.jpg",
  "frame_index": 0,
  "metadata": {
    "weather": "undefined",
    "scene": "city street",
    "timeofday": "daytime"
  },
  "labels": [
    {
      "id": "13645",
      "attributes": {
        "occluded": false,
        "truncated": false,
        "trafficLightColor": "NA"
      },
      "category": "car",
      "box2d": {
        "x1": 399.998218217918,
        "y1": 367.37018,
        "x2": 425.537126,
        "y2": 389.3898411356955
      }
    },
    {
      "id": "13646",
      "attributes": {
        "occluded": false,
        "truncated": false,
        "trafficLightColor": "NA"
      },
      "category": "car",
      "box2d": {
        "x1": 428.598544,
        "y1": 359.716635,
        "x2": 440.844216,
        "y2": 376.554433
      }
    },
    {
      "id": "13647",
      "attributes": {
        "occluded": true,
        "truncated": false,
        "trafficLightColor": "NA"
      },
      "category": "car",
      "box2d": {
        "x1": 379.615852,
        "y1": 361.247345,
        "x2": 402.576488,
        "y2": 384.20798
      }
    },
    {
      "id": "13648",
      "attributes": {
        "occluded": true,
        "truncated": false,
        "trafficLightColor": "NA"
      },
      "category": "car",
      "box2d": {
        "x1": 368.90089,
        "y1": 368.90089,
        "x2": 397.984362,
        "y2": 391.861525
      }
    },
    {
      "id": "13649",
      "attributes": {
        "occluded": true,
        "truncated": false,
        "trafficLightColor": "NA"
      },
      "category": "car",
      "box2d": {
        "x1": 354.4445989824921,
        "y1": 365.83947,
        "x2": 384.207981,
        "y2": 401.2462625805324
      }
    },
    {
      "id": "13650",
      "attributes": {
        "occluded": true,
        "truncated": false,
        "trafficLightColor": "NA"
      },
      "category": "car",
      "box2d": {
        "x1": 309.203236,
        "y1": 358.185925,
        "x2": 356.3166655264137,
        "y2": 416.2227949319053
      }
    },
    {
      "id": "13651",
      "attributes": {
        "occluded": true,
        "truncated": false,
        "trafficLightColor": "NA"
      },
      "category": "car",
      "box2d": {
        "x1": 301.54969,
        "y1": 364.308762,
        "x2": 339.817417,
        "y2": 417.883581
      }
    },
    {
      "id": "13652",
      "attributes": {
        "occluded": true,
        "truncated": false,
        "trafficLightColor": "NA"
      },
      "category": "car",
      "box2d": {
        "x1": 231.137072,
        "y1": 359.716635,
        "x2": 326.041035,
        "y2": 433.190671
      }
    },
    {
      "id": "13653",
      "attributes": {
        "occluded": true,
        "truncated": false,
        "trafficLightColor": "NA"
      },
      "category": "car",
      "box2d": {
        "x1": 214.299272,
        "y1": 373.493017,
        "x2": 291.38702839475656,
        "y2": 452.0855224596389
      }
    },
    {
      "id": "13654",
      "attributes": {
        "occluded": true,
        "truncated": false,
        "trafficLightColor": "NA"
      },
      "category": "car",
      "box2d": {
        "x1": 49.3712240801747,
        "y1": 340.7582524749313,
        "x2": 252.66449970442346,
        "y2": 492.7441775844887
      }
    },
    {
      "id": "13655",
      "attributes": {
        "occluded": false,
        "truncated": true,
        "trafficLightColor": "NA"
      },
      "category": "car",
      "box2d": {
        "x1": 0.0,
        "y1": 335.22529,
        "x2": 151.540198,
        "y2": 572.485198
      }
    },
    {
      "id": "13656",
      "attributes": {
        "occluded": true,
        "truncated": false,
        "trafficLightColor": "NA"
      },
      "category": "car",
      "box2d": {
        "x1": 442.374927,
        "y1": 358.185925,
        "x2": 460.743436,
        "y2": 378.085143
      }
    },
    {
      "id": "13657",
      "attributes": {
        "occluded": true,
        "truncated": false,
        "trafficLightColor": "NA"
      },
      "category": "car",
      "box2d": {
        "x1": 450.028471,
        "y1": 367.37018,
        "x2": 468.39698,
        "y2": 388.800107
      }
    },
    {
      "id": "13658",
      "attributes": {
        "occluded": true,
        "truncated": false,
        "trafficLightColor": "NA"
      },
      "category": "car",
      "box2d": {
        "x1": 459.212725,
        "y1": 362.778053,
        "x2": 479.111943,
        "y2": 390.330817
      }
    },
    {
      "id": "13659",
      "attributes": {
        "occluded": true,
        "truncated": false,
        "trafficLightColor": "NA"
      },
      "category": "car",
      "box2d": {
        "x1": 468.39698,
        "y1": 367.37018,
        "x2": 495.949744,
        "y2": 396.453652
      }
    },
    {
      "id": "13660",
      "attributes": {
        "occluded": true,
        "truncated": false,
        "trafficLightColor": "NA"
      },
      "category": "car",
      "box2d": {
        "x1": 482.173363,
        "y1": 361.247345,
        "x2": 523.502508,
        "y2": 401.045781
      }
    },
    {
      "id": "13661",
      "attributes": {
        "occluded": true,
        "truncated": false,
        "trafficLightColor": "NA"
      },
      "category": "car",
      "box2d": {
        "x1": 499.011162,
        "y1": 367.37018,
        "x2": 531.156053,
        "y2": 407.168617
      }
    },
    {
      "id": "13662",
      "attributes": {
        "occluded": true,
        "truncated": false,
        "trafficLightColor": "NA"
      },
      "category": "car",
      "box2d": {
        "x1": 521.971799,
        "y1": 356.655216,
        "x2": 609.222215,
        "y2": 428.598542
      }
    },
    {
      "id": "13663",
      "attributes": {
        "occluded": true,
        "truncated": false,
        "trafficLightColor": "NA"
      },
      "category": "car",
      "box2d": {
        "x1": 541.871017,
        "y1": 367.37018,
        "x2": 632.182852,
        "y2": 443.905634
      }
    },
    {
      "id": "13664",
      "attributes": {
        "occluded": true,
        "truncated": false,
        "trafficLightColor": "NA"
      },
      "category": "car",
      "box2d": {
        "x1": 595.445835,
        "y1": 360.11951682009783,
        "x2": 708.6222750330957,
        "y2": 475.3190396738388
      }
    },
    {
      "id": "13665",
      "attributes": {
        "occluded": true,
        "truncated": false,
        "trafficLightColor": "NA"
      },
      "category": "car",
      "box2d": {
        "x1": 656.3468613011461,
        "y1": 336.88599960589795,
        "x2": 952.407194,
        "y2": 529.625344
      }
    },
    {
      "id": "13666",
      "attributes": {
        "occluded": true,
        "truncated": true,
        "trafficLightColor": "NA"
      },
      "category": "car",
      "box2d": {
        "x1": 861.999684,
        "y1": 348.083247,
        "x2": 1276.821845,
        "y2": 710.8613
      }
    }
  ],
  "attributes": {
    "weather": "undefined",
    "timeofday": "daytime",
    "scene": "city street"
  },
  "processing_info": {
    "processed_at": "2025-07-07T01:09:16.556890",
    "source": "bdd100k_complete_preprocessing_refactored"
  }
}