{
  "image_filename": "021c0ade-877a81e9.jpg",
  "video_name": "021c0ade-877a81e9.jpg",
  "frame_index": 0,
  "metadata": {
    "weather": "overcast",
    "scene": "city street",
    "timeofday": "daytime"
  },
  "labels": [
    {
      "id": "13878",
      "attributes": {
        "occluded": false,
        "truncated": false,
        "trafficLightColor": "NA"
      },
      "category": "traffic sign",
      "box2d": {
        "x1": 68.723443,
        "y1": 409.572633,
        "x2": 114.775872,
        "y2": 456.604898
      }
    },
    {
      "id": "13879",
      "attributes": {
        "occluded": false,
        "truncated": false,
        "trafficLightColor": "NA"
      },
      "category": "traffic sign",
      "box2d": {
        "x1": 690.459771,
        "y1": 375.60489,
        "x2": 731.613003,
        "y2": 418.717798
      }
    },
    {
      "id": "13880",
      "attributes": {
        "occluded": false,
        "truncated": false,
        "trafficLightColor": "NA"
      },
      "category": "traffic sign",
      "box2d": {
        "x1": 695.358966,
        "y1": 417.73796,
        "x2": 723.774292,
        "y2": 448.112964
      }
    },
    {
      "id": "13881",
      "attributes": {
        "occluded": false,
        "truncated": false,
        "trafficLightColor": "NA"
      },
      "category": "traffic sign",
      "box2d": {
        "x1": 481.754099,
        "y1": 277.621006,
        "x2": 502.330712,
        "y2": 304.076655
      }
    },
    {
      "id": "13882",
      "attributes": {
        "occluded": false,
        "truncated": false,
        "trafficLightColor": "NA"
      },
      "category": "car",
      "box2d": {
        "x1": 132.412968,
        "y1": 389.975857,
        "x2": 272.4324324324324,
        "y2": 447.56756756756755
      }
    },
    {
      "id": "13883",
      "attributes": {
        "occluded": true,
        "truncated": true,
        "trafficLightColor": "NA"
      },
      "category": "car",
      "box2d": {
        "x1": 0.0,
        "y1": 353.395212,
        "x2": 79.04033,
        "y2": 437.661352
      }
    },
    {
      "id": "13884",
      "attributes": {
        "occluded": false,
        "truncated": false,
        "trafficLightColor": "NA"
      },
      "category": "traffic sign",
      "box2d": {
        "x1": 615.992012,
        "y1": 443.213767,
        "x2": 629.709756,
        "y2": 455.951669
      }
    },
    {
      "id": "13885",
      "attributes": {
        "occluded": true,
        "truncated": false,
        "trafficLightColor": "NA"
      },
      "category": "car",
      "box2d": {
        "x1": 455.298443,
        "y1": 405.000052,
        "x2": 527.806517,
        "y2": 436.354895
      }
    },
    {
      "id": "13886",
      "attributes": {
        "occluded": true,
        "truncated": false,
        "trafficLightColor": "NA"
      },
      "category": "car",
      "box2d": {
        "x1": 723.121061,
        "y1": 442.233938,
        "x2": 755.455743,
        "y2": 453.012168
      }
    },
    {
      "id": "13887",
      "attributes": {
        "occluded": true,
        "truncated": false,
        "trafficLightColor": "NA"
      },
      "category": "car",
      "box2d": {
        "x1": 661.881134,
        "y1": 445.82667,
        "x2": 691.276299,
        "y2": 457.584736
      }
    },
    {
      "id": "13888",
      "attributes": {
        "occluded": false,
        "truncated": true,
        "trafficLightColor": "NA"
      },
      "category": "traffic sign",
      "box2d": {
        "x1": 0.489919,
        "y1": 0.0,
        "x2": 48.502022,
        "y2": 41.153231
      }
    }
  ],
  "attributes": {
    "weather": "overcast",
    "timeofday": "daytime",
    "scene": "city street"
  },
  "processing_info": {
    "processed_at": "2025-07-07T01:09:12.735375",
    "source": "bdd100k_complete_preprocessing_refactored"
  }
}