{
  "image_filename": "023d0f3c-564e6d31.jpg",
  "video_name": "023d0f3c-564e6d31.jpg",
  "frame_index": 0,
  "metadata": {
    "weather": "snowy",
    "scene": "city street",
    "timeofday": "daytime"
  },
  "labels": [
    {
      "id": "14719",
      "attributes": {
        "occluded": true,
        "truncated": false,
        "trafficLightColor": "NA"
      },
      "category": "car",
      "box2d": {
        "x1": 792.824275,
        "y1": 385.909429,
        "x2": 806.191357,
        "y2": 400.491702
      }
    },
    {
      "id": "14720",
      "attributes": {
        "occluded": true,
        "truncated": false,
        "trafficLightColor": "NA"
      },
      "category": "car",
      "box2d": {
        "x1": 779.457192,
        "y1": 381.048672,
        "x2": 792.824276,
        "y2": 404.137269
      }
    },
    {
      "id": "14721",
      "attributes": {
        "occluded": true,
        "truncated": false,
        "trafficLightColor": "NA"
      },
      "category": "car",
      "box2d": {
        "x1": 770.950866,
        "y1": 381.048672,
        "x2": 785.533138,
        "y2": 404.137269
      }
    },
    {
      "id": "14722",
      "attributes": {
        "occluded": true,
        "truncated": false,
        "trafficLightColor": "NA"
      },
      "category": "car",
      "box2d": {
        "x1": 758.798972,
        "y1": 382.263862,
        "x2": 777.026812,
        "y2": 410.213217
      }
    },
    {
      "id": "14723",
      "attributes": {
        "occluded": true,
        "truncated": false,
        "trafficLightColor": "NA"
      },
      "category": "car",
      "box2d": {
        "x1": 735.710375,
        "y1": 371.327157,
        "x2": 760.014161,
        "y2": 412.643596
      }
    },
    {
      "id": "14724",
      "attributes": {
        "occluded": true,
        "truncated": false,
        "trafficLightColor": "NA"
      },
      "category": "car",
      "box2d": {
        "x1": 705.330639,
        "y1": 370.111968,
        "x2": 747.86227,
        "y2": 413.858786
      }
    },
    {
      "id": "14725",
      "attributes": {
        "occluded": true,
        "truncated": false,
        "trafficLightColor": "NA"
      },
      "category": "car",
      "box2d": {
        "x1": 698.039503,
        "y1": 373.757536,
        "x2": 738.140752,
        "y2": 423.580301
      }
    },
    {
      "id": "14726",
      "attributes": {
        "occluded": true,
        "truncated": false,
        "trafficLightColor": "NA"
      },
      "category": "car",
      "box2d": {
        "x1": 644.57117,
        "y1": 373.757536,
        "x2": 727.204048,
        "y2": 428.441057
      }
    },
    {
      "id": "14727",
      "attributes": {
        "occluded": true,
        "truncated": false,
        "trafficLightColor": "NA"
      },
      "category": "car",
      "box2d": {
        "x1": 599.609163,
        "y1": 373.757536,
        "x2": 671.305337,
        "y2": 438.162572
      }
    },
    {
      "id": "14728",
      "attributes": {
        "occluded": true,
        "truncated": false,
        "trafficLightColor": "NA"
      },
      "category": "car",
      "box2d": {
        "x1": 459.862385,
        "y1": 345.08108108108104,
        "x2": 629.988899,
        "y2": 472.187876
      }
    },
    {
      "id": "14729",
      "attributes": {
        "occluded": true,
        "truncated": false,
        "trafficLightColor": "NA"
      },
      "category": "car",
      "box2d": {
        "x1": 259.356136,
        "y1": 360.64864864864865,
        "x2": 543.710451,
        "y2": 513.504315
      }
    },
    {
      "id": "14730",
      "attributes": {
        "occluded": true,
        "truncated": true,
        "trafficLightColor": "NA"
      },
      "category": "car",
      "box2d": {
        "x1": 0.0,
        "y1": 326.017958,
        "x2": 375.493519,
        "y2": 631.030492
      }
    },
    {
      "id": "14731",
      "attributes": {
        "occluded": true,
        "truncated": false,
        "trafficLightColor": "NA"
      },
      "category": "car",
      "box2d": {
        "x1": 837.786299,
        "y1": 380.701481,
        "x2": 857.229331,
        "y2": 397.714132
      }
    },
    {
      "id": "14732",
      "attributes": {
        "occluded": true,
        "truncated": false,
        "trafficLightColor": "NA"
      },
      "category": "car",
      "box2d": {
        "x1": 856.014141,
        "y1": 385.562239,
        "x2": 871.811603,
        "y2": 402.57489
      }
    },
    {
      "id": "14733",
      "attributes": {
        "occluded": true,
        "truncated": false,
        "trafficLightColor": "NA"
      },
      "category": "car",
      "box2d": {
        "x1": 905.836906,
        "y1": 386.777427,
        "x2": 953.229291,
        "y2": 407.435647
      }
    },
    {
      "id": "14734",
      "attributes": {
        "occluded": true,
        "truncated": false,
        "trafficLightColor": "NA"
      },
      "category": "car",
      "box2d": {
        "x1": 943.507778,
        "y1": 384.347048,
        "x2": 995.76092,
        "y2": 413.511595
      }
    },
    {
      "id": "14735",
      "attributes": {
        "occluded": true,
        "truncated": false,
        "trafficLightColor": "NA"
      },
      "category": "car",
      "box2d": {
        "x1": 969.026754,
        "y1": 377.055914,
        "x2": 1046.798874,
        "y2": 452.397655
      }
    },
    {
      "id": "14736",
      "attributes": {
        "occluded": true,
        "truncated": false,
        "trafficLightColor": "NA"
      },
      "category": "car",
      "box2d": {
        "x1": 1007.912814,
        "y1": 369.764777,
        "x2": 1152.520349,
        "y2": 464.549549
      }
    },
    {
      "id": "14737",
      "attributes": {
        "occluded": true,
        "truncated": true,
        "trafficLightColor": "NA"
      },
      "category": "car",
      "box2d": {
        "x1": 1100.267207,
        "y1": 368.549587,
        "x2": 1278.900045,
        "y2": 509.511557
      }
    },
    {
      "id": "14738",
      "attributes": {
        "occluded": false,
        "truncated": false,
        "trafficLightColor": "NA"
      },
      "category": "traffic sign",
      "box2d": {
        "x1": 790.7411,
        "y1": 365.251209,
        "x2": 801.677804,
        "y2": 381.048672
      }
    },
    {
      "id": "14739",
      "attributes": {
        "occluded": false,
        "truncated": false,
        "trafficLightColor": "NA"
      },
      "category": "traffic sign",
      "box2d": {
        "x1": 766.437313,
        "y1": 361.605642,
        "x2": 779.804397,
        "y2": 374.972726
      }
    },
    {
      "id": "14740",
      "attributes": {
        "occluded": false,
        "truncated": false,
        "trafficLightColor": "NA"
      },
      "category": "traffic sign",
      "box2d": {
        "x1": 739.008746,
        "y1": 336.086666,
        "x2": 754.806209,
        "y2": 354.314507
      }
    },
    {
      "id": "14741",
      "attributes": {
        "occluded": false,
        "truncated": false,
        "trafficLightColor": "NA"
      },
      "category": "traffic sign",
      "box2d": {
        "x1": 275.84799,
        "y1": 235.225946,
        "x2": 318.379617,
        "y2": 263.175303
      }
    },
    {
      "id": "14742",
      "attributes": {
        "occluded": false,
        "truncated": false,
        "trafficLightColor": "NA"
      },
      "category": "traffic sign",
      "box2d": {
        "x1": 949.583724,
        "y1": 321.504393,
        "x2": 971.457134,
        "y2": 344.592991
      }
    },
    {
      "id": "14743",
      "attributes": {
        "occluded": false,
        "truncated": false,
        "trafficLightColor": "NA"
      },
      "category": "traffic sign",
      "box2d": {
        "x1": 250.329014,
        "y1": 324.860621,
        "x2": 263.696096,
        "y2": 345.51884
      }
    }
  ],
  "attributes": {
    "weather": "snowy",
    "timeofday": "daytime",
    "scene": "city street"
  },
  "processing_info": {
    "processed_at": "2025-07-07T01:09:13.205589",
    "source": "bdd100k_complete_preprocessing_refactored"
  }
}