{
  "image_filename": "0245bba2-838a71a5.jpg",
  "video_name": "0245bba2-838a71a5.jpg",
  "frame_index": 0,
  "metadata": {
    "weather": "partly cloudy",
    "scene": "city street",
    "timeofday": "daytime"
  },
  "labels": [
    {
      "id": "14797",
      "attributes": {
        "occluded": false,
        "truncated": false,
        "trafficLightColor": "G"
      },
      "category": "traffic light",
      "box2d": {
        "x1": 799.522566,
        "y1": 273.838673,
        "x2": 807.200286,
        "y2": 289.194113
      }
    },
    {
      "id": "14798",
      "attributes": {
        "occluded": false,
        "truncated": false,
        "trafficLightColor": "NA"
      },
      "category": "traffic light",
      "box2d": {
        "x1": 790.309302,
        "y1": 276.909761,
        "x2": 794.915934,
        "y2": 289.194113
      }
    },
    {
      "id": "14799",
      "attributes": {
        "occluded": false,
        "truncated": false,
        "trafficLightColor": "NA"
      },
      "category": "traffic sign",
      "box2d": {
        "x1": 1148.091055,
        "y1": 210.881368,
        "x2": 1178.801935,
        "y2": 233.914529
      }
    },
    {
      "id": "14800",
      "attributes": {
        "occluded": false,
        "truncated": false,
        "trafficLightColor": "NA"
      },
      "category": "traffic sign",
      "box2d": {
        "x1": 1129.664527,
        "y1": 152.530696,
        "x2": 1188.0152,
        "y2": 184.77712
      }
    },
    {
      "id": "14801",
      "attributes": {
        "occluded": false,
        "truncated": false,
        "trafficLightColor": "NA"
      },
      "category": "traffic sign",
      "box2d": {
        "x1": 794.915934,
        "y1": 217.023544,
        "x2": 865.550958,
        "y2": 260.7567567567568
      }
    },
    {
      "id": "14802",
      "attributes": {
        "occluded": false,
        "truncated": false,
        "trafficLightColor": "NA"
      },
      "category": "traffic sign",
      "box2d": {
        "x1": 702.783293,
        "y1": 286.123025,
        "x2": 736.565261,
        "y2": 304.549553
      }
    },
    {
      "id": "14803",
      "attributes": {
        "occluded": false,
        "truncated": false,
        "trafficLightColor": "G"
      },
      "category": "traffic light",
      "box2d": {
        "x1": 690.498941,
        "y1": 273.838673,
        "x2": 696.641118,
        "y2": 289.194113
      }
    },
    {
      "id": "14804",
      "attributes": {
        "occluded": false,
        "truncated": false,
        "trafficLightColor": "NA"
      },
      "category": "traffic light",
      "box2d": {
        "x1": 682.821223,
        "y1": 270.767585,
        "x2": 690.498943,
        "y2": 287.65857
      }
    },
    {
      "id": "14805",
      "attributes": {
        "occluded": true,
        "truncated": false,
        "trafficLightColor": "NA"
      },
      "category": "car",
      "box2d": {
        "x1": 708.925469,
        "y1": 332.189345,
        "x2": 730.423085,
        "y2": 344.473697
      }
    },
    {
      "id": "14806",
      "attributes": {
        "occluded": true,
        "truncated": false,
        "trafficLightColor": "NA"
      },
      "category": "car",
      "box2d": {
        "x1": 687.427853,
        "y1": 315.298361,
        "x2": 711.996557,
        "y2": 342.938153
      }
    },
    {
      "id": "14807",
      "attributes": {
        "occluded": true,
        "truncated": false,
        "trafficLightColor": "NA"
      },
      "category": "car",
      "box2d": {
        "x1": 659.788063,
        "y1": 322.976081,
        "x2": 685.892312,
        "y2": 347.544785
      }
    },
    {
      "id": "14808",
      "attributes": {
        "occluded": true,
        "truncated": false,
        "trafficLightColor": "NA"
      },
      "category": "car",
      "box2d": {
        "x1": 647.503709,
        "y1": 338.331521,
        "x2": 667.465783,
        "y2": 365.971313
      }
    },
    {
      "id": "14809",
      "attributes": {
        "occluded": true,
        "truncated": false,
        "trafficLightColor": "NA"
      },
      "category": "car",
      "box2d": {
        "x1": 601.437389,
        "y1": 326.047169,
        "x2": 653.645887,
        "y2": 379.791209
      }
    },
    {
      "id": "14810",
      "attributes": {
        "occluded": true,
        "truncated": false,
        "trafficLightColor": "NA"
      },
      "category": "car",
      "box2d": {
        "x1": 549.228893,
        "y1": 339.867065,
        "x2": 583.010861,
        "y2": 378.255665
      }
    },
    {
      "id": "14811",
      "attributes": {
        "occluded": true,
        "truncated": false,
        "trafficLightColor": "NA"
      },
      "category": "car",
      "box2d": {
        "x1": 481.664957,
        "y1": 319.904993,
        "x2": 553.835524,
        "y2": 384.39784
      }
    },
    {
      "id": "14812",
      "attributes": {
        "occluded": true,
        "truncated": false,
        "trafficLightColor": "NA"
      },
      "category": "car",
      "box2d": {
        "x1": 417.88684810810815,
        "y1": 338.331521,
        "x2": 497.7351381081081,
        "y2": 401.288825
      }
    },
    {
      "id": "14813",
      "attributes": {
        "occluded": false,
        "truncated": false,
        "trafficLightColor": "NA"
      },
      "category": "car",
      "box2d": {
        "x1": 275.90206,
        "y1": 337.2972972972973,
        "x2": 435.598636,
        "y2": 422.786442
      }
    },
    {
      "id": "14814",
      "attributes": {
        "occluded": true,
        "truncated": false,
        "trafficLightColor": "NA"
      },
      "category": "car",
      "box2d": {
        "x1": 168.41398,
        "y1": 332.189345,
        "x2": 306.61294,
        "y2": 416.644265
      }
    },
    {
      "id": "14815",
      "attributes": {
        "occluded": true,
        "truncated": false,
        "trafficLightColor": "NA"
      },
      "category": "car",
      "box2d": {
        "x1": 725.816453,
        "y1": 326.047169,
        "x2": 747.314069,
        "y2": 342.938153
      }
    },
    {
      "id": "14816",
      "attributes": {
        "occluded": true,
        "truncated": false,
        "trafficLightColor": "NA"
      },
      "category": "car",
      "box2d": {
        "x1": 742.707437,
        "y1": 329.118257,
        "x2": 764.205053,
        "y2": 341.402608
      }
    },
    {
      "id": "14817",
      "attributes": {
        "occluded": true,
        "truncated": false,
        "trafficLightColor": "NA"
      },
      "category": "car",
      "box2d": {
        "x1": 831.76899,
        "y1": 335.260433,
        "x2": 850.195519,
        "y2": 361.364681
      }
    },
    {
      "id": "14818",
      "attributes": {
        "occluded": true,
        "truncated": false,
        "trafficLightColor": "NA"
      },
      "category": "car",
      "box2d": {
        "x1": 754.991789,
        "y1": 316.833905,
        "x2": 839.44671,
        "y2": 399.753281
      }
    },
    {
      "id": "14819",
      "attributes": {
        "occluded": true,
        "truncated": false,
        "trafficLightColor": "NA"
      },
      "category": "truck",
      "box2d": {
        "x1": 804.129198,
        "y1": 303.014009,
        "x2": 877.83531,
        "y2": 350.615874
      }
    },
    {
      "id": "14820",
      "attributes": {
        "occluded": true,
        "truncated": false,
        "trafficLightColor": "NA"
      },
      "category": "car",
      "box2d": {
        "x1": 850.195518,
        "y1": 315.298361,
        "x2": 930.043806,
        "y2": 381.326753
      }
    },
    {
      "id": "14821",
      "attributes": {
        "occluded": true,
        "truncated": false,
        "trafficLightColor": "NA"
      },
      "category": "car",
      "box2d": {
        "x1": 876.299766,
        "y1": 335.260433,
        "x2": 963.825775,
        "y2": 402.824369
      }
    },
    {
      "id": "14822",
      "attributes": {
        "occluded": true,
        "truncated": false,
        "trafficLightColor": "NA"
      },
      "category": "car",
      "box2d": {
        "x1": 922.366086,
        "y1": 342.48648648648646,
        "x2": 1095.882559,
        "y2": 445.819601
      }
    },
    {
      "id": "14823",
      "attributes": {
        "occluded": false,
        "truncated": true,
        "trafficLightColor": "NA"
      },
      "category": "car",
      "box2d": {
        "x1": 1086.669294,
        "y1": 295.336289,
        "x2": 1280.0,
        "y2": 593.231826
      }
    },
    {
      "id": "14824",
      "attributes": {
        "occluded": false,
        "truncated": false,
        "trafficLightColor": "NA"
      },
      "category": "car",
      "box2d": {
        "x1": 610.650653,
        "y1": 341.402609,
        "x2": 840.982254,
        "y2": 536.416698
      }
    },
    {
      "id": "14825",
      "attributes": {
        "occluded": false,
        "truncated": false,
        "trafficLightColor": "NA"
      },
      "category": "traffic sign",
      "box2d": {
        "x1": 873.202948,
        "y1": 284.414675,
        "x2": 889.170088,
        "y2": 295.392083
      }
    }
  ],
  "attributes": {
    "weather": "partly cloudy",
    "timeofday": "daytime",
    "scene": "city street"
  },
  "processing_info": {
    "processed_at": "2025-07-07T01:09:14.713577",
    "source": "bdd100k_complete_preprocessing_refactored"
  }
}