{
  "image_filename": "0248ab56-904b42ad.jpg",
  "video_name": "0248ab56-904b42ad.jpg",
  "frame_index": 0,
  "metadata": {
    "weather": "overcast",
    "scene": "city street",
    "timeofday": "daytime"
  },
  "labels": [
    {
      "id": "14943",
      "attributes": {
        "occluded": false,
        "truncated": false,
        "trafficLightColor": "NA"
      },
      "category": "traffic sign",
      "box2d": {
        "x1": 334.571106,
        "y1": 61.975769,
        "x2": 375.992908,
        "y2": 103.711353
      }
    },
    {
      "id": "14944",
      "attributes": {
        "occluded": false,
        "truncated": true,
        "trafficLightColor": "NA"
      },
      "category": "traffic sign",
      "box2d": {
        "x1": 815.314859,
        "y1": 0.0,
        "x2": 851.55892,
        "y2": 25.731705
      }
    },
    {
      "id": "14945",
      "attributes": {
        "occluded": false,
        "truncated": false,
        "trafficLightColor": "NA"
      },
      "category": "pedestrian",
      "box2d": {
        "x1": 254.39485,
        "y1": 139.955415,
        "x2": 284.049081,
        "y2": 205.853708
      }
    },
    {
      "id": "14946",
      "attributes": {
        "occluded": false,
        "truncated": false,
        "trafficLightColor": "NA"
      },
      "category": "pedestrian",
      "box2d": {
        "x1": 446.127519,
        "y1": 148.741854,
        "x2": 466.995312,
        "y2": 182.789307
      }
    },
    {
      "id": "14947",
      "attributes": {
        "occluded": false,
        "truncated": false,
        "trafficLightColor": "NA"
      },
      "category": "pedestrian",
      "box2d": {
        "x1": 719.605433,
        "y1": 146.545245,
        "x2": 740.473226,
        "y2": 187.182525
      }
    },
    {
      "id": "14948",
      "attributes": {
        "occluded": false,
        "truncated": false,
        "trafficLightColor": "NA"
      },
      "category": "pedestrian",
      "box2d": {
        "x1": 776.717287,
        "y1": 147.64355,
        "x2": 795.38847,
        "y2": 198.165572
      }
    },
    {
      "id": "14949",
      "attributes": {
        "occluded": false,
        "truncated": false,
        "trafficLightColor": "NA"
      },
      "category": "pedestrian",
      "box2d": {
        "x1": 805.273214,
        "y1": 144.348635,
        "x2": 827.23931,
        "y2": 195.968965
      }
    },
    {
      "id": "14950",
      "attributes": {
        "occluded": true,
        "truncated": false,
        "trafficLightColor": "NA"
      },
      "category": "pedestrian",
      "box2d": {
        "x1": 833.986041,
        "y1": 144.348635,
        "x2": 853.755529,
        "y2": 187.182523
      }
    },
    {
      "id": "14951",
      "attributes": {
        "occluded": true,
        "truncated": false,
        "trafficLightColor": "NA"
      },
      "category": "car",
      "box2d": {
        "x1": 563.803042,
        "y1": 155.331684,
        "x2": 587.965749,
        "y2": 171.806259
      }
    },
    {
      "id": "14952",
      "attributes": {
        "occluded": true,
        "truncated": false,
        "trafficLightColor": "NA"
      },
      "category": "car",
      "box2d": {
        "x1": 617.619981,
        "y1": 154.233379,
        "x2": 635.19286,
        "y2": 172.90456
      }
    },
    {
      "id": "14953",
      "attributes": {
        "occluded": true,
        "truncated": false,
        "trafficLightColor": "NA"
      },
      "category": "car",
      "box2d": {
        "x1": 634.094554,
        "y1": 149.840159,
        "x2": 658.257264,
        "y2": 175.101171
      }
    },
    {
      "id": "14954",
      "attributes": {
        "occluded": false,
        "truncated": false,
        "trafficLightColor": "NA"
      },
      "category": "car",
      "box2d": {
        "x1": 592.045164,
        "y1": 152.036769,
        "x2": 620.601091,
        "y2": 179.494393
      }
    },
    {
      "id": "14955",
      "attributes": {
        "occluded": false,
        "truncated": false,
        "trafficLightColor": "NA"
      },
      "category": "car",
      "box2d": {
        "x1": 653.550237,
        "y1": 145.44694,
        "x2": 695.285823,
        "y2": 184.985915
      }
    },
    {
      "id": "14956",
      "attributes": {
        "occluded": true,
        "truncated": false,
        "trafficLightColor": "NA"
      },
      "category": "car",
      "box2d": {
        "x1": 515.199278,
        "y1": 159.71373,
        "x2": 529.896861,
        "y2": 170.491957
      }
    }
  ],
  "attributes": {
    "weather": "overcast",
    "timeofday": "daytime",
    "scene": "city street"
  },
  "processing_info": {
    "processed_at": "2025-07-07T01:09:15.341467",
    "source": "bdd100k_complete_preprocessing_refactored"
  }
}