{
  "image_filename": "02504d95-8ede0c80.jpg",
  "video_name": "02504d95-8ede0c80.jpg",
  "frame_index": 0,
  "metadata": {
    "weather": "overcast",
    "scene": "highway",
    "timeofday": "dawn/dusk"
  },
  "labels": [
    {
      "id": "15163",
      "attributes": {
        "occluded": false,
        "truncated": false,
        "trafficLightColor": "NA"
      },
      "category": "traffic sign",
      "box2d": {
        "x1": 575.437104,
        "y1": 397.574726,
        "x2": 592.312093,
        "y2": 409.38722
      }
    },
    {
      "id": "15164",
      "attributes": {
        "occluded": false,
        "truncated": false,
        "trafficLightColor": "NA"
      },
      "category": "traffic sign",
      "box2d": {
        "x1": 540.421502,
        "y1": 393.609104,
        "x2": 558.562116,
        "y2": 409.38722
      }
    },
    {
      "id": "15165",
      "attributes": {
        "occluded": true,
        "truncated": false,
        "trafficLightColor": "NA"
      },
      "category": "car",
      "box2d": {
        "x1": 569.108984,
        "y1": 422.296585,
        "x2": 579.233977,
        "y2": 435.796575
      }
    },
    {
      "id": "15166",
      "attributes": {
        "occluded": true,
        "truncated": false,
        "trafficLightColor": "NA"
      },
      "category": "car",
      "box2d": {
        "x1": 574.171479,
        "y1": 420.609086,
        "x2": 584.296472,
        "y2": 439.171574
      }
    },
    {
      "id": "15167",
      "attributes": {
        "occluded": true,
        "truncated": false,
        "trafficLightColor": "NA"
      },
      "category": "car",
      "box2d": {
        "x1": 550.546497,
        "y1": 420.609086,
        "x2": 567.421486,
        "y2": 437.484074
      }
    },
    {
      "id": "15168",
      "attributes": {
        "occluded": true,
        "truncated": false,
        "trafficLightColor": "NA"
      },
      "category": "car",
      "box2d": {
        "x1": 628.171444,
        "y1": 418.921587,
        "x2": 636.608938,
        "y2": 432.421577
      }
    },
    {
      "id": "15169",
      "attributes": {
        "occluded": true,
        "truncated": false,
        "trafficLightColor": "NA"
      },
      "category": "car",
      "box2d": {
        "x1": 633.233941,
        "y1": 422.296585,
        "x2": 645.046433,
        "y2": 439.171571
      }
    },
    {
      "id": "15170",
      "attributes": {
        "occluded": true,
        "truncated": false,
        "trafficLightColor": "NA"
      },
      "category": "car",
      "box2d": {
        "x1": 638.296436,
        "y1": 417.234087,
        "x2": 678.796409,
        "y2": 449.296565
      }
    },
    {
      "id": "15171",
      "attributes": {
        "occluded": true,
        "truncated": false,
        "trafficLightColor": "NA"
      },
      "category": "car",
      "box2d": {
        "x1": 531.984009,
        "y1": 415.546589,
        "x2": 562.358989,
        "y2": 452.671564
      }
    },
    {
      "id": "15172",
      "attributes": {
        "occluded": true,
        "truncated": false,
        "trafficLightColor": "NA"
      },
      "category": "car",
      "box2d": {
        "x1": 587.671471,
        "y1": 413.85909,
        "x2": 621.421448,
        "y2": 420.609086
      }
    },
    {
      "id": "15173",
      "attributes": {
        "occluded": true,
        "truncated": false,
        "trafficLightColor": "NA"
      },
      "category": "car",
      "box2d": {
        "x1": 504.984029,
        "y1": 413.85909,
        "x2": 545.484001,
        "y2": 459.421559
      }
    },
    {
      "id": "15174",
      "attributes": {
        "occluded": true,
        "truncated": false,
        "trafficLightColor": "NA"
      },
      "category": "car",
      "box2d": {
        "x1": 37.357001,
        "y1": 401.962219,
        "x2": 66.044481,
        "y2": 422.212205
      }
    },
    {
      "id": "15175",
      "attributes": {
        "occluded": true,
        "truncated": false,
        "trafficLightColor": "NA"
      },
      "category": "car",
      "box2d": {
        "x1": 17.107014,
        "y1": 413.77471,
        "x2": 50.856993,
        "y2": 427.2747
      }
    },
    {
      "id": "15176",
      "attributes": {
        "occluded": true,
        "truncated": true,
        "trafficLightColor": "NA"
      },
      "category": "car",
      "box2d": {
        "x1": 0.0,
        "y1": 400.27472,
        "x2": 18.794512,
        "y2": 423.899704
      }
    },
    {
      "id": "15177",
      "attributes": {
        "occluded": true,
        "truncated": false,
        "trafficLightColor": "NA"
      },
      "category": "car",
      "box2d": {
        "x1": 1216.91869,
        "y1": 422.212205,
        "x2": 1259.106161,
        "y2": 445.837188
      }
    },
    {
      "id": "15178",
      "attributes": {
        "occluded": true,
        "truncated": false,
        "trafficLightColor": "NA"
      },
      "category": "car",
      "box2d": {
        "x1": 1137.606244,
        "y1": 422.212205,
        "x2": 1181.481214,
        "y2": 435.712195
      }
    },
    {
      "id": "15179",
      "attributes": {
        "occluded": true,
        "truncated": false,
        "trafficLightColor": "NA"
      },
      "category": "car",
      "box2d": {
        "x1": 1002.968538,
        "y1": 422.212205,
        "x2": 1026.231321,
        "y2": 445.837188
      }
    },
    {
      "id": "15180",
      "attributes": {
        "occluded": true,
        "truncated": false,
        "trafficLightColor": "NA"
      },
      "category": "car",
      "box2d": {
        "x1": 881.10642,
        "y1": 420.524707,
        "x2": 903.043905,
        "y2": 439.087194
      }
    },
    {
      "id": "15181",
      "attributes": {
        "occluded": true,
        "truncated": false,
        "trafficLightColor": "NA"
      },
      "category": "car",
      "box2d": {
        "x1": 824.174437,
        "y1": 423.224707,
        "x2": 846.111922,
        "y2": 440.099697
      }
    },
    {
      "id": "15182",
      "attributes": {
        "occluded": true,
        "truncated": false,
        "trafficLightColor": "NA"
      },
      "category": "car",
      "box2d": {
        "x1": 766.799474,
        "y1": 424.912205,
        "x2": 792.111957,
        "y2": 435.037198
      }
    },
    {
      "id": "15183",
      "attributes": {
        "occluded": true,
        "truncated": false,
        "trafficLightColor": "NA"
      },
      "category": "car",
      "box2d": {
        "x1": 807.299448,
        "y1": 426.599705,
        "x2": 824.174437,
        "y2": 438.412197
      }
    },
    {
      "id": "15184",
      "attributes": {
        "occluded": true,
        "truncated": false,
        "trafficLightColor": "NA"
      },
      "category": "car",
      "box2d": {
        "x1": 1075.168787,
        "y1": 417.356229,
        "x2": 1129.168749,
        "y2": 449.212188
      }
    },
    {
      "id": "15185",
      "attributes": {
        "occluded": false,
        "truncated": false,
        "trafficLightColor": "NA"
      },
      "category": "car",
      "box2d": {
        "x1": 572.294133,
        "y1": 415.46221,
        "x2": 636.419088,
        "y2": 469.462172
      }
    },
    {
      "id": "15186",
      "attributes": {
        "occluded": false,
        "truncated": false,
        "trafficLightColor": "NA"
      },
      "category": "car",
      "box2d": {
        "x1": 671.856563,
        "y1": 413.77471,
        "x2": 730.919023,
        "y2": 461.024677
      }
    },
    {
      "id": "15187",
      "attributes": {
        "occluded": false,
        "truncated": false,
        "trafficLightColor": "NA"
      },
      "category": "car",
      "box2d": {
        "x1": 408.606746,
        "y1": 401.962219,
        "x2": 519.98167,
        "y2": 482.962164
      }
    },
    {
      "id": "15188",
      "attributes": {
        "occluded": false,
        "truncated": false,
        "trafficLightColor": "NA"
      },
      "category": "car",
      "box2d": {
        "x1": 64.356982,
        "y1": 374.962237,
        "x2": 383.294263,
        "y2": 572.399602
      }
    },
    {
      "id": "15189",
      "attributes": {
        "occluded": false,
        "truncated": true,
        "trafficLightColor": "NA"
      },
      "category": "car",
      "box2d": {
        "x1": 1162.918726,
        "y1": 457.64968,
        "x2": 1279.356146,
        "y2": 704.024511
      }
    }
  ],
  "attributes": {
    "weather": "overcast",
    "timeofday": "dawn/dusk",
    "scene": "highway"
  },
  "processing_info": {
    "processed_at": "2025-07-07T01:09:12.409689",
    "source": "bdd100k_complete_preprocessing_refactored"
  }
}