{
  "image_filename": "027e72be-02d4782f.jpg",
  "video_name": "027e72be-02d4782f.jpg",
  "frame_index": 0,
  "metadata": {
    "weather": "overcast",
    "scene": "city street",
    "timeofday": "daytime"
  },
  "labels": [
    {
      "id": "16505",
      "attributes": {
        "occluded": true,
        "truncated": false,
        "trafficLightColor": "NA"
      },
      "category": "car",
      "box2d": {
        "x1": 710.215455,
        "y1": 315.018355,
        "x2": 722.190809,
        "y2": 333.979335
      }
    },
    {
      "id": "16506",
      "attributes": {
        "occluded": true,
        "truncated": false,
        "trafficLightColor": "NA"
      },
      "category": "truck",
      "box2d": {
        "x1": 683.270907,
        "y1": 296.057378,
        "x2": 711.3759263574934,
        "y2": 350.944422
      }
    },
    {
      "id": "16507",
      "attributes": {
        "occluded": true,
        "truncated": false,
        "trafficLightColor": "NA"
      },
      "category": "car",
      "box2d": {
        "x1": 678.281176,
        "y1": 320.673387,
        "x2": 696.244208,
        "y2": 348.615883
      }
    },
    {
      "id": "16508",
      "attributes": {
        "occluded": true,
        "truncated": false,
        "trafficLightColor": "NA"
      },
      "category": "truck",
      "box2d": {
        "x1": 647.3933720526124,
        "y1": 276.431105,
        "x2": 684.268854,
        "y2": 369.240105
      }
    },
    {
      "id": "16509",
      "attributes": {
        "occluded": true,
        "truncated": false,
        "trafficLightColor": "NA"
      },
      "category": "truck",
      "box2d": {
        "x1": 465.7297297297297,
        "y1": 222.542009,
        "x2": 652.897247691742,
        "y2": 421.7344708483012
      }
    },
    {
      "id": "16510",
      "attributes": {
        "occluded": true,
        "truncated": false,
        "trafficLightColor": "NA"
      },
      "category": "car",
      "box2d": {
        "x1": 214.05405405405403,
        "y1": 249.08108108108107,
        "x2": 559.1351351351351,
        "y2": 486.48648648648646
      }
    },
    {
      "id": "16511",
      "attributes": {
        "occluded": false,
        "truncated": true,
        "trafficLightColor": "NA"
      },
      "category": "car",
      "box2d": {
        "x1": 0.0,
        "y1": 250.37837837837836,
        "x2": 368.917845,
        "y2": 717.855987
      }
    },
    {
      "id": "16512",
      "attributes": {
        "occluded": true,
        "truncated": false,
        "trafficLightColor": "NA"
      },
      "category": "car",
      "box2d": {
        "x1": 760.112766,
        "y1": 322.003984,
        "x2": 766.100444,
        "y2": 337.971121
      }
    },
    {
      "id": "16513",
      "attributes": {
        "occluded": true,
        "truncated": false,
        "trafficLightColor": "NA"
      },
      "category": "car",
      "box2d": {
        "x1": 763.106606,
        "y1": 323.00193,
        "x2": 780.07169,
        "y2": 342.960854
      }
    },
    {
      "id": "16514",
      "attributes": {
        "occluded": true,
        "truncated": false,
        "trafficLightColor": "NA"
      },
      "category": "car",
      "box2d": {
        "x1": 777.077852,
        "y1": 323.999876,
        "x2": 788.055261,
        "y2": 345.954694
      }
    },
    {
      "id": "16515",
      "attributes": {
        "occluded": true,
        "truncated": false,
        "trafficLightColor": "NA"
      },
      "category": "car",
      "box2d": {
        "x1": 783.065529,
        "y1": 323.999876,
        "x2": 800.030615,
        "y2": 353.938263
      }
    },
    {
      "id": "16516",
      "attributes": {
        "occluded": true,
        "truncated": false,
        "trafficLightColor": "NA"
      },
      "category": "car",
      "box2d": {
        "x1": 790.051154,
        "y1": 327.991661,
        "x2": 814.001863,
        "y2": 361.921834
      }
    },
    {
      "id": "16517",
      "attributes": {
        "occluded": true,
        "truncated": false,
        "trafficLightColor": "NA"
      },
      "category": "car",
      "box2d": {
        "x1": 809.012131,
        "y1": 328.989607,
        "x2": 838.950517,
        "y2": 371.901295
      }
    },
    {
      "id": "16518",
      "attributes": {
        "occluded": true,
        "truncated": false,
        "trafficLightColor": "NA"
      },
      "category": "truck",
      "box2d": {
        "x1": 833.1491748732345,
        "y1": 256.61820167441493,
        "x2": 996.8894751373384,
        "y2": 403.158890566239
      }
    },
    {
      "id": "16519",
      "attributes": {
        "occluded": true,
        "truncated": false,
        "trafficLightColor": "NA"
      },
      "category": "car",
      "box2d": {
        "x1": 930.842967467784,
        "y1": 303.375653,
        "x2": 1056.170154,
        "y2": 469.89338269068475
      }
    },
    {
      "id": "16520",
      "attributes": {
        "occluded": false,
        "truncated": true,
        "trafficLightColor": "NA"
      },
      "category": "truck",
      "box2d": {
        "x1": 1030.054054054054,
        "y1": 35.027027027027025,
        "x2": 1278.71216,
        "y2": 614.9189189189188
      }
    },
    {
      "id": "16521",
      "attributes": {
        "occluded": false,
        "truncated": false,
        "trafficLightColor": "NA"
      },
      "category": "traffic sign",
      "box2d": {
        "x1": 226.334192,
        "y1": 115.761763,
        "x2": 274.235611,
        "y2": 154.681666
      }
    }
  ],
  "attributes": {
    "weather": "overcast",
    "timeofday": "daytime",
    "scene": "city street"
  },
  "processing_info": {
    "processed_at": "2025-07-07T01:09:14.589670",
    "source": "bdd100k_complete_preprocessing_refactored"
  }
}