{
  "image_filename": "029abf56-094a6f08.jpg",
  "video_name": "029abf56-094a6f08.jpg",
  "frame_index": 0,
  "metadata": {
    "weather": "clear",
    "scene": "highway",
    "timeofday": "daytime"
  },
  "labels": [
    {
      "id": "17256",
      "attributes": {
        "occluded": false,
        "truncated": true,
        "trafficLightColor": "NA"
      },
      "category": "car",
      "box2d": {
        "x1": 0.997945,
        "y1": 410.155899,
        "x2": 231.523526,
        "y2": 533.901231
      }
    },
    {
      "id": "17257",
      "attributes": {
        "occluded": false,
        "truncated": false,
        "trafficLightColor": "NA"
      },
      "category": "car",
      "box2d": {
        "x1": 254.476288,
        "y1": 424.72592,
        "x2": 373.231889,
        "y2": 498.573941
      }
    },
    {
      "id": "17258",
      "attributes": {
        "occluded": false,
        "truncated": false,
        "trafficLightColor": "NA"
      },
      "category": "car",
      "box2d": {
        "x1": 377.223674,
        "y1": 433.707436,
        "x2": 453.067585,
        "y2": 482.606801
      }
    },
    {
      "id": "17259",
      "attributes": {
        "occluded": false,
        "truncated": false,
        "trafficLightColor": "NA"
      },
      "category": "car",
      "box2d": {
        "x1": 500.969006,
        "y1": 414.746458,
        "x2": 583.798542,
        "y2": 485.600639
      }
    },
    {
      "id": "17260",
      "attributes": {
        "occluded": false,
        "truncated": false,
        "trafficLightColor": "NA"
      },
      "category": "car",
      "box2d": {
        "x1": 612.738983,
        "y1": 438.697166,
        "x2": 654.652725,
        "y2": 478.020697
      }
    },
    {
      "id": "17261",
      "attributes": {
        "occluded": true,
        "truncated": false,
        "trafficLightColor": "NA"
      },
      "category": "car",
      "box2d": {
        "x1": 441.092231,
        "y1": 436.102501,
        "x2": 485.999811,
        "y2": 471.030619
      }
    },
    {
      "id": "17262",
      "attributes": {
        "occluded": true,
        "truncated": false,
        "trafficLightColor": "NA"
      },
      "category": "car",
      "box2d": {
        "x1": 484.003921,
        "y1": 439.09634,
        "x2": 511.946414,
        "y2": 466.04089
      }
    },
    {
      "id": "17263",
      "attributes": {
        "occluded": true,
        "truncated": false,
        "trafficLightColor": "NA"
      },
      "category": "car",
      "box2d": {
        "x1": 599.765682,
        "y1": 446.081963,
        "x2": 611.741037,
        "y2": 459.055263
      }
    },
    {
      "id": "17264",
      "attributes": {
        "occluded": true,
        "truncated": false,
        "trafficLightColor": "NA"
      },
      "category": "rider",
      "box2d": {
        "x1": 587.790329,
        "y1": 437.100447,
        "x2": 600.763626,
        "y2": 460.05321
      }
    },
    {
      "id": "17265",
      "attributes": {
        "occluded": true,
        "truncated": false,
        "trafficLightColor": "NA"
      },
      "category": "motorcycle",
      "box2d": {
        "x1": 587.790329,
        "y1": 453.067586,
        "x2": 600.763626,
        "y2": 471.03062
      }
    },
    {
      "id": "17266",
      "attributes": {
        "occluded": true,
        "truncated": false,
        "trafficLightColor": "NA"
      },
      "category": "traffic sign",
      "box2d": {
        "x1": 496.977221,
        "y1": 416.143577,
        "x2": 510.948469,
        "y2": 434.106609
      }
    }
  ],
  "attributes": {
    "weather": "clear",
    "timeofday": "daytime",
    "scene": "highway"
  },
  "processing_info": {
    "processed_at": "2025-07-07T01:09:16.602254",
    "source": "bdd100k_complete_preprocessing_refactored"
  }
}