{
  "image_filename": "02d3ac59-ada9555d.jpg",
  "video_name": "02d3ac59-ada9555d.jpg",
  "frame_index": 0,
  "metadata": {
    "weather": "overcast",
    "scene": "residential",
    "timeofday": "daytime"
  },
  "labels": [
    {
      "id": "18927",
      "attributes": {
        "occluded": false,
        "truncated": true,
        "trafficLightColor": "NA"
      },
      "category": "car",
      "box2d": {
        "x1": 0.0,
        "y1": 202.26501236779382,
        "x2": 212.288696,
        "y2": 470.1461710635234
      }
    },
    {
      "id": "18928",
      "attributes": {
        "occluded": true,
        "truncated": false,
        "trafficLightColor": "NA"
      },
      "category": "car",
      "box2d": {
        "x1": 117.27837,
        "y1": 182.84010042530852,
        "x2": 189.39289143923173,
        "y2": 258.733473
      }
    },
    {
      "id": "18929",
      "attributes": {
        "occluded": true,
        "truncated": false,
        "trafficLightColor": "NA"
      },
      "category": "car",
      "box2d": {
        "x1": 163.6175275155493,
        "y1": 173.5012004529598,
        "x2": 348.65226515935063,
        "y2": 302.1704883275406
      }
    },
    {
      "id": "18930",
      "attributes": {
        "occluded": true,
        "truncated": false,
        "trafficLightColor": "NA"
      },
      "category": "car",
      "box2d": {
        "x1": 335.90985798319684,
        "y1": 203.88375312966355,
        "x2": 369.1563418847582,
        "y2": 232.2740090456036
      }
    },
    {
      "id": "18931",
      "attributes": {
        "occluded": false,
        "truncated": false,
        "trafficLightColor": "NA"
      },
      "category": "car",
      "box2d": {
        "x1": 365.5037968733561,
        "y1": 200.115496,
        "x2": 420.7900847096605,
        "y2": 245.14093726306047
      }
    },
    {
      "id": "18932",
      "attributes": {
        "occluded": false,
        "truncated": false,
        "trafficLightColor": "NA"
      },
      "category": "car",
      "box2d": {
        "x1": 390.433054,
        "y1": 191.505187,
        "x2": 599.752677,
        "y2": 375.587692
      }
    },
    {
      "id": "18933",
      "attributes": {
        "occluded": true,
        "truncated": false,
        "trafficLightColor": "NA"
      },
      "category": "car",
      "box2d": {
        "x1": 660.2394800006813,
        "y1": 205.50249959154544,
        "x2": 734.9506797794709,
        "y2": 238.74898349310683
      }
    },
    {
      "id": "18934",
      "attributes": {
        "occluded": true,
        "truncated": false,
        "trafficLightColor": "NA"
      },
      "category": "car",
      "box2d": {
        "x1": 722.3743096834072,
        "y1": 205.54400138030195,
        "x2": 796.0893753318454,
        "y2": 238.12638826161285
      }
    },
    {
      "id": "18935",
      "attributes": {
        "occluded": true,
        "truncated": false,
        "trafficLightColor": "NA"
      },
      "category": "car",
      "box2d": {
        "x1": 793.8480393384817,
        "y1": 201.89145636889987,
        "x2": 864.823679128332,
        "y2": 236.2586082671431
      }
    },
    {
      "id": "18936",
      "attributes": {
        "occluded": true,
        "truncated": false,
        "trafficLightColor": "NA"
      },
      "category": "car",
      "box2d": {
        "x1": 1026.324404516848,
        "y1": 200.6047641171554,
        "x2": 1056.9559964261518,
        "y2": 217.78834006627702
      }
    },
    {
      "id": "18937",
      "attributes": {
        "occluded": true,
        "truncated": false,
        "trafficLightColor": "NA"
      },
      "category": "car",
      "box2d": {
        "x1": 992.7043646163927,
        "y1": 197.24276012710988,
        "x2": 1016.9855045444993,
        "y2": 205.46099210277674
      }
    },
    {
      "id": "18938",
      "attributes": {
        "occluded": false,
        "truncated": false,
        "trafficLightColor": "NA"
      },
      "category": "traffic sign",
      "box2d": {
        "x1": 754.73826,
        "y1": 24.346391,
        "x2": 785.022838,
        "y2": 62.94433599999999
      }
    },
    {
      "id": "18939",
      "attributes": {
        "occluded": false,
        "truncated": false,
        "trafficLightColor": "NA"
      },
      "category": "traffic sign",
      "box2d": {
        "x1": 767.505281,
        "y1": 80.164961,
        "x2": 786.804253,
        "y2": 93.525789
      }
    },
    {
      "id": "18940",
      "attributes": {
        "occluded": false,
        "truncated": false,
        "trafficLightColor": "NA"
      },
      "category": "traffic sign",
      "box2d": {
        "x1": 754.73826,
        "y1": 97.979397,
        "x2": 785.319717,
        "y2": 142.515487
      }
    },
    {
      "id": "18941",
      "attributes": {
        "occluded": false,
        "truncated": false,
        "trafficLightColor": "NA"
      },
      "category": "traffic sign",
      "box2d": {
        "x1": 754.144453,
        "y1": 142.515487,
        "x2": 780.866107,
        "y2": 154.391778
      }
    },
    {
      "id": "18942",
      "attributes": {
        "occluded": false,
        "truncated": false,
        "trafficLightColor": "NA"
      },
      "category": "traffic sign",
      "box2d": {
        "x1": 605.690822,
        "y1": 54.927844,
        "x2": 671.010419,
        "y2": 84.618571
      }
    },
    {
      "id": "18943",
      "attributes": {
        "occluded": false,
        "truncated": false,
        "trafficLightColor": "G"
      },
      "category": "traffic light",
      "box2d": {
        "x1": 532.948541,
        "y1": 44.53609,
        "x2": 549.278441,
        "y2": 84.618571
      }
    },
    {
      "id": "18944",
      "attributes": {
        "occluded": false,
        "truncated": false,
        "trafficLightColor": "NA"
      },
      "category": "traffic light",
      "box2d": {
        "x1": 513.649569,
        "y1": 44.53609,
        "x2": 531.464005,
        "y2": 84.618571
      }
    },
    {
      "id": "18945",
      "attributes": {
        "occluded": true,
        "truncated": false,
        "trafficLightColor": "NA"
      },
      "category": "car",
      "box2d": {
        "x1": 1068.569276,
        "y1": 204.6308708274636,
        "x2": 1095.9718046660996,
        "y2": 219.711375
      }
    },
    {
      "id": "18946",
      "attributes": {
        "occluded": false,
        "truncated": false,
        "trafficLightColor": "NA"
      },
      "category": "traffic light",
      "box2d": {
        "x1": 307.29902,
        "y1": 90.556716,
        "x2": 320.659847,
        "y2": 121.73198
      }
    },
    {
      "id": "18947",
      "attributes": {
        "occluded": false,
        "truncated": false,
        "trafficLightColor": "G"
      },
      "category": "traffic light",
      "box2d": {
        "x1": 296.907265,
        "y1": 89.072179,
        "x2": 305.814483,
        "y2": 118.762906
      }
    },
    {
      "id": "18948",
      "attributes": {
        "occluded": false,
        "truncated": false,
        "trafficLightColor": "NA"
      },
      "category": "traffic sign",
      "box2d": {
        "x1": 92.041253,
        "y1": 124.701051,
        "x2": 118.762906,
        "y2": 132.123732
      }
    },
    {
      "id": "18949",
      "attributes": {
        "occluded": false,
        "truncated": false,
        "trafficLightColor": "NA"
      },
      "category": "traffic sign",
      "box2d": {
        "x1": 191.505187,
        "y1": 102.433007,
        "x2": 203.381478,
        "y2": 115.793835
      }
    },
    {
      "id": "18950",
      "attributes": {
        "occluded": false,
        "truncated": false,
        "trafficLightColor": "NA"
      },
      "category": "traffic sign",
      "box2d": {
        "x1": 23.752581,
        "y1": 146.969097,
        "x2": 56.412378,
        "y2": 176.659824
      }
    },
    {
      "id": "18951",
      "attributes": {
        "occluded": false,
        "truncated": false,
        "trafficLightColor": "G"
      },
      "category": "traffic light",
      "box2d": {
        "x1": 93.14997,
        "y1": 168.284079,
        "x2": 113.552987,
        "y2": 182.974251
      }
    },
    {
      "id": "18952",
      "attributes": {
        "occluded": false,
        "truncated": false,
        "trafficLightColor": "NA"
      },
      "category": "traffic light",
      "box2d": {
        "x1": 637.012788,
        "y1": 179.709769,
        "x2": 650.886839,
        "y2": 193.58382
      }
    },
    {
      "id": "18953",
      "attributes": {
        "occluded": false,
        "truncated": false,
        "trafficLightColor": "R"
      },
      "category": "traffic light",
      "box2d": {
        "x1": 771.672698,
        "y1": 155.226149,
        "x2": 803.501404,
        "y2": 186.238734
      }
    },
    {
      "id": "18954",
      "attributes": {
        "occluded": true,
        "truncated": false,
        "trafficLightColor": "NA"
      },
      "category": "traffic light",
      "box2d": {
        "x1": 439.185134,
        "y1": 184.606493,
        "x2": 448.162461,
        "y2": 193.58382
      }
    },
    {
      "id": "18955",
      "attributes": {
        "occluded": true,
        "truncated": false,
        "trafficLightColor": "NA"
      },
      "category": "traffic light",
      "box2d": {
        "x1": 487.336253,
        "y1": 183.790372,
        "x2": 493.049098,
        "y2": 191.951579
      }
    }
  ],
  "attributes": {
    "weather": "overcast",
    "timeofday": "daytime",
    "scene": "residential"
  },
  "processing_info": {
    "processed_at": "2025-07-07T01:09:15.957068",
    "source": "bdd100k_complete_preprocessing_refactored"
  }
}