{
  "image_filename": "02ddd956-1bee234c.jpg",
  "video_name": "02ddd956-1bee234c.jpg",
  "frame_index": 0,
  "metadata": {
    "weather": "undefined",
    "scene": "city street",
    "timeofday": "daytime"
  },
  "labels": [
    {
      "id": "19474",
      "attributes": {
        "occluded": true,
        "truncated": false,
        "trafficLightColor": "NA"
      },
      "category": "car",
      "box2d": {
        "x1": 559.8483915023943,
        "y1": 385.805546,
        "x2": 576.462368,
        "y2": 424.75109158074497
      }
    },
    {
      "id": "19475",
      "attributes": {
        "occluded": false,
        "truncated": false,
        "trafficLightColor": "NA"
      },
      "category": "car",
      "box2d": {
        "x1": 565.232581,
        "y1": 382.062284,
        "x2": 627.2690100694086,
        "y2": 439.481644483785
      }
    },
    {
      "id": "19476",
      "attributes": {
        "occluded": false,
        "truncated": false,
        "trafficLightColor": "NA"
      },
      "category": "car",
      "box2d": {
        "x1": 434.37714676720924,
        "y1": 377.029304742026,
        "x2": 535.1812330687412,
        "y2": 460.9673376934962
      }
    },
    {
      "id": "19477",
      "attributes": {
        "occluded": false,
        "truncated": false,
        "trafficLightColor": "NA"
      },
      "category": "car",
      "box2d": {
        "x1": 59.61953143846134,
        "y1": 354.8898805542333,
        "x2": 431.722899,
        "y2": 581.702931
      }
    },
    {
      "id": "19478",
      "attributes": {
        "occluded": true,
        "truncated": false,
        "trafficLightColor": "NA"
      },
      "category": "car",
      "box2d": {
        "x1": 388.18071824565055,
        "y1": 362.21158611257175,
        "x2": 447.8002556691247,
        "y2": 423.40005873140046
      }
    },
    {
      "id": "19479",
      "attributes": {
        "occluded": true,
        "truncated": false,
        "trafficLightColor": "NA"
      },
      "category": "car",
      "box2d": {
        "x1": 809.792374,
        "y1": 384.557792,
        "x2": 1009.5090197145843,
        "y2": 457.8496241843649
      }
    },
    {
      "id": "19480",
      "attributes": {
        "occluded": false,
        "truncated": true,
        "trafficLightColor": "NA"
      },
      "category": "car",
      "box2d": {
        "x1": 976.7957670000001,
        "y1": 301.40098919686596,
        "x2": 1280.0,
        "y2": 674.5499966988461
      }
    },
    {
      "id": "19481",
      "attributes": {
        "occluded": true,
        "truncated": true,
        "trafficLightColor": "NA"
      },
      "category": "bicycle",
      "box2d": {
        "x1": 0.0,
        "y1": 380.81453,
        "x2": 81.104013,
        "y2": 465.661805
      }
    },
    {
      "id": "19482",
      "attributes": {
        "occluded": true,
        "truncated": true,
        "trafficLightColor": "NA"
      },
      "category": "rider",
      "box2d": {
        "x1": 3.743262,
        "y1": 334.647631,
        "x2": 49.42145266865655,
        "y2": 461.918544
      }
    },
    {
      "id": "19483",
      "attributes": {
        "occluded": false,
        "truncated": true,
        "trafficLightColor": "G"
      },
      "category": "traffic light",
      "box2d": {
        "x1": 6.23877,
        "y1": 292.223993,
        "x2": 28.698343,
        "y2": 322.17009
      }
    },
    {
      "id": "19484",
      "attributes": {
        "occluded": false,
        "truncated": false,
        "trafficLightColor": "G"
      },
      "category": "traffic light",
      "box2d": {
        "x1": 264.523856,
        "y1": 148.732278,
        "x2": 284.487922,
        "y2": 196.146932
      }
    },
    {
      "id": "19485",
      "attributes": {
        "occluded": false,
        "truncated": false,
        "trafficLightColor": "G"
      },
      "category": "traffic light",
      "box2d": {
        "x1": 697.49451,
        "y1": 127.520459,
        "x2": 713.715312,
        "y2": 173.687358
      }
    },
    {
      "id": "19486",
      "attributes": {
        "occluded": false,
        "truncated": false,
        "trafficLightColor": "G"
      },
      "category": "traffic light",
      "box2d": {
        "x1": 850.968257,
        "y1": 340.886401,
        "x2": 870.932323,
        "y2": 359.602709
      }
    },
    {
      "id": "19487",
      "attributes": {
        "occluded": false,
        "truncated": false,
        "trafficLightColor": "R"
      },
      "category": "traffic light",
      "box2d": {
        "x1": 828.508684,
        "y1": 340.886401,
        "x2": 845.977241,
        "y2": 358.354956
      }
    },
    {
      "id": "19488",
      "attributes": {
        "occluded": false,
        "truncated": false,
        "trafficLightColor": "NA"
      },
      "category": "traffic sign",
      "box2d": {
        "x1": 850.968257,
        "y1": 132.511475,
        "x2": 919.594729,
        "y2": 177.43062
      }
    },
    {
      "id": "19489",
      "attributes": {
        "occluded": false,
        "truncated": false,
        "trafficLightColor": "NA"
      },
      "category": "traffic sign",
      "box2d": {
        "x1": 18.716311,
        "y1": 181.173882,
        "x2": 69.874226,
        "y2": 198.642439
      }
    },
    {
      "id": "19490",
      "attributes": {
        "occluded": false,
        "truncated": false,
        "trafficLightColor": "NA"
      },
      "category": "pedestrian",
      "box2d": {
        "x1": 834.747455,
        "y1": 362.09822,
        "x2": 910.860452,
        "y2": 561.738867
      }
    },
    {
      "id": "19491",
      "attributes": {
        "occluded": false,
        "truncated": false,
        "trafficLightColor": "NA"
      },
      "category": "traffic sign",
      "box2d": {
        "x1": 581.7699013741513,
        "y1": 340.886401,
        "x2": 596.426431,
        "y2": 357.41761480009376
      }
    }
  ],
  "attributes": {
    "weather": "undefined",
    "timeofday": "daytime",
    "scene": "city street"
  },
  "processing_info": {
    "processed_at": "2025-07-07T01:09:13.825634",
    "source": "bdd100k_complete_preprocessing_refactored"
  }
}