{
  "image_filename": "0311770a-42a9e854.jpg",
  "video_name": "0311770a-42a9e854.jpg",
  "frame_index": 0,
  "metadata": {
    "weather": "overcast",
    "scene": "highway",
    "timeofday": "daytime"
  },
  "labels": [
    {
      "id": "21019",
      "attributes": {
        "occluded": false,
        "truncated": false,
        "trafficLightColor": "NA"
      },
      "category": "traffic sign",
      "box2d": {
        "x1": 779.646519,
        "y1": 390.846418,
        "x2": 835.920217,
        "y2": 415.402214
      }
    },
    {
      "id": "21020",
      "attributes": {
        "occluded": true,
        "truncated": false,
        "trafficLightColor": "NA"
      },
      "category": "car",
      "box2d": {
        "x1": 461.444331,
        "y1": 433.5239726933117,
        "x2": 481.5952982513697,
        "y2": 447.120118
      }
    },
    {
      "id": "21021",
      "attributes": {
        "occluded": true,
        "truncated": false,
        "trafficLightColor": "NA"
      },
      "category": "car",
      "box2d": {
        "x1": 387.776943,
        "y1": 436.1701007056819,
        "x2": 424.70354598541115,
        "y2": 455.305383
      }
    },
    {
      "id": "21022",
      "attributes": {
        "occluded": true,
        "truncated": false,
        "trafficLightColor": "NA"
      },
      "category": "car",
      "box2d": {
        "x1": 227.125987728439,
        "y1": 443.22644207200227,
        "x2": 291.600076,
        "y2": 476.3030422266293
      }
    },
    {
      "id": "21023",
      "attributes": {
        "occluded": true,
        "truncated": false,
        "trafficLightColor": "NA"
      },
      "category": "car",
      "box2d": {
        "x1": 98.34775779309106,
        "y1": 451.6058474445078,
        "x2": 168.47015012090037,
        "y2": 485.12346893452985
      }
    },
    {
      "id": "21024",
      "attributes": {
        "occluded": true,
        "truncated": false,
        "trafficLightColor": "NA"
      },
      "category": "car",
      "box2d": {
        "x1": 590.0865467585463,
        "y1": 420.7343539668559,
        "x2": 608.6094428451374,
        "y2": 445.43154874897743
      }
    },
    {
      "id": "21025",
      "attributes": {
        "occluded": true,
        "truncated": false,
        "trafficLightColor": "NA"
      },
      "category": "car",
      "box2d": {
        "x1": 662.8550670987258,
        "y1": 415.4420979421156,
        "x2": 678.2908138375518,
        "y2": 440.1392927242371
      }
    },
    {
      "id": "21026",
      "attributes": {
        "occluded": false,
        "truncated": false,
        "trafficLightColor": "NA"
      },
      "category": "car",
      "box2d": {
        "x1": 689.7573685578225,
        "y1": 417.44853,
        "x2": 709.048606,
        "y2": 435.72907937028685
      }
    },
    {
      "id": "21027",
      "attributes": {
        "occluded": false,
        "truncated": false,
        "trafficLightColor": "NA"
      },
      "category": "car",
      "box2d": {
        "x1": 530.5486664802177,
        "y1": 423.3804819792261,
        "x2": 578.6199920382757,
        "y2": 454.692996792273
      }
    },
    {
      "id": "21028",
      "attributes": {
        "occluded": false,
        "truncated": false,
        "trafficLightColor": "NA"
      },
      "category": "car",
      "box2d": {
        "x1": 601.112080143422,
        "y1": 407.5037139050051,
        "x2": 672.9985578128114,
        "y2": 466.60057284793874
      }
    }
  ],
  "attributes": {
    "weather": "overcast",
    "timeofday": "daytime",
    "scene": "highway"
  },
  "processing_info": {
    "processed_at": "2025-07-07T01:09:14.499146",
    "source": "bdd100k_complete_preprocessing_refactored"
  }
}