{
  "image_filename": "03343856-ebf78b5f.jpg",
  "video_name": "03343856-ebf78b5f.jpg",
  "frame_index": 0,
  "metadata": {
    "weather": "clear",
    "scene": "city street",
    "timeofday": "night"
  },
  "labels": [
    {
      "id": "21864",
      "attributes": {
        "occluded": false,
        "truncated": false,
        "trafficLightColor": "NA"
      },
      "category": "car",
      "box2d": {
        "x1": 603.951618,
        "y1": 265.268868,
        "x2": 642.2559528204289,
        "y2": 294.5800355941077
      }
    },
    {
      "id": "21865",
      "attributes": {
        "occluded": true,
        "truncated": false,
        "trafficLightColor": "NA"
      },
      "category": "car",
      "box2d": {
        "x1": 642.2559528204289,
        "y1": 262.332311,
        "x2": 677.365512,
        "y2": 310.40669261909443
      }
    },
    {
      "id": "21866",
      "attributes": {
        "occluded": true,
        "truncated": false,
        "trafficLightColor": "NA"
      },
      "category": "car",
      "box2d": {
        "x1": 660.635296462349,
        "y1": 269.05316942477424,
        "x2": 698.9255957163491,
        "y2": 316.02260317634773
      }
    },
    {
      "id": "21867",
      "attributes": {
        "occluded": true,
        "truncated": false,
        "trafficLightColor": "NA"
      },
      "category": "car",
      "box2d": {
        "x1": 674.9303415171756,
        "y1": 265.98994548445427,
        "x2": 737.2158949703492,
        "y2": 324.1912003505345
      }
    },
    {
      "id": "21868",
      "attributes": {
        "occluded": true,
        "truncated": false,
        "trafficLightColor": "NA"
      },
      "category": "car",
      "box2d": {
        "x1": 711.1784914776291,
        "y1": 268.5426321013876,
        "x2": 772.953507607416,
        "y2": 333.89140949488115
      }
    },
    {
      "id": "21869",
      "attributes": {
        "occluded": true,
        "truncated": false,
        "trafficLightColor": "NA"
      },
      "category": "car",
      "box2d": {
        "x1": 474.743166,
        "y1": 265.47940816106757,
        "x2": 507.4740994463484,
        "y2": 290.229589
      }
    },
    {
      "id": "21870",
      "attributes": {
        "occluded": false,
        "truncated": false,
        "trafficLightColor": "NA"
      },
      "category": "car",
      "box2d": {
        "x1": 384.4346045101613,
        "y1": 261.9056468973609,
        "x2": 488.073681157655,
        "y2": 332.8703348481078
      }
    },
    {
      "id": "21871",
      "attributes": {
        "occluded": false,
        "truncated": false,
        "trafficLightColor": "NA"
      },
      "category": "car",
      "box2d": {
        "x1": 530.9588163221351,
        "y1": 264.4583335142942,
        "x2": 596.8181310390154,
        "y2": 311.9383045892544
      }
    },
    {
      "id": "21872",
      "attributes": {
        "occluded": false,
        "truncated": false,
        "trafficLightColor": "NA"
      },
      "category": "car",
      "box2d": {
        "x1": 734.6632083534158,
        "y1": 262.4161842207476,
        "x2": 905.6932116879498,
        "y2": 363.5025742513079
      }
    },
    {
      "id": "21873",
      "attributes": {
        "occluded": false,
        "truncated": false,
        "trafficLightColor": "NA"
      },
      "category": "pedestrian",
      "box2d": {
        "x1": 1052.265796,
        "y1": 225.625363,
        "x2": 1091.909299,
        "y2": 354.833815
      }
    },
    {
      "id": "21874",
      "attributes": {
        "occluded": false,
        "truncated": false,
        "trafficLightColor": "NA"
      },
      "category": "pedestrian",
      "box2d": {
        "x1": 1100.718966,
        "y1": 237.371587,
        "x2": 1135.957634,
        "y2": 346.02415
      }
    },
    {
      "id": "21875",
      "attributes": {
        "occluded": true,
        "truncated": false,
        "trafficLightColor": "NA"
      },
      "category": "pedestrian",
      "box2d": {
        "x1": 1141.830746,
        "y1": 221.54038675421177,
        "x2": 1196.157025,
        "y2": 346.024148
      }
    },
    {
      "id": "21876",
      "attributes": {
        "occluded": true,
        "truncated": false,
        "trafficLightColor": "NA"
      },
      "category": "car",
      "box2d": {
        "x1": 351.407826,
        "y1": 267.715987,
        "x2": 380.773384,
        "y2": 288.271878
      }
    },
    {
      "id": "21877",
      "attributes": {
        "occluded": false,
        "truncated": false,
        "trafficLightColor": "NA"
      },
      "category": "traffic sign",
      "box2d": {
        "x1": 674.428955,
        "y1": 196.259807,
        "x2": 692.048289,
        "y2": 210.942586
      }
    },
    {
      "id": "21878",
      "attributes": {
        "occluded": false,
        "truncated": false,
        "trafficLightColor": "NA"
      },
      "category": "traffic sign",
      "box2d": {
        "x1": 658.277897,
        "y1": 228.56192,
        "x2": 671.492399,
        "y2": 247.649532
      }
    },
    {
      "id": "21879",
      "attributes": {
        "occluded": true,
        "truncated": false,
        "trafficLightColor": "NA"
      },
      "category": "bus",
      "box2d": {
        "x1": 399.860996,
        "y1": 254.501488,
        "x2": 441.61478472946817,
        "y2": 277.2217665989609
      }
    },
    {
      "id": "21880",
      "attributes": {
        "occluded": false,
        "truncated": false,
        "trafficLightColor": "G"
      },
      "category": "traffic light",
      "box2d": {
        "x1": 398.392718,
        "y1": 215.836844,
        "x2": 413.075495,
        "y2": 240.797568
      }
    },
    {
      "id": "21881",
      "attributes": {
        "occluded": true,
        "truncated": false,
        "trafficLightColor": "NA"
      },
      "category": "car",
      "box2d": {
        "x1": 29.1006274330401,
        "y1": 269.56370674816094,
        "x2": 91.89671820960032,
        "y2": 301.21702079813434
      }
    }
  ],
  "attributes": {
    "weather": "clear",
    "timeofday": "night",
    "scene": "city street"
  },
  "processing_info": {
    "processed_at": "2025-07-07T01:09:13.778626",
    "source": "bdd100k_complete_preprocessing_refactored"
  }
}