{
  "image_filename": "0335a578-bc537992.jpg",
  "video_name": "0335a578-bc537992.jpg",
  "frame_index": 0,
  "metadata": {
    "weather": "clear",
    "scene": "highway",
    "timeofday": "daytime"
  },
  "labels": [
    {
      "id": "21915",
      "attributes": {
        "occluded": true,
        "truncated": false,
        "trafficLightColor": "NA"
      },
      "category": "traffic sign",
      "box2d": {
        "x1": 106.992219,
        "y1": 135.639712,
        "x2": 202.195946,
        "y2": 170.957224
      }
    },
    {
      "id": "21916",
      "attributes": {
        "occluded": false,
        "truncated": false,
        "trafficLightColor": "NA"
      },
      "category": "traffic sign",
      "box2d": {
        "x1": 228.7577666694006,
        "y1": 126.88183819314933,
        "x2": 317.361749,
        "y2": 160.208418
      }
    },
    {
      "id": "21917",
      "attributes": {
        "occluded": false,
        "truncated": false,
        "trafficLightColor": "NA"
      },
      "category": "traffic sign",
      "box2d": {
        "x1": 225.97933225641194,
        "y1": 156.05539952953038,
        "x2": 321.8353195045211,
        "y2": 179.67209203993409
      }
    },
    {
      "id": "21918",
      "attributes": {
        "occluded": false,
        "truncated": false,
        "trafficLightColor": "NA"
      },
      "category": "traffic sign",
      "box2d": {
        "x1": 203.731492,
        "y1": 180.170488,
        "x2": 226.764652,
        "y2": 190.919294
      }
    },
    {
      "id": "21919",
      "attributes": {
        "occluded": false,
        "truncated": false,
        "trafficLightColor": "NA"
      },
      "category": "traffic sign",
      "box2d": {
        "x1": 205.60414656116168,
        "y1": 194.02733650704224,
        "x2": 227.3685494629063,
        "y2": 211.16101538713903
      }
    },
    {
      "id": "21920",
      "attributes": {
        "occluded": false,
        "truncated": true,
        "trafficLightColor": "NA"
      },
      "category": "traffic sign",
      "box2d": {
        "x1": 871.693134,
        "y1": 0.0,
        "x2": 1028.318622,
        "y2": 107.999921
      }
    },
    {
      "id": "21921",
      "attributes": {
        "occluded": false,
        "truncated": false,
        "trafficLightColor": "NA"
      },
      "category": "car",
      "box2d": {
        "x1": 25.9320545212276,
        "y1": 175.96751282261587,
        "x2": 43.99187820565397,
        "y2": 192.63811930054788
      }
    },
    {
      "id": "21922",
      "attributes": {
        "occluded": true,
        "truncated": false,
        "trafficLightColor": "NA"
      },
      "category": "car",
      "box2d": {
        "x1": 53.71639865111432,
        "y1": 195.41655371353656,
        "x2": 79.18538077017713,
        "y2": 213.47637739796292
      }
    },
    {
      "id": "21923",
      "attributes": {
        "occluded": true,
        "truncated": false,
        "trafficLightColor": "NA"
      },
      "category": "car",
      "box2d": {
        "x1": 200.660404,
        "y1": 232.378985,
        "x2": 249.59602476681565,
        "y2": 265.8035588425829
      }
    },
    {
      "id": "21924",
      "attributes": {
        "occluded": true,
        "truncated": false,
        "trafficLightColor": "NA"
      },
      "category": "bus",
      "box2d": {
        "x1": 503.3597011531143,
        "y1": 169.48449919230896,
        "x2": 566.119877,
        "y2": 200.132561
      }
    },
    {
      "id": "21925",
      "attributes": {
        "occluded": true,
        "truncated": false,
        "trafficLightColor": "NA"
      },
      "category": "car",
      "box2d": {
        "x1": 834.840078,
        "y1": 187.848208,
        "x2": 899.332926,
        "y2": 200.13256
      }
    },
    {
      "id": "21926",
      "attributes": {
        "occluded": true,
        "truncated": false,
        "trafficLightColor": "NA"
      },
      "category": "car",
      "box2d": {
        "x1": 724.280909,
        "y1": 276.909761,
        "x2": 754.991789,
        "y2": 295.336289
      }
    },
    {
      "id": "21927",
      "attributes": {
        "occluded": false,
        "truncated": false,
        "trafficLightColor": "NA"
      },
      "category": "traffic sign",
      "box2d": {
        "x1": 17.930667,
        "y1": 61.9336,
        "x2": 51.712636,
        "y2": 92.64448
      }
    },
    {
      "id": "21928",
      "attributes": {
        "occluded": true,
        "truncated": false,
        "crowd": false,
        "trafficLightColor": "NA"
      },
      "category": "car",
      "box2d": {
        "x1": 19.4490408909207,
        "y1": 175.96751282261587,
        "x2": 28.247416532051492,
        "y2": 190.322757289724
      }
    }
  ],
  "attributes": {
    "weather": "clear",
    "timeofday": "daytime",
    "scene": "highway"
  },
  "processing_info": {
    "processed_at": "2025-07-07T01:09:12.550809",
    "source": "bdd100k_complete_preprocessing_refactored"
  }
}