{
  "image_filename": "033ae54d-46760e92.jpg",
  "video_name": "033ae54d-46760e92.jpg",
  "frame_index": 0,
  "metadata": {
    "weather": "partly cloudy",
    "scene": "residential",
    "timeofday": "daytime"
  },
  "labels": [
    {
      "id": "22109",
      "attributes": {
        "occluded": true,
        "truncated": false,
        "trafficLightColor": "NA"
      },
      "category": "pedestrian",
      "box2d": {
        "x1": 61.7429869553038,
        "y1": 296.542318,
        "x2": 94.08455155093912,
        "y2": 333.07611330310147
      }
    },
    {
      "id": "22110",
      "attributes": {
        "occluded": true,
        "truncated": false,
        "trafficLightColor": "NA"
      },
      "category": "pedestrian",
      "box2d": {
        "x1": 104.16503921711117,
        "y1": 303.132146,
        "x2": 130.6263193408128,
        "y2": 325.0957272340486
      }
    },
    {
      "id": "22111",
      "attributes": {
        "occluded": true,
        "truncated": false,
        "trafficLightColor": "NA"
      },
      "category": "pedestrian",
      "box2d": {
        "x1": 266.888084,
        "y1": 286.657573,
        "x2": 305.328755,
        "y2": 313.016891
      }
    },
    {
      "id": "22112",
      "attributes": {
        "occluded": false,
        "truncated": false,
        "trafficLightColor": "NA"
      },
      "category": "traffic sign",
      "box2d": {
        "x1": 535.97278,
        "y1": 293.247402,
        "x2": 546.955827,
        "y2": 306.427061
      }
    },
    {
      "id": "22113",
      "attributes": {
        "occluded": true,
        "truncated": false,
        "trafficLightColor": "NA"
      },
      "category": "car",
      "box2d": {
        "x1": 633.2053852776953,
        "y1": 309.8837319582715,
        "x2": 644.1884362776954,
        "y2": 318.67016995827146
      }
    },
    {
      "id": "22114",
      "attributes": {
        "occluded": true,
        "truncated": false,
        "trafficLightColor": "NA"
      },
      "category": "car",
      "box2d": {
        "x1": 623.837172,
        "y1": 309.721975,
        "x2": 630.427,
        "y2": 320.705025
      }
    },
    {
      "id": "22115",
      "attributes": {
        "occluded": true,
        "truncated": false,
        "trafficLightColor": "NA"
      },
      "category": "car",
      "box2d": {
        "x1": 642.508353,
        "y1": 309.721975,
        "x2": 651.8715357457925,
        "y2": 320.05548340096254
      }
    },
    {
      "id": "22116",
      "attributes": {
        "occluded": true,
        "truncated": false,
        "trafficLightColor": "NA"
      },
      "category": "car",
      "box2d": {
        "x1": 652.2915560652164,
        "y1": 310.820281,
        "x2": 669.965974,
        "y2": 331.8160523448299
      }
    },
    {
      "id": "22117",
      "attributes": {
        "occluded": true,
        "truncated": false,
        "trafficLightColor": "NA"
      },
      "category": "car",
      "box2d": {
        "x1": 671.064279,
        "y1": 309.721975,
        "x2": 678.752415,
        "y2": 337.179598
      }
    },
    {
      "id": "22118",
      "attributes": {
        "occluded": true,
        "truncated": false,
        "trafficLightColor": "NA"
      },
      "category": "car",
      "box2d": {
        "x1": 676.555805,
        "y1": 308.623671,
        "x2": 689.735462,
        "y2": 341.572818
      }
    },
    {
      "id": "22119",
      "attributes": {
        "occluded": true,
        "truncated": false,
        "trafficLightColor": "NA"
      },
      "category": "car",
      "box2d": {
        "x1": 678.3328158694941,
        "y1": 308.623671,
        "x2": 701.816816,
        "y2": 344.83668224696885
      }
    },
    {
      "id": "22120",
      "attributes": {
        "occluded": true,
        "truncated": false,
        "trafficLightColor": "NA"
      },
      "category": "car",
      "box2d": {
        "x1": 687.5732628968185,
        "y1": 307.525366,
        "x2": 734.765962,
        "y2": 350.71696671890254
      }
    },
    {
      "id": "22121",
      "attributes": {
        "occluded": true,
        "truncated": false,
        "trafficLightColor": "NA"
      },
      "category": "car",
      "box2d": {
        "x1": 698.4937912018382,
        "y1": 310.8150363736382,
        "x2": 750.142229,
        "y2": 357.01727151026006
      }
    },
    {
      "id": "22122",
      "attributes": {
        "occluded": true,
        "truncated": false,
        "trafficLightColor": "NA"
      },
      "category": "car",
      "box2d": {
        "x1": 723.2749900478445,
        "y1": 318.508413,
        "x2": 760.026974,
        "y2": 365.8376982181606
      }
    },
    {
      "id": "22123",
      "attributes": {
        "occluded": true,
        "truncated": false,
        "trafficLightColor": "NA"
      },
      "category": "car",
      "box2d": {
        "x1": 736.962572,
        "y1": 317.95538180384335,
        "x2": 786.2780379614198,
        "y2": 386.603314
      }
    },
    {
      "id": "22124",
      "attributes": {
        "occluded": false,
        "truncated": false,
        "trafficLightColor": "NA"
      },
      "category": "truck",
      "box2d": {
        "x1": 767.715108,
        "y1": 293.247402,
        "x2": 943.3656374259342,
        "y2": 417.50019750729234
      }
    },
    {
      "id": "22125",
      "attributes": {
        "occluded": true,
        "truncated": false,
        "trafficLightColor": "NA"
      },
      "category": "car",
      "box2d": {
        "x1": 594.7487723041509,
        "y1": 304.51473158228066,
        "x2": 624.5702149832432,
        "y2": 334.7561945807968
      }
    },
    {
      "id": "22126",
      "attributes": {
        "occluded": true,
        "truncated": false,
        "trafficLightColor": "NA"
      },
      "category": "car",
      "box2d": {
        "x1": 535.97278,
        "y1": 305.328756,
        "x2": 562.332098,
        "y2": 315.213499
      }
    },
    {
      "id": "22127",
      "attributes": {
        "occluded": true,
        "truncated": false,
        "trafficLightColor": "NA"
      },
      "category": "car",
      "box2d": {
        "x1": 506.1244849057216,
        "y1": 309.9749957347905,
        "x2": 531.7457243905756,
        "y2": 337.6963368167636
      }
    },
    {
      "id": "22128",
      "attributes": {
        "occluded": true,
        "truncated": false,
        "trafficLightColor": "NA"
      },
      "category": "car",
      "box2d": {
        "x1": 466.6425748798811,
        "y1": 309.1349550959428,
        "x2": 517.0450132107413,
        "y2": 349.8769260800549
      }
    },
    {
      "id": "22129",
      "attributes": {
        "occluded": true,
        "truncated": false,
        "trafficLightColor": "NA"
      },
      "category": "car",
      "box2d": {
        "x1": 448.58170114465617,
        "y1": 316.69532084557187,
        "x2": 504.4444036280263,
        "y2": 353.6571089548694
      }
    },
    {
      "id": "22130",
      "attributes": {
        "occluded": true,
        "truncated": false,
        "trafficLightColor": "NA"
      },
      "category": "car",
      "box2d": {
        "x1": 362.89755598219375,
        "y1": 301.5745893463138,
        "x2": 455.7220465748614,
        "y2": 369.61788109297515
      }
    },
    {
      "id": "22131",
      "attributes": {
        "occluded": true,
        "truncated": false,
        "trafficLightColor": "NA"
      },
      "category": "car",
      "box2d": {
        "x1": 325.93576787289624,
        "y1": 315.8552802067242,
        "x2": 404.05954728572965,
        "y2": 383.05853131453784
      }
    },
    {
      "id": "22132",
      "attributes": {
        "occluded": true,
        "truncated": false,
        "trafficLightColor": "NA"
      },
      "category": "car",
      "box2d": {
        "x1": 203.186402,
        "y1": 307.525366,
        "x2": 359.11737310737925,
        "y2": 404.4795676051535
      }
    },
    {
      "id": "22133",
      "attributes": {
        "occluded": false,
        "truncated": true,
        "trafficLightColor": "NA"
      },
      "category": "car",
      "box2d": {
        "x1": 0.0,
        "y1": 320.705023,
        "x2": 260.83261836220174,
        "y2": 447.3216401863847
      }
    },
    {
      "id": "22134",
      "attributes": {
        "occluded": false,
        "truncated": false,
        "trafficLightColor": "NA"
      },
      "category": "car",
      "box2d": {
        "x1": 511.810073,
        "y1": 313.016891,
        "x2": 617.429869553038,
        "y2": 388.5187954670477
      }
    },
    {
      "id": "22135",
      "attributes": {
        "occluded": false,
        "truncated": false,
        "trafficLightColor": "NA"
      },
      "category": "traffic sign",
      "box2d": {
        "x1": 1055.116321,
        "y1": 187.810133,
        "x2": 1086.967163,
        "y2": 214.169451
      }
    },
    {
      "id": "22136",
      "attributes": {
        "occluded": true,
        "truncated": false,
        "trafficLightColor": "NA"
      },
      "category": "car",
      "box2d": {
        "x1": 162.96788393644812,
        "y1": 297.37438615207543,
        "x2": 262.93271995932093,
        "y2": 330.9760117059823
      }
    }
  ],
  "attributes": {
    "weather": "partly cloudy",
    "timeofday": "daytime",
    "scene": "residential"
  },
  "processing_info": {
    "processed_at": "2025-07-07T01:09:13.782749",
    "source": "bdd100k_complete_preprocessing_refactored"
  }
}