{
  "image_filename": "035b1b38-07da7a0c.jpg",
  "video_name": "035b1b38-07da7a0c.jpg",
  "frame_index": 0,
  "metadata": {
    "weather": "clear",
    "scene": "city street",
    "timeofday": "daytime"
  },
  "labels": [
    {
      "id": "22681",
      "attributes": {
        "occluded": true,
        "truncated": false,
        "trafficLightColor": "NA"
      },
      "category": "pedestrian",
      "box2d": {
        "x1": 411.722356,
        "y1": 296.669328,
        "x2": 427.59174,
        "y2": 338.987686
      }
    },
    {
      "id": "22682",
      "attributes": {
        "occluded": true,
        "truncated": false,
        "trafficLightColor": "NA"
      },
      "category": "pedestrian",
      "box2d": {
        "x1": 341.94745,
        "y1": 299.251257,
        "x2": 358.6973527879554,
        "y2": 336.85629617791597
      }
    },
    {
      "id": "22683",
      "attributes": {
        "occluded": true,
        "truncated": false,
        "trafficLightColor": "NA"
      },
      "category": "pedestrian",
      "box2d": {
        "x1": 318.143372,
        "y1": 288.671667,
        "x2": 327.400513,
        "y2": 316.44309
      }
    },
    {
      "id": "22684",
      "attributes": {
        "occluded": true,
        "truncated": false,
        "trafficLightColor": "NA"
      },
      "category": "pedestrian",
      "box2d": {
        "x1": 334.012757,
        "y1": 305.863502,
        "x2": 351.5570073577502,
        "y2": 353.6571089548694
      }
    },
    {
      "id": "22685",
      "attributes": {
        "occluded": true,
        "truncated": false,
        "trafficLightColor": "NA"
      },
      "category": "pedestrian",
      "box2d": {
        "x1": 277.63343113915516,
        "y1": 304.541053,
        "x2": 294.339295,
        "y2": 356.59725119083623
      }
    },
    {
      "id": "22686",
      "attributes": {
        "occluded": true,
        "truncated": false,
        "trafficLightColor": "NA"
      },
      "category": "pedestrian",
      "box2d": {
        "x1": 307.563783,
        "y1": 303.218604,
        "x2": 320.78827,
        "y2": 350.826756
      }
    },
    {
      "id": "22687",
      "attributes": {
        "occluded": true,
        "truncated": false,
        "trafficLightColor": "NA"
      },
      "category": "pedestrian",
      "box2d": {
        "x1": 288.9739797635987,
        "y1": 299.89450806861845,
        "x2": 318.143372,
        "y2": 364.051243
      }
    },
    {
      "id": "22688",
      "attributes": {
        "occluded": false,
        "truncated": false,
        "trafficLightColor": "NA"
      },
      "category": "pedestrian",
      "box2d": {
        "x1": 177.66859511628238,
        "y1": 310.8150363736382,
        "x2": 204.54989555940782,
        "y2": 377.17824684260415
      }
    },
    {
      "id": "22689",
      "attributes": {
        "occluded": true,
        "truncated": false,
        "trafficLightColor": "NA"
      },
      "category": "pedestrian",
      "box2d": {
        "x1": 139.86676636813718,
        "y1": 281.02035,
        "x2": 156.048946,
        "y2": 335.5962352196445
      }
    },
    {
      "id": "22690",
      "attributes": {
        "occluded": true,
        "truncated": false,
        "trafficLightColor": "NA"
      },
      "category": "pedestrian",
      "box2d": {
        "x1": 160.5848148748145,
        "y1": 278.40754195827157,
        "x2": 178.0886154357062,
        "y2": 332.2360726642538
      }
    },
    {
      "id": "22691",
      "attributes": {
        "occluded": false,
        "truncated": false,
        "trafficLightColor": "NA"
      },
      "category": "pedestrian",
      "box2d": {
        "x1": 52.01631,
        "y1": 272.865252,
        "x2": 72.66351526032352,
        "y2": 319.2154427621149
      }
    },
    {
      "id": "22692",
      "attributes": {
        "occluded": true,
        "truncated": false,
        "trafficLightColor": "NA"
      },
      "category": "pedestrian",
      "box2d": {
        "x1": 26.461280123701627,
        "y1": 262.0926793204733,
        "x2": 44.722823,
        "y2": 318.503506
      }
    },
    {
      "id": "22693",
      "attributes": {
        "occluded": true,
        "truncated": false,
        "trafficLightColor": "NA"
      },
      "category": "pedestrian",
      "box2d": {
        "x1": 34.824476,
        "y1": 315.18361,
        "x2": 74.497937,
        "y2": 354.857071
      }
    },
    {
      "id": "22694",
      "attributes": {
        "occluded": false,
        "truncated": false,
        "trafficLightColor": "NA"
      },
      "category": "pedestrian",
      "box2d": {
        "x1": 367.51777949585596,
        "y1": 296.5343455132278,
        "x2": 410.779872396511,
        "y2": 394.3990799389814
      }
    },
    {
      "id": "22695",
      "attributes": {
        "occluded": true,
        "truncated": false,
        "trafficLightColor": "NA"
      },
      "category": "car",
      "box2d": {
        "x1": 567.4474515416016,
        "y1": 292.639014,
        "x2": 609.082085,
        "y2": 343.5766212886973
      }
    },
    {
      "id": "22696",
      "attributes": {
        "occluded": true,
        "truncated": false,
        "trafficLightColor": "NA"
      },
      "category": "car",
      "box2d": {
        "x1": 578.665766,
        "y1": 302.08507,
        "x2": 645.9912512738588,
        "y2": 358.2773324685316
      }
    },
    {
      "id": "22697",
      "attributes": {
        "occluded": true,
        "truncated": false,
        "trafficLightColor": "NA"
      },
      "category": "car",
      "box2d": {
        "x1": 634.20861,
        "y1": 299.0544674297708,
        "x2": 659.0118811759977,
        "y2": 325.889147
      }
    },
    {
      "id": "22698",
      "attributes": {
        "occluded": false,
        "truncated": false,
        "trafficLightColor": "NA"
      },
      "category": "car",
      "box2d": {
        "x1": 630.241265,
        "y1": 276.45422409237284,
        "x2": 877.5222021022554,
        "y2": 456.58938853447165
      }
    },
    {
      "id": "22699",
      "attributes": {
        "occluded": false,
        "truncated": true,
        "trafficLightColor": "NA"
      },
      "category": "car",
      "box2d": {
        "x1": 983.7714920000001,
        "y1": 225.257097,
        "x2": 1280.0,
        "y2": 444.783582
      }
    },
    {
      "id": "22700",
      "attributes": {
        "occluded": true,
        "truncated": true,
        "trafficLightColor": "NA"
      },
      "category": "bus",
      "box2d": {
        "x1": 980.5849920036699,
        "y1": 153.96247988617077,
        "x2": 1280.0,
        "y2": 355.27348556440654
      }
    },
    {
      "id": "22701",
      "attributes": {
        "occluded": true,
        "truncated": false,
        "trafficLightColor": "NA"
      },
      "category": "pedestrian",
      "box2d": {
        "x1": 967.150808,
        "y1": 288.293815,
        "x2": 984.342642,
        "y2": 342.514213
      }
    },
    {
      "id": "22702",
      "attributes": {
        "occluded": false,
        "truncated": false,
        "trafficLightColor": "G"
      },
      "category": "traffic light",
      "box2d": {
        "x1": 803.16717,
        "y1": 227.901997,
        "x2": 812.424311,
        "y2": 246.416279
      }
    },
    {
      "id": "22703",
      "attributes": {
        "occluded": false,
        "truncated": false,
        "trafficLightColor": "NA"
      },
      "category": "car",
      "box2d": {
        "x1": 465.3825139216096,
        "y1": 299.89450806861845,
        "x2": 533.425805668271,
        "y2": 354.49714959371704
      }
    },
    {
      "id": "22704",
      "attributes": {
        "occluded": false,
        "truncated": false,
        "trafficLightColor": "NA"
      },
      "category": "pedestrian",
      "box2d": {
        "x1": 131.8863802990843,
        "y1": 307.4548738182475,
        "x2": 172.2083309637725,
        "y2": 379.6983687591472
      }
    }
  ],
  "attributes": {
    "weather": "clear",
    "timeofday": "daytime",
    "scene": "city street"
  },
  "processing_info": {
    "processed_at": "2025-07-07T01:09:14.016037",
    "source": "bdd100k_complete_preprocessing_refactored"
  }
}