{
  "image_filename": "035cb512-77517657.jpg",
  "video_name": "035cb512",
  "frame_index": 77517657,
  "metadata": {
    "weather": "overcast",
    "scene": "highway",
    "timeofday": "dawn/dusk"
  },
  "labels": [
    {
      "id": "22724",
      "attributes": {
        "occluded": true,
        "truncated": false,
        "trafficLightColor": "NA"
      },
      "category": "car",
      "box2d": {
        "x1": 560.3071061113964,
        "y1": 278.8934920974267,
        "x2": 572.4876953746876,
        "y2": 287.71391880532724
      }
    },
    {
      "id": "22725",
      "attributes": {
        "occluded": true,
        "truncated": false,
        "trafficLightColor": "NA"
      },
      "category": "car",
      "box2d": {
        "x1": 590.5485691099126,
        "y1": 277.539863,
        "x2": 603.9892193314753,
        "y2": 288.9739797635987
      }
    },
    {
      "id": "22726",
      "attributes": {
        "occluded": true,
        "truncated": false,
        "trafficLightColor": "NA"
      },
      "category": "car",
      "box2d": {
        "x1": 638.4308855242298,
        "y1": 274.6932889031883,
        "x2": 654.3916576623355,
        "y2": 286.8738781664796
      }
    },
    {
      "id": "22727",
      "attributes": {
        "occluded": true,
        "truncated": false,
        "trafficLightColor": "NA"
      },
      "category": "car",
      "box2d": {
        "x1": 600.2090364566608,
        "y1": 277.539863,
        "x2": 614.4897273170711,
        "y2": 290.6540610412941
      }
    },
    {
      "id": "22728",
      "attributes": {
        "occluded": false,
        "truncated": false,
        "trafficLightColor": "NA"
      },
      "category": "car",
      "box2d": {
        "x1": 565.472196,
        "y1": 281.207791,
        "x2": 592.981656,
        "y2": 301.381394
      }
    },
    {
      "id": "22729",
      "attributes": {
        "occluded": false,
        "truncated": false,
        "trafficLightColor": "NA"
      },
      "category": "car",
      "box2d": {
        "x1": 617.0098492336142,
        "y1": 279.31351241685053,
        "x2": 647.6713325515542,
        "y2": 302.41462998516147
      }
    },
    {
      "id": "22730",
      "attributes": {
        "occluded": false,
        "truncated": false,
        "trafficLightColor": "NA"
      },
      "category": "car",
      "box2d": {
        "x1": 650.1914544680972,
        "y1": 281.4136140139697,
        "x2": 672.8725517169843,
        "y2": 298.63444711034697
      }
    },
    {
      "id": "22731",
      "attributes": {
        "occluded": true,
        "truncated": false,
        "trafficLightColor": "NA"
      },
      "category": "car",
      "box2d": {
        "x1": 724.9550713255398,
        "y1": 277.63343113915516,
        "x2": 739.6557825053741,
        "y2": 288.13393912475107
      }
    },
    {
      "id": "22732",
      "attributes": {
        "occluded": true,
        "truncated": false,
        "trafficLightColor": "NA"
      },
      "category": "car",
      "box2d": {
        "x1": 752.6778824786312,
        "y1": 258.6722438492454,
        "x2": 862.5649635123332,
        "y2": 339.8719895688393
      }
    },
    {
      "id": "22733",
      "attributes": {
        "occluded": false,
        "truncated": false,
        "trafficLightColor": "NA"
      },
      "category": "car",
      "box2d": {
        "x1": 839.2261144432283,
        "y1": 234.747381,
        "x2": 1149.4383166534135,
        "y2": 417.6681531325221
      }
    },
    {
      "id": "22734",
      "attributes": {
        "occluded": true,
        "truncated": false,
        "trafficLightColor": "NA"
      },
      "category": "car",
      "box2d": {
        "x1": 334.33617426137295,
        "y1": 278.05345145857905,
        "x2": 383.89857195338556,
        "y2": 316.27530052614804
      }
    },
    {
      "id": "22735",
      "attributes": {
        "occluded": false,
        "truncated": false,
        "trafficLightColor": "NA"
      },
      "category": "traffic sign",
      "box2d": {
        "x1": 992.785788,
        "y1": 174.837884,
        "x2": 1035.1752014192543,
        "y2": 226.5813263792262
      }
    },
    {
      "id": "22736",
      "attributes": {
        "occluded": false,
        "truncated": false,
        "trafficLightColor": "NA"
      },
      "category": "traffic sign",
      "box2d": {
        "x1": 327.056889,
        "y1": 178.92865607455386,
        "x2": 369.61788109297515,
        "y2": 228.634164
      }
    },
    {
      "id": "22737",
      "attributes": {
        "occluded": false,
        "truncated": false,
        "trafficLightColor": "NA"
      },
      "category": "traffic sign",
      "box2d": {
        "x1": 537.962738,
        "y1": 265.313442,
        "x2": 556.302378,
        "y2": 283.653082
      }
    },
    {
      "id": "22738",
      "attributes": {
        "occluded": false,
        "truncated": false,
        "trafficLightColor": "NA"
      },
      "category": "traffic sign",
      "box2d": {
        "x1": 581.7281424020119,
        "y1": 259.15253708450643,
        "x2": 594.3287519847271,
        "y2": 268.8130044312546
      }
    },
    {
      "id": "22739",
      "attributes": {
        "occluded": false,
        "truncated": false,
        "trafficLightColor": "G"
      },
      "category": "traffic light",
      "box2d": {
        "x1": 618.657151,
        "y1": 261.645511,
        "x2": 629.660934,
        "y2": 276.317223
      }
    },
    {
      "id": "22740",
      "attributes": {
        "occluded": false,
        "truncated": false,
        "trafficLightColor": "G"
      },
      "category": "traffic light",
      "box2d": {
        "x1": 607.653366,
        "y1": 262.868149,
        "x2": 616.823187,
        "y2": 277.539861
      }
    },
    {
      "id": "22741",
      "attributes": {
        "occluded": false,
        "truncated": false,
        "trafficLightColor": "G"
      },
      "category": "traffic light",
      "box2d": {
        "x1": 571.2276344164161,
        "y1": 254.920984,
        "x2": 581.977871,
        "y2": 266.2928825147116
      }
    },
    {
      "id": "22742",
      "attributes": {
        "occluded": false,
        "truncated": false,
        "trafficLightColor": "G"
      },
      "category": "traffic light",
      "box2d": {
        "x1": 556.302376,
        "y1": 253.087021,
        "x2": 564.5073093056347,
        "y2": 265.45284187586395
      }
    },
    {
      "id": "22743",
      "attributes": {
        "occluded": true,
        "truncated": false,
        "trafficLightColor": "NA"
      },
      "category": "car",
      "box2d": {
        "x1": 295.2742845549563,
        "y1": 289.39400008302255,
        "x2": 335.5962352196445,
        "y2": 307.0348534988237
      }
    },
    {
      "id": "22744",
      "attributes": {
        "occluded": true,
        "truncated": false,
        "crowd": false,
        "trafficLightColor": "NA"
      },
      "category": "car",
      "box2d": {
        "x1": 735.4555793111357,
        "y1": 278.4734717780029,
        "x2": 762.7569000736851,
        "y2": 290.6540610412941
      }
    }
  ],
  "attributes": {
    "weather": "overcast",
    "timeofday": "dawn/dusk",
    "scene": "highway"
  },
  "processing_info": {
    "processed_at": "2025-07-07T01:09:16.315866",
    "source": "bdd100k_complete_preprocessing_refactored"
  }
}