{
  "image_filename": "035cbba8-1e0e6c8d.jpg",
  "video_name": "035cbba8-1e0e6c8d.jpg",
  "frame_index": 0,
  "metadata": {
    "weather": "overcast",
    "scene": "residential",
    "timeofday": "daytime"
  },
  "labels": [
    {
      "id": "22765",
      "attributes": {
        "occluded": true,
        "truncated": true,
        "trafficLightColor": "NA"
      },
      "category": "car",
      "box2d": {
        "x1": 0.0,
        "y1": 198.66961108747412,
        "x2": 323.628919,
        "y2": 388.206251
      }
    },
    {
      "id": "22766",
      "attributes": {
        "occluded": true,
        "truncated": false,
        "trafficLightColor": "NA"
      },
      "category": "car",
      "box2d": {
        "x1": 793.930055,
        "y1": 331.8160523448299,
        "x2": 808.5391148908831,
        "y2": 344.412428
      }
    },
    {
      "id": "22767",
      "attributes": {
        "occluded": true,
        "truncated": false,
        "trafficLightColor": "NA"
      },
      "category": "car",
      "box2d": {
        "x1": 779.084691,
        "y1": 326.597992,
        "x2": 798.8786475441349,
        "y2": 349.8769260800549
      }
    },
    {
      "id": "22768",
      "attributes": {
        "occluded": true,
        "truncated": false,
        "trafficLightColor": "NA"
      },
      "category": "car",
      "box2d": {
        "x1": 773.146546,
        "y1": 329.567064,
        "x2": 787.1180786002675,
        "y2": 355.33719023256475
      }
    },
    {
      "id": "22769",
      "attributes": {
        "occluded": true,
        "truncated": false,
        "trafficLightColor": "NA"
      },
      "category": "car",
      "box2d": {
        "x1": 746.424895,
        "y1": 322.144382,
        "x2": 779.1376925312146,
        "y2": 356.59725119083623
      }
    },
    {
      "id": "22770",
      "attributes": {
        "occluded": true,
        "truncated": false,
        "trafficLightColor": "NA"
      },
      "category": "car",
      "box2d": {
        "x1": 673.2925720364082,
        "y1": 317.690773,
        "x2": 737.5556809082549,
        "y2": 340.21645873330664
      }
    },
    {
      "id": "22771",
      "attributes": {
        "occluded": false,
        "truncated": false,
        "trafficLightColor": "NA"
      },
      "category": "car",
      "box2d": {
        "x1": 716.1346446176393,
        "y1": 328.0358694700154,
        "x2": 768.2171642261949,
        "y2": 362.89755598219375
      }
    },
    {
      "id": "22772",
      "attributes": {
        "occluded": true,
        "truncated": false,
        "trafficLightColor": "NA"
      },
      "category": "car",
      "box2d": {
        "x1": 858.9415532217433,
        "y1": 332.65609298367764,
        "x2": 881.2026301512067,
        "y2": 353.6571089548694
      }
    },
    {
      "id": "22773",
      "attributes": {
        "occluded": true,
        "truncated": false,
        "trafficLightColor": "NA"
      },
      "category": "car",
      "box2d": {
        "x1": 874.0622847210014,
        "y1": 330.55599138655845,
        "x2": 908.503950913756,
        "y2": 360.7974543850746
      }
    },
    {
      "id": "22774",
      "attributes": {
        "occluded": true,
        "truncated": false,
        "trafficLightColor": "NA"
      },
      "category": "car",
      "box2d": {
        "x1": 887.5029349425641,
        "y1": 340.63647905273046,
        "x2": 929.9249872043715,
        "y2": 372.1380030095181
      }
    },
    {
      "id": "22775",
      "attributes": {
        "occluded": true,
        "truncated": false,
        "trafficLightColor": "NA"
      },
      "category": "car",
      "box2d": {
        "x1": 908.23935,
        "y1": 332.536137,
        "x2": 931.991932,
        "y2": 344.412428
      }
    },
    {
      "id": "22776",
      "attributes": {
        "occluded": true,
        "truncated": false,
        "trafficLightColor": "NA"
      },
      "category": "car",
      "box2d": {
        "x1": 927.538327,
        "y1": 335.50521,
        "x2": 964.651735,
        "y2": 348.866038
      }
    },
    {
      "id": "22777",
      "attributes": {
        "occluded": true,
        "truncated": false,
        "trafficLightColor": "NA"
      },
      "category": "car",
      "box2d": {
        "x1": 1075.794023,
        "y1": 341.2843603954418,
        "x2": 1117.8567788257756,
        "y2": 355.793874
      }
    },
    {
      "id": "22778",
      "attributes": {
        "occluded": false,
        "truncated": false,
        "trafficLightColor": "NA"
      },
      "category": "car",
      "box2d": {
        "x1": 940.701217,
        "y1": 315.711394,
        "x2": 1080.247633,
        "y2": 416.659864
      }
    },
    {
      "id": "22779",
      "attributes": {
        "occluded": true,
        "truncated": true,
        "trafficLightColor": "NA"
      },
      "category": "truck",
      "box2d": {
        "x1": 1073.8649006201215,
        "y1": 323.035107,
        "x2": 1280.0,
        "y2": 397.31612105738003
      }
    },
    {
      "id": "22780",
      "attributes": {
        "occluded": true,
        "truncated": false,
        "trafficLightColor": "NA"
      },
      "category": "car",
      "box2d": {
        "x1": 620.3700117890048,
        "y1": 317.5353614844195,
        "x2": 677.796892,
        "y2": 406.9996895216965
      }
    },
    {
      "id": "22781",
      "attributes": {
        "occluded": false,
        "truncated": false,
        "trafficLightColor": "NA"
      },
      "category": "car",
      "box2d": {
        "x1": 394.81910025840523,
        "y1": 289.81402040244643,
        "x2": 630.4504994551769,
        "y2": 441.441355714451
      }
    },
    {
      "id": "22782",
      "attributes": {
        "occluded": false,
        "truncated": true,
        "trafficLightColor": "NA"
      },
      "category": "car",
      "box2d": {
        "x1": 1222.868247,
        "y1": 434.969145,
        "x2": 1277.796091,
        "y2": 562.639268
      }
    },
    {
      "id": "22783",
      "attributes": {
        "occluded": true,
        "truncated": false,
        "crowd": false,
        "trafficLightColor": "NA"
      },
      "category": "car",
      "box2d": {
        "x1": 851.3811874721143,
        "y1": 332.2360726642538,
        "x2": 869.0220408879154,
        "y2": 349.45690576063106
      }
    }
  ],
  "attributes": {
    "weather": "overcast",
    "timeofday": "daytime",
    "scene": "residential"
  },
  "processing_info": {
    "processed_at": "2025-07-07T01:09:15.093847",
    "source": "bdd100k_complete_preprocessing_refactored"
  }
}