{
  "image_filename": "03799690-f07f24c0.jpg",
  "video_name": "03799690-f07f24c0.jpg",
  "frame_index": 0,
  "metadata": {
    "weather": "clear",
    "scene": "highway",
    "timeofday": "dawn/dusk"
  },
  "labels": [
    {
      "id": "23760",
      "attributes": {
        "occluded": false,
        "truncated": false,
        "trafficLightColor": "NA"
      },
      "category": "car",
      "box2d": {
        "x1": 208.41162860342547,
        "y1": 289.766301,
        "x2": 341.9113564471308,
        "y2": 381.8737003257238
      }
    },
    {
      "id": "23761",
      "attributes": {
        "occluded": false,
        "truncated": false,
        "trafficLightColor": "NA"
      },
      "category": "traffic sign",
      "box2d": {
        "x1": 574.2954652171587,
        "y1": 192.5637483178634,
        "x2": 613.155259,
        "y2": 229.245487
      }
    },
    {
      "id": "23762",
      "attributes": {
        "occluded": false,
        "truncated": true,
        "trafficLightColor": "NA"
      },
      "category": "traffic sign",
      "box2d": {
        "x1": 804.8711221956962,
        "y1": 0.0,
        "x2": 969.9278741956962,
        "y2": 106.369909
      }
    },
    {
      "id": "23763",
      "attributes": {
        "occluded": false,
        "truncated": true,
        "trafficLightColor": "NA"
      },
      "category": "traffic sign",
      "box2d": {
        "x1": 1078.98209,
        "y1": 0.0,
        "x2": 1278.884157,
        "y2": 59.909469
      }
    },
    {
      "id": "23764",
      "attributes": {
        "occluded": false,
        "truncated": false,
        "trafficLightColor": "NA"
      },
      "category": "traffic sign",
      "box2d": {
        "x1": 466.874812,
        "y1": 281.90645,
        "x2": 485.214452,
        "y2": 300.24609
      }
    },
    {
      "id": "23765",
      "attributes": {
        "occluded": true,
        "truncated": false,
        "trafficLightColor": "NA"
      },
      "category": "car",
      "box2d": {
        "x1": 445.51591264010017,
        "y1": 287.0634121992538,
        "x2": 472.5596175022705,
        "y2": 306.9322565877871
      }
    }
  ],
  "attributes": {
    "weather": "clear",
    "timeofday": "dawn/dusk",
    "scene": "highway"
  },
  "processing_info": {
    "processed_at": "2025-07-07T01:09:16.019575",
    "source": "bdd100k_complete_preprocessing_refactored"
  }
}