{
  "image_filename": "03793f54-c5de387b.jpg",
  "video_name": "03793f54-c5de387b.jpg",
  "frame_index": 0,
  "metadata": {
    "weather": "clear",
    "scene": "highway",
    "timeofday": "daytime"
  },
  "labels": [
    {
      "id": "23724",
      "attributes": {
        "occluded": false,
        "truncated": false,
        "trafficLightColor": "NA"
      },
      "category": "car",
      "box2d": {
        "x1": 500.2442004337879,
        "y1": 265.0328215564401,
        "x2": 590.5485691099126,
        "y2": 325.93576787289624
      }
    },
    {
      "id": "23725",
      "attributes": {
        "occluded": false,
        "truncated": true,
        "trafficLightColor": "NA"
      },
      "category": "car",
      "box2d": {
        "x1": 0.0,
        "y1": 239.53896685055753,
        "x2": 188.21484828202307,
        "y2": 498.5538347623054
      }
    },
    {
      "id": "23726",
      "attributes": {
        "occluded": false,
        "truncated": false,
        "trafficLightColor": "NA"
      },
      "category": "traffic sign",
      "box2d": {
        "x1": 172.60875,
        "y1": 214.918488,
        "x2": 202.562547,
        "y2": 241.876906
      }
    },
    {
      "id": "23727",
      "attributes": {
        "occluded": false,
        "truncated": false,
        "trafficLightColor": "NA"
      },
      "category": "traffic sign",
      "box2d": {
        "x1": 177.10182,
        "y1": 243.374594,
        "x2": 205.3899361982555,
        "y2": 268.8130044312546
      }
    },
    {
      "id": "23728",
      "attributes": {
        "occluded": false,
        "truncated": false,
        "trafficLightColor": "NA"
      },
      "category": "traffic sign",
      "box2d": {
        "x1": 803.498871057797,
        "y1": 238.132679,
        "x2": 811.747879,
        "y2": 256.2123948485396
      }
    },
    {
      "id": "23729",
      "attributes": {
        "occluded": true,
        "truncated": false,
        "trafficLightColor": "NA"
      },
      "category": "traffic sign",
      "box2d": {
        "x1": 813.5793587239691,
        "y1": 230.17113504426177,
        "x2": 846.194745,
        "y2": 241.627294
      }
    },
    {
      "id": "23730",
      "attributes": {
        "occluded": true,
        "truncated": false,
        "trafficLightColor": "NA"
      },
      "category": "traffic sign",
      "box2d": {
        "x1": 826.1799683066841,
        "y1": 238.99156175216234,
        "x2": 834.58765,
        "y2": 249.365355
      }
    },
    {
      "id": "23731",
      "attributes": {
        "occluded": false,
        "truncated": false,
        "trafficLightColor": "NA"
      },
      "category": "traffic sign",
      "box2d": {
        "x1": 553.586781000615,
        "y1": 254.1122932514204,
        "x2": 567.062783,
        "y2": 262.737576
      }
    },
    {
      "id": "23732",
      "attributes": {
        "occluded": false,
        "truncated": false,
        "trafficLightColor": "NA"
      },
      "category": "traffic light",
      "box2d": {
        "x1": 895.9033413310409,
        "y1": 145.32703052064704,
        "x2": 924.8847433712855,
        "y2": 190.2692046989974
      }
    }
  ],
  "attributes": {
    "weather": "clear",
    "timeofday": "daytime",
    "scene": "highway"
  },
  "processing_info": {
    "processed_at": "2025-07-07T01:09:16.714907",
    "source": "bdd100k_complete_preprocessing_refactored"
  }
}