{
  "image_filename": "0384ec78-864ea363.jpg",
  "video_name": "0384ec78-864ea363.jpg",
  "frame_index": 0,
  "metadata": {
    "weather": "partly cloudy",
    "scene": "highway",
    "timeofday": "daytime"
  },
  "labels": [
    {
      "id": "23882",
      "attributes": {
        "occluded": false,
        "truncated": false,
        "trafficLightColor": "NA"
      },
      "category": "traffic sign",
      "box2d": {
        "x1": 847.356444,
        "y1": 78.637448,
        "x2": 939.25707,
        "y2": 181.706031
      }
    },
    {
      "id": "23883",
      "attributes": {
        "occluded": false,
        "truncated": false,
        "trafficLightColor": "NA"
      },
      "category": "traffic sign",
      "box2d": {
        "x1": 398.5426001160033,
        "y1": 263.089864,
        "x2": 427.71793611600333,
        "y2": 296.871833
      }
    },
    {
      "id": "23884",
      "attributes": {
        "occluded": true,
        "truncated": false,
        "trafficLightColor": "NA"
      },
      "category": "traffic sign",
      "box2d": {
        "x1": 337.323823,
        "y1": 276.909761,
        "x2": 361.892527,
        "y2": 295.33629
      }
    },
    {
      "id": "23885",
      "attributes": {
        "occluded": false,
        "truncated": false,
        "trafficLightColor": "NA"
      },
      "category": "traffic sign",
      "box2d": {
        "x1": 119.276571,
        "y1": 293.800745,
        "x2": 149.987452,
        "y2": 318.369449
      }
    },
    {
      "id": "23886",
      "attributes": {
        "occluded": false,
        "truncated": false,
        "trafficLightColor": "NA"
      },
      "category": "traffic sign",
      "box2d": {
        "x1": 128.489835,
        "y1": 322.976081,
        "x2": 165.342893,
        "y2": 352.151418
      }
    },
    {
      "id": "23887",
      "attributes": {
        "occluded": false,
        "truncated": false,
        "trafficLightColor": "NA"
      },
      "category": "car",
      "box2d": {
        "x1": 243.39333491694322,
        "y1": 296.871833,
        "x2": 399.86048447664297,
        "y2": 411.71626625654756
      }
    }
  ],
  "attributes": {
    "weather": "partly cloudy",
    "timeofday": "daytime",
    "scene": "highway"
  },
  "processing_info": {
    "processed_at": "2025-07-07T01:09:13.100508",
    "source": "bdd100k_complete_preprocessing_refactored"
  }
}