{
  "image_filename": "0390cdb2-1f193811.jpg",
  "video_name": "0390cdb2-1f193811.jpg",
  "frame_index": 0,
  "metadata": {
    "weather": "partly cloudy",
    "scene": "highway",
    "timeofday": "daytime"
  },
  "labels": [
    {
      "id": "24220",
      "attributes": {
        "occluded": true,
        "truncated": false,
        "trafficLightColor": "NA"
      },
      "category": "car",
      "box2d": {
        "x1": 513.649568,
        "y1": 296.907265,
        "x2": 527.010398,
        "y2": 313.237166
      }
    },
    {
      "id": "24221",
      "attributes": {
        "occluded": true,
        "truncated": false,
        "trafficLightColor": "NA"
      },
      "category": "car",
      "box2d": {
        "x1": 523.3794340625574,
        "y1": 296.907265,
        "x2": 538.886687,
        "y2": 313.156120317748
      }
    },
    {
      "id": "24222",
      "attributes": {
        "occluded": true,
        "truncated": false,
        "trafficLightColor": "NA"
      },
      "category": "car",
      "box2d": {
        "x1": 568.577413,
        "y1": 296.907265,
        "x2": 580.5404975244912,
        "y2": 313.307471225408
      }
    },
    {
      "id": "24223",
      "attributes": {
        "occluded": false,
        "truncated": false,
        "trafficLightColor": "NA"
      },
      "category": "car",
      "box2d": {
        "x1": 535.5885920378131,
        "y1": 298.32350272984866,
        "x2": 573.031022,
        "y2": 325.113456
      }
    },
    {
      "id": "24224",
      "attributes": {
        "occluded": false,
        "truncated": false,
        "trafficLightColor": "NA"
      },
      "category": "car",
      "box2d": {
        "x1": 576.000095,
        "y1": 270.185612,
        "x2": 638.0547292705662,
        "y2": 340.3996994005832
      }
    },
    {
      "id": "24225",
      "attributes": {
        "occluded": false,
        "truncated": false,
        "trafficLightColor": "NA"
      },
      "category": "car",
      "box2d": {
        "x1": 292.453656,
        "y1": 286.265695662253,
        "x2": 394.93099494127074,
        "y2": 343.93127138758757
      }
    },
    {
      "id": "24226",
      "attributes": {
        "occluded": false,
        "truncated": false,
        "trafficLightColor": "NA"
      },
      "category": "car",
      "box2d": {
        "x1": 490.2330795117746,
        "y1": 296.8099728680468,
        "x2": 510.665763823901,
        "y2": 313.156120317748
      }
    },
    {
      "id": "24227",
      "attributes": {
        "occluded": false,
        "truncated": false,
        "trafficLightColor": "NA"
      },
      "category": "traffic sign",
      "box2d": {
        "x1": 424.57739,
        "y1": 209.319622,
        "x2": 519.587715,
        "y2": 251.55535863764817
      }
    },
    {
      "id": "24228",
      "attributes": {
        "occluded": false,
        "truncated": false,
        "trafficLightColor": "NA"
      },
      "category": "traffic sign",
      "box2d": {
        "x1": 521.072251,
        "y1": 212.288695,
        "x2": 611.8706134697518,
        "y2": 254.27971654593168
      }
    },
    {
      "id": "24229",
      "attributes": {
        "occluded": false,
        "truncated": false,
        "trafficLightColor": "NA"
      },
      "category": "traffic sign",
      "box2d": {
        "x1": 581.4486168272524,
        "y1": 205.69533384820886,
        "x2": 608.659896,
        "y2": 215.257767
      }
    }
  ],
  "attributes": {
    "weather": "partly cloudy",
    "timeofday": "daytime",
    "scene": "highway"
  },
  "processing_info": {
    "processed_at": "2025-07-07T01:09:14.152732",
    "source": "bdd100k_complete_preprocessing_refactored"
  }
}