{
  "image_filename": "03c239e4-212735e7.jpg",
  "video_name": "03c239e4-212735e7.jpg",
  "frame_index": 0,
  "metadata": {
    "weather": "partly cloudy",
    "scene": "city street",
    "timeofday": "daytime"
  },
  "labels": [
    {
      "id": "25790",
      "attributes": {
        "occluded": false,
        "truncated": true,
        "trafficLightColor": "NA"
      },
      "category": "car",
      "box2d": {
        "x1": 0.0,
        "y1": 394.360338,
        "x2": 48.722357053164906,
        "y2": 448.58170114465617
      }
    },
    {
      "id": "25791",
      "attributes": {
        "occluded": false,
        "truncated": true,
        "trafficLightColor": "NA"
      },
      "category": "car",
      "box2d": {
        "x1": 953.069784,
        "y1": 329.6274165427721,
        "x2": 1280.0,
        "y2": 595.773897
      }
    },
    {
      "id": "25792",
      "attributes": {
        "occluded": false,
        "truncated": false,
        "trafficLightColor": "NA"
      },
      "category": "car",
      "box2d": {
        "x1": 499.40415979494026,
        "y1": 359.5373934268031,
        "x2": 608.1894225257137,
        "y2": 436.8211322007888
      }
    },
    {
      "id": "25793",
      "attributes": {
        "occluded": true,
        "truncated": false,
        "trafficLightColor": "NA"
      },
      "category": "car",
      "box2d": {
        "x1": 30.661483317939982,
        "y1": 381.79847035626636,
        "x2": 109.2052830501972,
        "y2": 436.40111188136495
      }
    },
    {
      "id": "25794",
      "attributes": {
        "occluded": true,
        "truncated": false,
        "trafficLightColor": "NA"
      },
      "category": "car",
      "box2d": {
        "x1": 103.74501889768734,
        "y1": 389.77885642531925,
        "x2": 147.84715243719006,
        "y2": 420.86036006268307
      }
    },
    {
      "id": "25795",
      "attributes": {
        "occluded": true,
        "truncated": false,
        "trafficLightColor": "NA"
      },
      "category": "car",
      "box2d": {
        "x1": 136.92662413217033,
        "y1": 388.0987751476239,
        "x2": 161.7078229781766,
        "y2": 415.82011622959703
      }
    },
    {
      "id": "25796",
      "attributes": {
        "occluded": true,
        "truncated": false,
        "trafficLightColor": "NA"
      },
      "category": "car",
      "box2d": {
        "x1": 150.7872946731569,
        "y1": 388.0987751476239,
        "x2": 172.2083309637725,
        "y2": 411.61991303535865
      }
    },
    {
      "id": "25797",
      "attributes": {
        "occluded": true,
        "truncated": false,
        "trafficLightColor": "NA"
      },
      "category": "car",
      "box2d": {
        "x1": 154.98749786739526,
        "y1": 378.01828748145186,
        "x2": 185.2289608659114,
        "y2": 407.83973016054415
      }
    },
    {
      "id": "25798",
      "attributes": {
        "occluded": true,
        "truncated": false,
        "trafficLightColor": "NA"
      },
      "category": "car",
      "box2d": {
        "x1": 177.24857479685852,
        "y1": 377.598267162028,
        "x2": 198.66961108747412,
        "y2": 405.31960824400113
      }
    },
    {
      "id": "25799",
      "attributes": {
        "occluded": true,
        "truncated": false,
        "trafficLightColor": "NA"
      },
      "category": "car",
      "box2d": {
        "x1": 194.88942821265962,
        "y1": 381.79847035626636,
        "x2": 206.22997683710318,
        "y2": 400.2793644109151
      }
    },
    {
      "id": "25800",
      "attributes": {
        "occluded": true,
        "truncated": false,
        "trafficLightColor": "NA"
      },
      "category": "car",
      "box2d": {
        "x1": 215.47042386442754,
        "y1": 375.078145245485,
        "x2": 229.75111472483795,
        "y2": 391.8789580224384
      }
    },
    {
      "id": "25801",
      "attributes": {
        "occluded": true,
        "truncated": false,
        "trafficLightColor": "NA"
      },
      "category": "car",
      "box2d": {
        "x1": 439.7612744367556,
        "y1": 366.246265,
        "x2": 511.58474905823147,
        "y2": 421.2803803821069
      }
    },
    {
      "id": "25802",
      "attributes": {
        "occluded": true,
        "truncated": false,
        "trafficLightColor": "NA"
      },
      "category": "car",
      "box2d": {
        "x1": 418.7602584655639,
        "y1": 366.246265,
        "x2": 460.053209,
        "y2": 415.82011622959703
      }
    },
    {
      "id": "25803",
      "attributes": {
        "occluded": true,
        "truncated": false,
        "trafficLightColor": "NA"
      },
      "category": "car",
      "box2d": {
        "x1": 403.21950664688194,
        "y1": 374.65812492606113,
        "x2": 438.0811931590603,
        "y2": 410.779872396511
      }
    },
    {
      "id": "25804",
      "attributes": {
        "occluded": false,
        "truncated": false,
        "trafficLightColor": "NA"
      },
      "category": "car",
      "box2d": {
        "x1": 349.8769260800549,
        "y1": 372.9780436483658,
        "x2": 377.17824684260415,
        "y2": 392.29897834186227
      }
    },
    {
      "id": "25805",
      "attributes": {
        "occluded": true,
        "truncated": false,
        "trafficLightColor": "NA"
      },
      "category": "car",
      "box2d": {
        "x1": 336.85629617791597,
        "y1": 372.558023328942,
        "x2": 354.91716991314087,
        "y2": 391.03891738359073
      }
    },
    {
      "id": "25806",
      "attributes": {
        "occluded": true,
        "truncated": false,
        "trafficLightColor": "NA"
      },
      "category": "car",
      "box2d": {
        "x1": 325.93576787289624,
        "y1": 373.8180842872135,
        "x2": 337.6963368167636,
        "y2": 383.05853131453784
      }
    },
    {
      "id": "25807",
      "attributes": {
        "occluded": true,
        "truncated": false,
        "trafficLightColor": "NA"
      },
      "category": "car",
      "box2d": {
        "x1": 311.65507701248583,
        "y1": 368.77784045412744,
        "x2": 323.4156459563532,
        "y2": 378.8583281202995
      }
    },
    {
      "id": "25808",
      "attributes": {
        "occluded": false,
        "truncated": false,
        "trafficLightColor": "NA"
      },
      "category": "car",
      "box2d": {
        "x1": 286.4538578470557,
        "y1": 367.09775917643213,
        "x2": 304.51473158228066,
        "y2": 378.01828748145186
      }
    },
    {
      "id": "25809",
      "attributes": {
        "occluded": true,
        "truncated": false,
        "trafficLightColor": "NA"
      },
      "category": "car",
      "box2d": {
        "x1": 243.312038,
        "y1": 373.8180842872135,
        "x2": 260.4125980427779,
        "y2": 384.308245
      }
    },
    {
      "id": "25810",
      "attributes": {
        "occluded": false,
        "truncated": false,
        "trafficLightColor": "R"
      },
      "category": "traffic light",
      "box2d": {
        "x1": 252.43221197372506,
        "y1": 349.0368854412072,
        "x2": 260.4125980427779,
        "y2": 357.4372918296839
      }
    },
    {
      "id": "25811",
      "attributes": {
        "occluded": true,
        "truncated": false,
        "crowd": false,
        "trafficLightColor": "NA"
      },
      "category": "car",
      "box2d": {
        "x1": 205.80995651767932,
        "y1": 378.8583281202995,
        "x2": 225.13089121117576,
        "y2": 396.4991815361006
      }
    }
  ],
  "attributes": {
    "weather": "partly cloudy",
    "timeofday": "daytime",
    "scene": "city street"
  },
  "processing_info": {
    "processed_at": "2025-07-07T01:09:12.825734",
    "source": "bdd100k_complete_preprocessing_refactored"
  }
}