{
  "image_filename": "03cee322-f7c906a2.jpg",
  "video_name": "03cee322-f7c906a2.jpg",
  "frame_index": 0,
  "metadata": {
    "weather": "clear",
    "scene": "city street",
    "timeofday": "daytime"
  },
  "labels": [
    {
      "id": "26133",
      "attributes": {
        "occluded": false,
        "truncated": true,
        "trafficLightColor": "NA"
      },
      "category": "car",
      "box2d": {
        "x1": 0.0,
        "y1": 450.761302,
        "x2": 166.93099169995227,
        "y2": 581.4659450663764
      }
    },
    {
      "id": "26134",
      "attributes": {
        "occluded": true,
        "truncated": true,
        "trafficLightColor": "NA"
      },
      "category": "truck",
      "box2d": {
        "x1": 0.0,
        "y1": 390.56191,
        "x2": 223.912373,
        "y2": 528.580026
      }
    },
    {
      "id": "26135",
      "attributes": {
        "occluded": false,
        "truncated": false,
        "trafficLightColor": "NA"
      },
      "category": "car",
      "box2d": {
        "x1": 363.503646,
        "y1": 433.980992,
        "x2": 896.488508,
        "y2": 621.920557
      }
    },
    {
      "id": "26136",
      "attributes": {
        "occluded": false,
        "truncated": true,
        "trafficLightColor": "NA"
      },
      "category": "car",
      "box2d": {
        "x1": 1081.6383588587985,
        "y1": 427.268856,
        "x2": 1279.9975579223044,
        "y2": 630.730225
      }
    }
  ],
  "attributes": {
    "weather": "clear",
    "timeofday": "daytime",
    "scene": "city street"
  },
  "processing_info": {
    "processed_at": "2025-07-07T01:09:13.928215",
    "source": "bdd100k_complete_preprocessing_refactored"
  }
}