{
  "image_filename": "03dda8e7-dea74947.jpg",
  "video_name": "03dda8e7-dea74947.jpg",
  "frame_index": 0,
  "metadata": {
    "weather": "overcast",
    "scene": "city street",
    "timeofday": "daytime"
  },
  "labels": [
    {
      "id": "26747",
      "attributes": {
        "occluded": false,
        "truncated": false,
        "trafficLightColor": "NA"
      },
      "category": "car",
      "box2d": {
        "x1": 298.63444711034697,
        "y1": 254.1122932514204,
        "x2": 415.82011622959703,
        "y2": 333.4961336225253
      }
    },
    {
      "id": "26748",
      "attributes": {
        "occluded": false,
        "truncated": false,
        "trafficLightColor": "NA"
      },
      "category": "car",
      "box2d": {
        "x1": 456.80250931942385,
        "y1": 248.13753876403317,
        "x2": 491.00375340646355,
        "y2": 274.6932889031883
      }
    },
    {
      "id": "26749",
      "attributes": {
        "occluded": true,
        "truncated": false,
        "trafficLightColor": "NA"
      },
      "category": "car",
      "box2d": {
        "x1": 136.92662413217033,
        "y1": 263.7727605981686,
        "x2": 217.15050514212288,
        "y2": 289.81402040244643
      }
    },
    {
      "id": "26750",
      "attributes": {
        "occluded": true,
        "truncated": false,
        "trafficLightColor": "NA"
      },
      "category": "car",
      "box2d": {
        "x1": 70.98343398262818,
        "y1": 273.013207625493,
        "x2": 122.22591295233609,
        "y2": 294.01422359668476
      }
    },
    {
      "id": "26751",
      "attributes": {
        "occluded": true,
        "truncated": true,
        "trafficLightColor": "NA"
      },
      "category": "car",
      "box2d": {
        "x1": 0.576967,
        "y1": 278.483715,
        "x2": 38.272276,
        "y2": 295.98511
      }
    },
    {
      "id": "26752",
      "attributes": {
        "occluded": true,
        "truncated": false,
        "trafficLightColor": "NA"
      },
      "category": "car",
      "box2d": {
        "x1": 40.45857763884767,
        "y1": 268.97368795827146,
        "x2": 71.42258163884767,
        "y2": 282.4363009582715
      }
    },
    {
      "id": "26753",
      "attributes": {
        "occluded": true,
        "truncated": false,
        "trafficLightColor": "NA"
      },
      "category": "car",
      "box2d": {
        "x1": 474.62296094893395,
        "y1": 246.13190718236754,
        "x2": 497.72407851724495,
        "y2": 262.0926793204733
      }
    },
    {
      "id": "26754",
      "attributes": {
        "occluded": true,
        "truncated": false,
        "trafficLightColor": "NA"
      },
      "category": "car",
      "box2d": {
        "x1": 222.710037,
        "y1": 261.2526386816256,
        "x2": 283.09369529166503,
        "y2": 283.09369529166503
      }
    },
    {
      "id": "26755",
      "attributes": {
        "occluded": true,
        "truncated": false,
        "trafficLightColor": "NA"
      },
      "category": "car",
      "box2d": {
        "x1": 218.671254,
        "y1": 267.52129,
        "x2": 253.674039,
        "y2": 280.9839
      }
    },
    {
      "id": "26756",
      "attributes": {
        "occluded": true,
        "truncated": false,
        "trafficLightColor": "NA"
      },
      "category": "car",
      "box2d": {
        "x1": 378.876316,
        "y1": 247.327374,
        "x2": 427.1606648540406,
        "y2": 288.9739797635987
      }
    }
  ],
  "attributes": {
    "weather": "overcast",
    "timeofday": "daytime",
    "scene": "city street"
  },
  "processing_info": {
    "processed_at": "2025-07-07T01:09:14.742808",
    "source": "bdd100k_complete_preprocessing_refactored"
  }
}