{
  "image_filename": "04180105-d7aca785.jpg",
  "video_name": "04180105-d7aca785.jpg",
  "frame_index": 0,
  "metadata": {
    "weather": "clear",
    "scene": "highway",
    "timeofday": "daytime"
  },
  "labels": [
    {
      "id": "27665",
      "attributes": {
        "occluded": false,
        "truncated": false,
        "trafficLightColor": "NA"
      },
      "category": "traffic sign",
      "box2d": {
        "x1": 725.755413,
        "y1": 193.488605,
        "x2": 744.490115,
        "y2": 204.509018
      }
    },
    {
      "id": "27666",
      "attributes": {
        "occluded": false,
        "truncated": false,
        "trafficLightColor": "NA"
      },
      "category": "traffic sign",
      "box2d": {
        "x1": 473.588481,
        "y1": 211.591933,
        "x2": 493.425225,
        "y2": 221.510304
      }
    },
    {
      "id": "27667",
      "attributes": {
        "occluded": false,
        "truncated": false,
        "trafficLightColor": "NA"
      },
      "category": "traffic sign",
      "box2d": {
        "x1": 563.955869,
        "y1": 217.102138,
        "x2": 583.792612,
        "y2": 224.816426
      }
    },
    {
      "id": "27668",
      "attributes": {
        "occluded": false,
        "truncated": false,
        "trafficLightColor": "G"
      },
      "category": "traffic light",
      "box2d": {
        "x1": 550.731373,
        "y1": 206.081726,
        "x2": 559.547704,
        "y2": 219.306221
      }
    },
    {
      "id": "27669",
      "attributes": {
        "occluded": false,
        "truncated": false,
        "trafficLightColor": "G"
      },
      "category": "traffic light",
      "box2d": {
        "x1": 498.935431,
        "y1": 200.571521,
        "x2": 506.64972,
        "y2": 213.796016
      }
    },
    {
      "id": "27670",
      "attributes": {
        "occluded": true,
        "truncated": false,
        "trafficLightColor": "NA"
      },
      "category": "car",
      "box2d": {
        "x1": 540.000243,
        "y1": 246.306233,
        "x2": 552.122699,
        "y2": 258.428687
      }
    },
    {
      "id": "27671",
      "attributes": {
        "occluded": true,
        "truncated": false,
        "trafficLightColor": "NA"
      },
      "category": "car",
      "box2d": {
        "x1": 525.673706,
        "y1": 248.510317,
        "x2": 540.000243,
        "y2": 258.428687
      }
    },
    {
      "id": "27672",
      "attributes": {
        "occluded": true,
        "truncated": false,
        "trafficLightColor": "NA"
      },
      "category": "car",
      "box2d": {
        "x1": 515.755335,
        "y1": 247.408273,
        "x2": 528.979831,
        "y2": 260.632769
      }
    },
    {
      "id": "27673",
      "attributes": {
        "occluded": true,
        "truncated": false,
        "trafficLightColor": "NA"
      },
      "category": "car",
      "box2d": {
        "x1": 483.796136,
        "y1": 246.306233,
        "x2": 501.428798,
        "y2": 262.836854
      }
    },
    {
      "id": "27674",
      "attributes": {
        "occluded": true,
        "truncated": false,
        "trafficLightColor": "NA"
      },
      "category": "car",
      "box2d": {
        "x1": 470.57164,
        "y1": 248.510317,
        "x2": 486.000218,
        "y2": 260.632772
      }
    },
    {
      "id": "27675",
      "attributes": {
        "occluded": false,
        "truncated": false,
        "trafficLightColor": "NA"
      },
      "category": "car",
      "box2d": {
        "x1": 393.428748,
        "y1": 241.61083512857434,
        "x2": 471.673681,
        "y2": 293.694009
      }
    },
    {
      "id": "27676",
      "attributes": {
        "occluded": true,
        "truncated": false,
        "trafficLightColor": "NA"
      },
      "category": "car",
      "box2d": {
        "x1": 567.771679,
        "y1": 246.857253,
        "x2": 579.894134,
        "y2": 257.877667
      }
    },
    {
      "id": "27677",
      "attributes": {
        "occluded": true,
        "truncated": false,
        "trafficLightColor": "NA"
      },
      "category": "car",
      "box2d": {
        "x1": 577.690053,
        "y1": 241.347048,
        "x2": 594.220673,
        "y2": 258.979709
      }
    },
    {
      "id": "27678",
      "attributes": {
        "occluded": true,
        "truncated": false,
        "trafficLightColor": "NA"
      },
      "category": "car",
      "box2d": {
        "x1": 585.404341,
        "y1": 241.347048,
        "x2": 605.241085,
        "y2": 261.183792
      }
    },
    {
      "id": "27679",
      "attributes": {
        "occluded": true,
        "truncated": false,
        "trafficLightColor": "NA"
      },
      "category": "car",
      "box2d": {
        "x1": 601.714556,
        "y1": 239.510314,
        "x2": 629.265589,
        "y2": 265.959306
      }
    },
    {
      "id": "27680",
      "attributes": {
        "occluded": true,
        "truncated": false,
        "trafficLightColor": "NA"
      },
      "category": "car",
      "box2d": {
        "x1": 614.939052,
        "y1": 246.122564,
        "x2": 634.775796,
        "y2": 269.265431
      }
    },
    {
      "id": "27681",
      "attributes": {
        "occluded": true,
        "truncated": false,
        "trafficLightColor": "NA"
      },
      "category": "car",
      "box2d": {
        "x1": 623.755383,
        "y1": 240.612357,
        "x2": 642.490083,
        "y2": 272.571554
      }
    },
    {
      "id": "27682",
      "attributes": {
        "occluded": true,
        "truncated": false,
        "trafficLightColor": "NA"
      },
      "category": "car",
      "box2d": {
        "x1": 634.775795,
        "y1": 242.53350691718435,
        "x2": 668.9924047969654,
        "y2": 273.673596
      }
    },
    {
      "id": "27683",
      "attributes": {
        "occluded": true,
        "truncated": false,
        "trafficLightColor": "NA"
      },
      "category": "car",
      "box2d": {
        "x1": 639.18396,
        "y1": 242.816439,
        "x2": 663.428867,
        "y2": 276.979719
      }
    },
    {
      "id": "27684",
      "attributes": {
        "occluded": false,
        "truncated": false,
        "trafficLightColor": "NA"
      },
      "category": "car",
      "box2d": {
        "x1": 649.102332,
        "y1": 246.122564,
        "x2": 699.796233,
        "y2": 281.387884
      }
    },
    {
      "id": "27685",
      "attributes": {
        "occluded": true,
        "truncated": false,
        "trafficLightColor": "NA"
      },
      "category": "car",
      "box2d": {
        "x1": 818.34827,
        "y1": 220.985483,
        "x2": 1004.050819,
        "y2": 332.642078
      }
    },
    {
      "id": "27686",
      "attributes": {
        "occluded": false,
        "truncated": true,
        "trafficLightColor": "NA"
      },
      "category": "car",
      "box2d": {
        "x1": 936.217688,
        "y1": 227.512554,
        "x2": 1278.239472,
        "y2": 396.760447
      }
    },
    {
      "id": "27687",
      "attributes": {
        "occluded": true,
        "truncated": false,
        "trafficLightColor": "NA"
      },
      "category": "car",
      "box2d": {
        "x1": 700.498222,
        "y1": 231.54052,
        "x2": 731.05687,
        "y2": 247.995177
      }
    },
    {
      "id": "27688",
      "attributes": {
        "occluded": true,
        "truncated": false,
        "trafficLightColor": "NA"
      },
      "category": "car",
      "box2d": {
        "x1": 735.758201,
        "y1": 239.767848,
        "x2": 754.563523,
        "y2": 246.819844
      }
    },
    {
      "id": "27689",
      "attributes": {
        "occluded": true,
        "truncated": false,
        "trafficLightColor": "NA"
      },
      "category": "car",
      "box2d": {
        "x1": 749.862193,
        "y1": 238.592515,
        "x2": 782.771505,
        "y2": 249.170509
      }
    },
    {
      "id": "27690",
      "attributes": {
        "occluded": true,
        "truncated": false,
        "trafficLightColor": "NA"
      },
      "category": "car",
      "box2d": {
        "x1": 782.771505,
        "y1": 238.84281976274426,
        "x2": 822.732813,
        "y2": 250.345843
      }
    }
  ],
  "attributes": {
    "weather": "clear",
    "timeofday": "daytime",
    "scene": "highway"
  },
  "processing_info": {
    "processed_at": "2025-07-07T01:09:14.641028",
    "source": "bdd100k_complete_preprocessing_refactored"
  }
}