{
  "image_filename": "04200e90-4a4c631e.jpg",
  "video_name": "04200e90-4a4c631e.jpg",
  "frame_index": 0,
  "metadata": {
    "weather": "overcast",
    "scene": "highway",
    "timeofday": "daytime"
  },
  "labels": [
    {
      "id": "27990",
      "attributes": {
        "occluded": false,
        "truncated": false,
        "trafficLightColor": "NA"
      },
      "category": "car",
      "box2d": {
        "x1": 498.216021,
        "y1": 279.036676,
        "x2": 518.05275,
        "y2": 290.938715
      }
    },
    {
      "id": "27991",
      "attributes": {
        "occluded": false,
        "truncated": false,
        "trafficLightColor": "NA"
      },
      "category": "car",
      "box2d": {
        "x1": 523.342545,
        "y1": 271.0003451232193,
        "x2": 537.889481,
        "y2": 283.004022
      }
    },
    {
      "id": "27992",
      "attributes": {
        "occluded": false,
        "truncated": false,
        "trafficLightColor": "NA"
      },
      "category": "car",
      "box2d": {
        "x1": 454.575214,
        "y1": 263.167291,
        "x2": 470.444599,
        "y2": 272.424432
      }
    },
    {
      "id": "27993",
      "attributes": {
        "occluded": false,
        "truncated": false,
        "trafficLightColor": "NA"
      },
      "category": "car",
      "box2d": {
        "x1": 560.371109,
        "y1": 273.13656098179865,
        "x2": 594.754776,
        "y2": 298.873407
      }
    },
    {
      "id": "27994",
      "attributes": {
        "occluded": false,
        "truncated": false,
        "trafficLightColor": "NA"
      },
      "category": "car",
      "box2d": {
        "x1": 611.946609,
        "y1": 276.391778,
        "x2": 659.554764,
        "y2": 306.8081
      }
    },
    {
      "id": "27995",
      "attributes": {
        "occluded": true,
        "truncated": false,
        "trafficLightColor": "NA"
      },
      "category": "car",
      "box2d": {
        "x1": 446.640521,
        "y1": 279.54520855753674,
        "x2": 484.991534,
        "y2": 304.1632
      }
    },
    {
      "id": "27996",
      "attributes": {
        "occluded": true,
        "truncated": false,
        "trafficLightColor": "NA"
      },
      "category": "car",
      "box2d": {
        "x1": 1054.9488317777711,
        "y1": 280.359125,
        "x2": 1148.596286,
        "y2": 305.7138528251338
      }
    },
    {
      "id": "27997",
      "attributes": {
        "occluded": false,
        "truncated": false,
        "trafficLightColor": "NA"
      },
      "category": "traffic sign",
      "box2d": {
        "x1": 672.538616,
        "y1": 27.206623,
        "x2": 893.387549,
        "y2": 143.582109
      }
    },
    {
      "id": "27998",
      "attributes": {
        "occluded": false,
        "truncated": false,
        "trafficLightColor": "NA"
      },
      "category": "traffic sign",
      "box2d": {
        "x1": 446.399887,
        "y1": 16.627034,
        "x2": 664.603923,
        "y2": 131.680071
      }
    },
    {
      "id": "27999",
      "attributes": {
        "occluded": false,
        "truncated": false,
        "trafficLightColor": "NA"
      },
      "category": "traffic sign",
      "box2d": {
        "x1": 465.154803,
        "y1": 231.428523,
        "x2": 511.440507,
        "y2": 248.620356
      }
    },
    {
      "id": "28000",
      "attributes": {
        "occluded": false,
        "truncated": false,
        "trafficLightColor": "NA"
      },
      "category": "traffic sign",
      "box2d": {
        "x1": 514.085407,
        "y1": 235.395868,
        "x2": 536.567032,
        "y2": 248.620356
      }
    },
    {
      "id": "28001",
      "attributes": {
        "occluded": false,
        "truncated": false,
        "trafficLightColor": "NA"
      },
      "category": "traffic sign",
      "box2d": {
        "x1": 539.21193,
        "y1": 234.07342,
        "x2": 557.726212,
        "y2": 245.975458
      }
    },
    {
      "id": "28002",
      "attributes": {
        "occluded": false,
        "truncated": false,
        "trafficLightColor": "NA"
      },
      "category": "truck",
      "box2d": {
        "x1": 668.811904,
        "y1": 166.628537,
        "x2": 824.86085,
        "y2": 330.612177
      }
    },
    {
      "id": "28003",
      "attributes": {
        "occluded": true,
        "truncated": false,
        "crowd": false,
        "trafficLightColor": "NA"
      },
      "category": "truck",
      "box2d": {
        "x1": 595.9187739535321,
        "y1": 256.5808880778087,
        "x2": 632.234443549381,
        "y2": 284.35169423934025
      }
    }
  ],
  "attributes": {
    "weather": "overcast",
    "timeofday": "daytime",
    "scene": "highway"
  },
  "processing_info": {
    "processed_at": "2025-07-07T01:09:13.760347",
    "source": "bdd100k_complete_preprocessing_refactored"
  }
}