{
  "image_filename": "042d4997-ba286e85.jpg",
  "video_name": "042d4997-ba286e85.jpg",
  "frame_index": 0,
  "metadata": {
    "weather": "clear",
    "scene": "city street",
    "timeofday": "daytime"
  },
  "labels": [
    {
      "id": "28422",
      "attributes": {
        "occluded": false,
        "truncated": false,
        "trafficLightColor": "NA"
      },
      "category": "traffic sign",
      "box2d": {
        "x1": 580.808769,
        "y1": 181.437195,
        "x2": 626.325384,
        "y2": 241.636587
      }
    },
    {
      "id": "28423",
      "attributes": {
        "occluded": false,
        "truncated": false,
        "trafficLightColor": "NA"
      },
      "category": "traffic sign",
      "box2d": {
        "x1": 256.319363,
        "y1": 262.821737,
        "x2": 273.938696,
        "y2": 286.314184
      }
    },
    {
      "id": "28424",
      "attributes": {
        "occluded": true,
        "truncated": false,
        "trafficLightColor": "NA"
      },
      "category": "bicycle",
      "box2d": {
        "x1": 550.604196,
        "y1": 311.274906,
        "x2": 579.969752,
        "y2": 358.259797
      }
    },
    {
      "id": "28425",
      "attributes": {
        "occluded": true,
        "truncated": false,
        "trafficLightColor": "NA"
      },
      "category": "bicycle",
      "box2d": {
        "x1": 606.888196,
        "y1": 309.806629,
        "x2": 649.468253,
        "y2": 374.410854
      }
    },
    {
      "id": "28426",
      "attributes": {
        "occluded": true,
        "truncated": false,
        "trafficLightColor": "NA"
      },
      "category": "bicycle",
      "box2d": {
        "x1": 768.398761,
        "y1": 317.148017,
        "x2": 835.939542,
        "y2": 414.054357
      }
    },
    {
      "id": "28427",
      "attributes": {
        "occluded": true,
        "truncated": false,
        "trafficLightColor": "NA"
      },
      "category": "bicycle",
      "box2d": {
        "x1": 846.810905,
        "y1": 333.592726,
        "x2": 933.4393,
        "y2": 440.77701
      }
    },
    {
      "id": "28428",
      "attributes": {
        "occluded": false,
        "truncated": false,
        "trafficLightColor": "NA"
      },
      "category": "pedestrian",
      "box2d": {
        "x1": 789.548069,
        "y1": 270.456782,
        "x2": 931.971022,
        "y2": 505.381239
      }
    },
    {
      "id": "28429",
      "attributes": {
        "occluded": false,
        "truncated": false,
        "trafficLightColor": "NA"
      },
      "category": "truck",
      "box2d": {
        "x1": 375.879131,
        "y1": 256.459206,
        "x2": 437.5468,
        "y2": 335.746211
      }
    },
    {
      "id": "28430",
      "attributes": {
        "occluded": true,
        "truncated": false,
        "trafficLightColor": "NA"
      },
      "category": "car",
      "box2d": {
        "x1": 283.377626,
        "y1": 288.957087,
        "x2": 308.33835,
        "y2": 312.449532
      }
    },
    {
      "id": "28431",
      "attributes": {
        "occluded": true,
        "truncated": false,
        "trafficLightColor": "NA"
      },
      "category": "car",
      "box2d": {
        "x1": 293.655571,
        "y1": 300.70331,
        "x2": 315.679739,
        "y2": 328.60059
      }
    },
    {
      "id": "28432",
      "attributes": {
        "occluded": true,
        "truncated": false,
        "trafficLightColor": "NA"
      },
      "category": "car",
      "box2d": {
        "x1": 362.66463,
        "y1": 299.235032,
        "x2": 381.752242,
        "y2": 319.790921
      }
    },
    {
      "id": "28433",
      "attributes": {
        "occluded": false,
        "truncated": false,
        "trafficLightColor": "NA"
      },
      "category": "car",
      "box2d": {
        "x1": 0.489417,
        "y1": 274.861609,
        "x2": 239.818709,
        "y2": 443.909342
      }
    },
    {
      "id": "28434",
      "attributes": {
        "occluded": false,
        "truncated": false,
        "trafficLightColor": "NA"
      },
      "category": "car",
      "box2d": {
        "x1": 245.202402,
        "y1": 298.794545,
        "x2": 292.187294,
        "y2": 338.438046
      }
    },
    {
      "id": "28435",
      "attributes": {
        "occluded": false,
        "truncated": false,
        "trafficLightColor": "NA"
      },
      "category": "car",
      "box2d": {
        "x1": 309.806629,
        "y1": 289.984877,
        "x2": 368.537742,
        "y2": 345.779435
      }
    },
    {
      "id": "28436",
      "attributes": {
        "occluded": true,
        "truncated": false,
        "trafficLightColor": "NA"
      },
      "category": "bicycle",
      "box2d": {
        "x1": 664.862924,
        "y1": 316.9186,
        "x2": 742.68165,
        "y2": 381.522825
      }
    },
    {
      "id": "28437",
      "attributes": {
        "occluded": true,
        "truncated": false,
        "crowd": false,
        "trafficLightColor": "NA"
      },
      "category": "other vehicle",
      "box2d": {
        "x1": 657.4553888416679,
        "y1": 353.5475946002485,
        "x2": 821.3468851239693,
        "y2": 478.79218782908146
      }
    }
  ],
  "attributes": {
    "weather": "clear",
    "timeofday": "daytime",
    "scene": "city street"
  },
  "processing_info": {
    "processed_at": "2025-07-07T01:09:15.088093",
    "source": "bdd100k_complete_preprocessing_refactored"
  }
}