{
  "image_filename": "04348402-062a4eac.jpg",
  "video_name": "04348402-062a4eac.jpg",
  "frame_index": 0,
  "metadata": {
    "weather": "clear",
    "scene": "highway",
    "timeofday": "daytime"
  },
  "labels": [
    {
      "id": "28655",
      "attributes": {
        "occluded": false,
        "truncated": false,
        "trafficLightColor": "NA"
      },
      "category": "car",
      "box2d": {
        "x1": 355.966539,
        "y1": 155.759741,
        "x2": 667.48602,
        "y2": 420.85083799999995
      }
    },
    {
      "id": "28656",
      "attributes": {
        "occluded": false,
        "truncated": false,
        "trafficLightColor": "NA"
      },
      "category": "car",
      "box2d": {
        "x1": 198.709109,
        "y1": 209.676573,
        "x2": 276.588977,
        "y2": 259.100337
      }
    },
    {
      "id": "28657",
      "attributes": {
        "occluded": false,
        "truncated": false,
        "trafficLightColor": "NA"
      },
      "category": "car",
      "box2d": {
        "x1": 80.391612,
        "y1": 209.676573,
        "x2": 155.276103,
        "y2": 250.114198
      }
    },
    {
      "id": "28658",
      "attributes": {
        "occluded": false,
        "truncated": false,
        "trafficLightColor": "NA"
      },
      "category": "car",
      "box2d": {
        "x1": 324.515053,
        "y1": 200.690435,
        "x2": 378.431885,
        "y2": 245.621127
      }
    },
    {
      "id": "28659",
      "attributes": {
        "occluded": true,
        "truncated": false,
        "trafficLightColor": "NA"
      },
      "category": "car",
      "box2d": {
        "x1": 659.997571,
        "y1": 197.695055,
        "x2": 832.2319,
        "y2": 311.519483
      }
    },
    {
      "id": "28660",
      "attributes": {
        "occluded": true,
        "truncated": false,
        "trafficLightColor": "NA"
      },
      "category": "car",
      "box2d": {
        "x1": 627.048395,
        "y1": 185.713538,
        "x2": 698.937507,
        "y2": 253.109579
      }
    },
    {
      "id": "28661",
      "attributes": {
        "occluded": true,
        "truncated": false,
        "trafficLightColor": "NA"
      },
      "category": "car",
      "box2d": {
        "x1": 745.36589,
        "y1": 181.610527,
        "x2": 847.686305,
        "y2": 256.104958
      }
    },
    {
      "id": "28662",
      "attributes": {
        "occluded": false,
        "truncated": true,
        "trafficLightColor": "NA"
      },
      "category": "car",
      "box2d": {
        "x1": 817.255002,
        "y1": 185.713538,
        "x2": 1278.691569,
        "y2": 452.302324
      }
    },
    {
      "id": "28663",
      "attributes": {
        "occluded": true,
        "truncated": false,
        "trafficLightColor": "NA"
      },
      "category": "traffic sign",
      "box2d": {
        "x1": 784.305826,
        "y1": 59.907593,
        "x2": 838.222658,
        "y2": 116.819805
      }
    },
    {
      "id": "28664",
      "attributes": {
        "occluded": true,
        "truncated": false,
        "trafficLightColor": "NA"
      },
      "category": "traffic sign",
      "box2d": {
        "x1": 734.882062,
        "y1": 52.419143,
        "x2": 772.324307,
        "y2": 104.838287
      }
    },
    {
      "id": "28665",
      "attributes": {
        "occluded": true,
        "truncated": false,
        "trafficLightColor": "NA"
      },
      "category": "traffic sign",
      "box2d": {
        "x1": 405.390303,
        "y1": 86.866009,
        "x2": 445.827928,
        "y2": 137.787462
      }
    }
  ],
  "attributes": {
    "weather": "clear",
    "timeofday": "daytime",
    "scene": "highway"
  },
  "processing_info": {
    "processed_at": "2025-07-07T01:09:12.611972",
    "source": "bdd100k_complete_preprocessing_refactored"
  }
}