{
  "image_filename": "04629c39-1d564d8a.jpg",
  "video_name": "04629c39-1d564d8a.jpg",
  "frame_index": 0,
  "metadata": {
    "weather": "rainy",
    "scene": "city street",
    "timeofday": "daytime"
  },
  "labels": [
    {
      "id": "29896",
      "attributes": {
        "occluded": false,
        "truncated": false,
        "trafficLightColor": "G"
      },
      "category": "traffic light",
      "box2d": {
        "x1": 733.679377,
        "y1": 278.249152,
        "x2": 739.918146,
        "y2": 291.974446
      }
    },
    {
      "id": "29897",
      "attributes": {
        "occluded": false,
        "truncated": false,
        "trafficLightColor": "G"
      },
      "category": "traffic light",
      "box2d": {
        "x1": 471.651029,
        "y1": 280.744661,
        "x2": 481.633061,
        "y2": 293.2222
      }
    },
    {
      "id": "29898",
      "attributes": {
        "occluded": false,
        "truncated": false,
        "trafficLightColor": "R"
      },
      "category": "traffic light",
      "box2d": {
        "x1": 395.538031,
        "y1": 305.69974,
        "x2": 411.758834,
        "y2": 318.177281
      }
    },
    {
      "id": "29899",
      "attributes": {
        "occluded": false,
        "truncated": false,
        "trafficLightColor": "NA"
      },
      "category": "traffic sign",
      "box2d": {
        "x1": 738.670394,
        "y1": 298.213216,
        "x2": 753.643442,
        "y2": 309.443003
      }
    },
    {
      "id": "29900",
      "attributes": {
        "occluded": false,
        "truncated": false,
        "trafficLightColor": "NA"
      },
      "category": "traffic sign",
      "box2d": {
        "x1": 461.668996,
        "y1": 255.78958,
        "x2": 499.101617,
        "y2": 264.523858
      }
    },
    {
      "id": "29901",
      "attributes": {
        "occluded": true,
        "truncated": true,
        "trafficLightColor": "NA"
      },
      "category": "car",
      "box2d": {
        "x1": 826.013176,
        "y1": 285.735676,
        "x2": 1277.700141,
        "y2": 520.313436
      }
    },
    {
      "id": "29902",
      "attributes": {
        "occluded": false,
        "truncated": true,
        "trafficLightColor": "NA"
      },
      "category": "car",
      "box2d": {
        "x1": 1134.208425,
        "y1": 394.290279,
        "x2": 1277.401747,
        "y2": 543.262818
      }
    },
    {
      "id": "29903",
      "attributes": {
        "occluded": true,
        "truncated": false,
        "trafficLightColor": "NA"
      },
      "category": "car",
      "box2d": {
        "x1": 286.98343,
        "y1": 340.636854,
        "x2": 353.114395,
        "y2": 366.839689
      }
    },
    {
      "id": "29904",
      "attributes": {
        "occluded": true,
        "truncated": false,
        "trafficLightColor": "NA"
      },
      "category": "car",
      "box2d": {
        "x1": 339.3891,
        "y1": 349.371132,
        "x2": 420.493111,
        "y2": 416.74985
      }
    },
    {
      "id": "29905",
      "attributes": {
        "occluded": false,
        "truncated": false,
        "trafficLightColor": "NA"
      },
      "category": "car",
      "box2d": {
        "x1": 521.56119,
        "y1": 331.902575,
        "x2": 556.498304,
        "y2": 356.857656
      }
    },
    {
      "id": "29906",
      "attributes": {
        "occluded": false,
        "truncated": false,
        "trafficLightColor": "NA"
      },
      "category": "car",
      "box2d": {
        "x1": 188.410859,
        "y1": 349.371132,
        "x2": 351.866639,
        "y2": 458.83683
      }
    },
    {
      "id": "29907",
      "attributes": {
        "occluded": false,
        "truncated": false,
        "trafficLightColor": "NA"
      },
      "category": "car",
      "box2d": {
        "x1": 554.002796,
        "y1": 286.98343,
        "x2": 713.715313,
        "y2": 441.704932
      }
    },
    {
      "id": "29908",
      "attributes": {
        "occluded": true,
        "truncated": false,
        "trafficLightColor": "NA"
      },
      "category": "pedestrian",
      "box2d": {
        "x1": 379.317229,
        "y1": 321.920543,
        "x2": 395.538031,
        "y2": 346.875624
      }
    },
    {
      "id": "29909",
      "attributes": {
        "occluded": true,
        "truncated": false,
        "trafficLightColor": "NA"
      },
      "category": "pedestrian",
      "box2d": {
        "x1": 554.002796,
        "y1": 316.929527,
        "x2": 563.984828,
        "y2": 346.875624
      }
    },
    {
      "id": "29910",
      "attributes": {
        "occluded": true,
        "truncated": false,
        "trafficLightColor": "NA"
      },
      "category": "pedestrian",
      "box2d": {
        "x1": 726.192852,
        "y1": 328.159313,
        "x2": 734.927131,
        "y2": 346.875624
      }
    },
    {
      "id": "29911",
      "attributes": {
        "occluded": true,
        "truncated": false,
        "trafficLightColor": "NA"
      },
      "category": "pedestrian",
      "box2d": {
        "x1": 732.431622,
        "y1": 333.15033,
        "x2": 741.165901,
        "y2": 348.123378
      }
    },
    {
      "id": "29912",
      "attributes": {
        "occluded": true,
        "truncated": false,
        "trafficLightColor": "NA"
      },
      "category": "pedestrian",
      "box2d": {
        "x1": 701.237771,
        "y1": 321.920543,
        "x2": 708.724296,
        "y2": 341.884608
      }
    },
    {
      "id": "29913",
      "attributes": {
        "occluded": true,
        "truncated": false,
        "trafficLightColor": "NA"
      },
      "category": "pedestrian",
      "box2d": {
        "x1": 723.594038,
        "y1": 305.956566,
        "x2": 817.563821,
        "y2": 417.545683
      }
    },
    {
      "id": "29914",
      "attributes": {
        "occluded": true,
        "truncated": false,
        "trafficLightColor": "NA"
      },
      "category": "pedestrian",
      "box2d": {
        "x1": 770.845886,
        "y1": 314.766233,
        "x2": 904.192214,
        "y2": 455.166147
      }
    },
    {
      "id": "29915",
      "attributes": {
        "occluded": false,
        "truncated": false,
        "trafficLightColor": "NA"
      },
      "category": "traffic sign",
      "box2d": {
        "x1": 916.205394,
        "y1": 245.202413,
        "x2": 942.634395,
        "y2": 276.036248
      }
    },
    {
      "id": "29916",
      "attributes": {
        "occluded": false,
        "truncated": false,
        "trafficLightColor": "NA"
      },
      "category": "traffic sign",
      "box2d": {
        "x1": 142.422952,
        "y1": 238.962221,
        "x2": 171.788509,
        "y2": 263.922945
      }
    },
    {
      "id": "29917",
      "attributes": {
        "occluded": false,
        "truncated": false,
        "trafficLightColor": "NA"
      },
      "category": "traffic sign",
      "box2d": {
        "x1": 273.099681,
        "y1": 275.669168,
        "x2": 312.743184,
        "y2": 280.074001
      }
    },
    {
      "id": "29918",
      "attributes": {
        "occluded": false,
        "truncated": false,
        "trafficLightColor": "NA"
      },
      "category": "traffic sign",
      "box2d": {
        "x1": 278.972793,
        "y1": 272.732612,
        "x2": 303.933516,
        "y2": 299.161613
      }
    }
  ],
  "attributes": {
    "weather": "rainy",
    "timeofday": "daytime",
    "scene": "city street"
  },
  "processing_info": {
    "processed_at": "2025-07-07T01:09:12.698712",
    "source": "bdd100k_complete_preprocessing_refactored"
  }
}