{
  "image_filename": "047671d6-83485ddb.jpg",
  "video_name": "047671d6-83485ddb.jpg",
  "frame_index": 0,
  "metadata": {
    "weather": "partly cloudy",
    "scene": "city street",
    "timeofday": "daytime"
  },
  "labels": [
    {
      "id": "30271",
      "attributes": {
        "occluded": true,
        "truncated": false,
        "trafficLightColor": "NA"
      },
      "category": "pedestrian",
      "box2d": {
        "x1": 41.849985,
        "y1": 349.199873,
        "x2": 52.649982,
        "y2": 359.999869
      }
    },
    {
      "id": "30272",
      "attributes": {
        "occluded": true,
        "truncated": false,
        "trafficLightColor": "NA"
      },
      "category": "pedestrian",
      "box2d": {
        "x1": 70.199974,
        "y1": 345.149877,
        "x2": 82.349971,
        "y2": 357.299873
      }
    },
    {
      "id": "30273",
      "attributes": {
        "occluded": true,
        "truncated": true,
        "trafficLightColor": "NA"
      },
      "category": "car",
      "box2d": {
        "x1": 1.35,
        "y1": 359.099874,
        "x2": 94.499966,
        "y2": 395.205601
      }
    },
    {
      "id": "30274",
      "attributes": {
        "occluded": false,
        "truncated": false,
        "trafficLightColor": "NA"
      },
      "category": "pedestrian",
      "box2d": {
        "x1": 2.700001,
        "y1": 343.799876,
        "x2": 32.399989,
        "y2": 405.899854
      }
    },
    {
      "id": "30275",
      "attributes": {
        "occluded": false,
        "truncated": false,
        "trafficLightColor": "NA"
      },
      "category": "pedestrian",
      "box2d": {
        "x1": 53.99998,
        "y1": 347.849874,
        "x2": 80.999972,
        "y2": 411.299851
      }
    },
    {
      "id": "30276",
      "attributes": {
        "occluded": true,
        "truncated": false,
        "trafficLightColor": "NA"
      },
      "category": "pedestrian",
      "box2d": {
        "x1": 120.149957,
        "y1": 348.299878,
        "x2": 137.699953,
        "y2": 363.149874
      }
    },
    {
      "id": "30277",
      "attributes": {
        "occluded": true,
        "truncated": false,
        "trafficLightColor": "NA"
      },
      "category": "pedestrian",
      "box2d": {
        "x1": 143.09995,
        "y1": 350.999877,
        "x2": 159.299943,
        "y2": 377.999868
      }
    },
    {
      "id": "30278",
      "attributes": {
        "occluded": true,
        "truncated": false,
        "trafficLightColor": "NA"
      },
      "category": "car",
      "box2d": {
        "x1": 94.499966,
        "y1": 364.499871,
        "x2": 143.099948,
        "y2": 388.799862
      }
    },
    {
      "id": "30279",
      "attributes": {
        "occluded": false,
        "truncated": true,
        "trafficLightColor": "NA"
      },
      "category": "traffic sign",
      "box2d": {
        "x1": 1.35,
        "y1": 230.849919,
        "x2": 26.999989,
        "y2": 248.399912
      }
    },
    {
      "id": "30280",
      "attributes": {
        "occluded": false,
        "truncated": false,
        "trafficLightColor": "NA"
      },
      "category": "traffic sign",
      "box2d": {
        "x1": 44.549985,
        "y1": 227.73296392770754,
        "x2": 75.52145016942717,
        "y2": 249.693101920236
      }
    },
    {
      "id": "30281",
      "attributes": {
        "occluded": false,
        "truncated": false,
        "trafficLightColor": "NA"
      },
      "category": "traffic light",
      "box2d": {
        "x1": 161.999943,
        "y1": 227.699917,
        "x2": 172.79994,
        "y2": 254.699909
      }
    },
    {
      "id": "30282",
      "attributes": {
        "occluded": false,
        "truncated": false,
        "trafficLightColor": "NA"
      },
      "category": "traffic light",
      "box2d": {
        "x1": 186.299936,
        "y1": 227.699917,
        "x2": 200.85492066337014,
        "y2": 255.648853
      }
    },
    {
      "id": "30283",
      "attributes": {
        "occluded": false,
        "truncated": false,
        "trafficLightColor": "G"
      },
      "category": "traffic light",
      "box2d": {
        "x1": 172.799939,
        "y1": 226.349917,
        "x2": 186.299933,
        "y2": 257.399907
      }
    },
    {
      "id": "30284",
      "attributes": {
        "occluded": false,
        "truncated": false,
        "trafficLightColor": "NA"
      },
      "category": "traffic light",
      "box2d": {
        "x1": 167.39994,
        "y1": 273.599901,
        "x2": 179.549937,
        "y2": 295.199893
      }
    },
    {
      "id": "30285",
      "attributes": {
        "occluded": false,
        "truncated": false,
        "trafficLightColor": "G"
      },
      "category": "traffic light",
      "box2d": {
        "x1": 256.499908,
        "y1": 278.999898,
        "x2": 265.949906,
        "y2": 303.299889
      }
    },
    {
      "id": "30286",
      "attributes": {
        "occluded": false,
        "truncated": false,
        "trafficLightColor": "R"
      },
      "category": "traffic light",
      "box2d": {
        "x1": 245.699914,
        "y1": 327.599882,
        "x2": 261.899907,
        "y2": 343.799876
      }
    },
    {
      "id": "30287",
      "attributes": {
        "occluded": false,
        "truncated": false,
        "trafficLightColor": "NA"
      },
      "category": "traffic light",
      "box2d": {
        "x1": 248.399914,
        "y1": 308.699889,
        "x2": 259.199909,
        "y2": 320.530498
      }
    },
    {
      "id": "30288",
      "attributes": {
        "occluded": true,
        "truncated": false,
        "trafficLightColor": "NA"
      },
      "category": "car",
      "box2d": {
        "x1": 278.099903,
        "y1": 354.599871,
        "x2": 313.82060394149,
        "y2": 400.1030019614333
      }
    },
    {
      "id": "30289",
      "attributes": {
        "occluded": false,
        "truncated": false,
        "trafficLightColor": "NA"
      },
      "category": "car",
      "box2d": {
        "x1": 124.199957,
        "y1": 342.449877,
        "x2": 299.699894,
        "y2": 445.0945041900282
      }
    },
    {
      "id": "30290",
      "attributes": {
        "occluded": true,
        "truncated": false,
        "trafficLightColor": "NA"
      },
      "category": "car",
      "box2d": {
        "x1": 419.849853,
        "y1": 352.79987,
        "x2": 448.19984,
        "y2": 379.799857
      }
    },
    {
      "id": "30291",
      "attributes": {
        "occluded": true,
        "truncated": false,
        "trafficLightColor": "NA"
      },
      "category": "car",
      "box2d": {
        "x1": 407.699856,
        "y1": 359.549866,
        "x2": 434.69985,
        "y2": 379.799857
      }
    },
    {
      "id": "30292",
      "attributes": {
        "occluded": true,
        "truncated": false,
        "trafficLightColor": "NA"
      },
      "category": "car",
      "box2d": {
        "x1": 388.799865,
        "y1": 358.199869,
        "x2": 413.099854,
        "y2": 382.499857
      }
    },
    {
      "id": "30293",
      "attributes": {
        "occluded": false,
        "truncated": false,
        "trafficLightColor": "NA"
      },
      "category": "car",
      "box2d": {
        "x1": 322.649886,
        "y1": 346.499875,
        "x2": 403.649858,
        "y2": 408.599854
      }
    },
    {
      "id": "30294",
      "attributes": {
        "occluded": true,
        "truncated": false,
        "trafficLightColor": "NA"
      },
      "category": "car",
      "box2d": {
        "x1": 436.049847,
        "y1": 357.749875,
        "x2": 465.749836,
        "y2": 384.749866
      }
    },
    {
      "id": "30295",
      "attributes": {
        "occluded": true,
        "truncated": false,
        "trafficLightColor": "NA"
      },
      "category": "car",
      "box2d": {
        "x1": 454.94984,
        "y1": 357.4491668523829,
        "x2": 491.1085472470247,
        "y2": 389.39073952605355
      }
    },
    {
      "id": "30296",
      "attributes": {
        "occluded": false,
        "truncated": false,
        "trafficLightColor": "G"
      },
      "category": "traffic light",
      "box2d": {
        "x1": 477.899833,
        "y1": 328.499877,
        "x2": 488.699828,
        "y2": 343.34987
      }
    },
    {
      "id": "30297",
      "attributes": {
        "occluded": true,
        "truncated": false,
        "trafficLightColor": "NA"
      },
      "category": "car",
      "box2d": {
        "x1": 542.699809,
        "y1": 364.499871,
        "x2": 554.849806,
        "y2": 377.999869
      }
    },
    {
      "id": "30298",
      "attributes": {
        "occluded": true,
        "truncated": false,
        "trafficLightColor": "NA"
      },
      "category": "car",
      "box2d": {
        "x1": 553.499807,
        "y1": 364.499871,
        "x2": 569.699804,
        "y2": 377.999869
      }
    },
    {
      "id": "30299",
      "attributes": {
        "occluded": false,
        "truncated": false,
        "trafficLightColor": "NA"
      },
      "category": "car",
      "box2d": {
        "x1": 477.899833,
        "y1": 350.8265947586865,
        "x2": 548.099808,
        "y2": 407.699855
      }
    },
    {
      "id": "30300",
      "attributes": {
        "occluded": true,
        "truncated": false,
        "trafficLightColor": "NA"
      },
      "category": "other vehicle",
      "box2d": {
        "x1": 565.649803,
        "y1": 322.199883,
        "x2": 623.699782,
        "y2": 389.699859
      }
    },
    {
      "id": "30301",
      "attributes": {
        "occluded": false,
        "truncated": false,
        "trafficLightColor": "NA"
      },
      "category": "car",
      "box2d": {
        "x1": 619.649784,
        "y1": 346.499875,
        "x2": 758.699735,
        "y2": 408.599854
      }
    },
    {
      "id": "30302",
      "attributes": {
        "occluded": true,
        "truncated": false,
        "trafficLightColor": "NA"
      },
      "category": "pedestrian",
      "box2d": {
        "x1": 724.949745,
        "y1": 359.39640470699027,
        "x2": 737.8314302035593,
        "y2": 377.09986
      }
    },
    {
      "id": "30303",
      "attributes": {
        "occluded": false,
        "truncated": false,
        "trafficLightColor": "G"
      },
      "category": "traffic light",
      "box2d": {
        "x1": 691.199758,
        "y1": 257.399905,
        "x2": 701.999754,
        "y2": 284.399896
      }
    },
    {
      "id": "30304",
      "attributes": {
        "occluded": false,
        "truncated": false,
        "trafficLightColor": "NA"
      },
      "category": "traffic light",
      "box2d": {
        "x1": 683.099761,
        "y1": 255.149912,
        "x2": 691.199758,
        "y2": 280.799901
      }
    },
    {
      "id": "30305",
      "attributes": {
        "occluded": false,
        "truncated": false,
        "trafficLightColor": "NA"
      },
      "category": "traffic light",
      "box2d": {
        "x1": 700.649755,
        "y1": 259.199909,
        "x2": 710.09975,
        "y2": 282.149901
      }
    },
    {
      "id": "30306",
      "attributes": {
        "occluded": false,
        "truncated": false,
        "trafficLightColor": "NA"
      },
      "category": "traffic sign",
      "box2d": {
        "x1": 769.949735,
        "y1": 279.63874315135524,
        "x2": 812.5738156571126,
        "y2": 295.199893
      }
    },
    {
      "id": "30307",
      "attributes": {
        "occluded": false,
        "truncated": false,
        "trafficLightColor": "R"
      },
      "category": "traffic light",
      "box2d": {
        "x1": 813.149716,
        "y1": 332.99988,
        "x2": 829.34971,
        "y2": 349.199873
      }
    },
    {
      "id": "30308",
      "attributes": {
        "occluded": true,
        "truncated": false,
        "trafficLightColor": "NA"
      },
      "category": "pedestrian",
      "box2d": {
        "x1": 817.3943337530335,
        "y1": 355.949872,
        "x2": 843.749704,
        "y2": 416.699851
      }
    },
    {
      "id": "30309",
      "attributes": {
        "occluded": false,
        "truncated": false,
        "trafficLightColor": "NA"
      },
      "category": "traffic light",
      "box2d": {
        "x1": 885.599691,
        "y1": 206.999921,
        "x2": 902.5568201143025,
        "y2": 242.19451821547017
      }
    },
    {
      "id": "30310",
      "attributes": {
        "occluded": false,
        "truncated": false,
        "trafficLightColor": "NA"
      },
      "category": "traffic light",
      "box2d": {
        "x1": 920.699677,
        "y1": 237.149916,
        "x2": 935.2292205422107,
        "y2": 267.90394806038154
      }
    },
    {
      "id": "30311",
      "attributes": {
        "occluded": false,
        "truncated": false,
        "trafficLightColor": "NA"
      },
      "category": "traffic light",
      "box2d": {
        "x1": 909.899682,
        "y1": 300.02041109592085,
        "x2": 935.7648336639796,
        "y2": 322.00087335904925
      }
    },
    {
      "id": "30312",
      "attributes": {
        "occluded": false,
        "truncated": false,
        "trafficLightColor": "NA"
      },
      "category": "traffic sign",
      "box2d": {
        "x1": 881.54969,
        "y1": 150.749945,
        "x2": 922.049677,
        "y2": 197.999927
      }
    },
    {
      "id": "30313",
      "attributes": {
        "occluded": true,
        "truncated": false,
        "trafficLightColor": "NA"
      },
      "category": "car",
      "box2d": {
        "x1": 827.549709,
        "y1": 330.299881,
        "x2": 1024.9200634717363,
        "y2": 454.499836
      }
    },
    {
      "id": "30314",
      "attributes": {
        "occluded": true,
        "truncated": false,
        "trafficLightColor": "NA"
      },
      "category": "car",
      "box2d": {
        "x1": 964.413342730614,
        "y1": 359.9560022176899,
        "x2": 1245.592669640559,
        "y2": 502.4051082193098
      }
    },
    {
      "id": "30315",
      "attributes": {
        "occluded": false,
        "truncated": true,
        "trafficLightColor": "NA"
      },
      "category": "car",
      "box2d": {
        "x1": 1213.850022,
        "y1": 386.99986,
        "x2": 1280.0,
        "y2": 557.099801
      }
    },
    {
      "id": "30316",
      "attributes": {
        "occluded": true,
        "truncated": false,
        "crowd": false,
        "trafficLightColor": "NA"
      },
      "category": "pedestrian",
      "box2d": {
        "x1": 1194.7094230725052,
        "y1": 328.33084364438906,
        "x2": 1246.663895884097,
        "y2": 397.9605494743574
      }
    }
  ],
  "attributes": {
    "weather": "partly cloudy",
    "timeofday": "daytime",
    "scene": "city street"
  },
  "processing_info": {
    "processed_at": "2025-07-07T01:09:14.424645",
    "source": "bdd100k_complete_preprocessing_refactored"
  }
}