{
  "image_filename": "0478d053-f5bb4831.jpg",
  "video_name": "0478d053-f5bb4831.jpg",
  "frame_index": 0,
  "metadata": {
    "weather": "clear",
    "scene": "residential",
    "timeofday": "daytime"
  },
  "labels": [
    {
      "id": "30421",
      "attributes": {
        "occluded": false,
        "truncated": false,
        "trafficLightColor": "G"
      },
      "category": "traffic light",
      "box2d": {
        "x1": 513.316034,
        "y1": 292.699096,
        "x2": 537.790873,
        "y2": 303.188313
      }
    },
    {
      "id": "30422",
      "attributes": {
        "occluded": false,
        "truncated": false,
        "trafficLightColor": "NA"
      },
      "category": "traffic sign",
      "box2d": {
        "x1": 499.33041,
        "y1": 304.936516,
        "x2": 537.790873,
        "y2": 317.173935
      }
    },
    {
      "id": "30423",
      "attributes": {
        "occluded": false,
        "truncated": false,
        "trafficLightColor": "NA"
      },
      "category": "traffic sign",
      "box2d": {
        "x1": 284.301461,
        "y1": 261.231444,
        "x2": 343.740358,
        "y2": 292.699096
      }
    },
    {
      "id": "30424",
      "attributes": {
        "occluded": false,
        "truncated": false,
        "trafficLightColor": "NA"
      },
      "category": "traffic sign",
      "box2d": {
        "x1": 268.567636,
        "y1": 257.73504,
        "x2": 282.553259,
        "y2": 297.943706
      }
    },
    {
      "id": "30425",
      "attributes": {
        "occluded": false,
        "truncated": false,
        "trafficLightColor": "NA"
      },
      "category": "traffic sign",
      "box2d": {
        "x1": 268.567636,
        "y1": 297.943704,
        "x2": 280.805055,
        "y2": 315.425734
      }
    },
    {
      "id": "30426",
      "attributes": {
        "occluded": false,
        "truncated": false,
        "trafficLightColor": "NA"
      },
      "category": "traffic sign",
      "box2d": {
        "x1": 104.236569,
        "y1": 187.806926,
        "x2": 126.963206,
        "y2": 231.511997
      }
    },
    {
      "id": "30427",
      "attributes": {
        "occluded": true,
        "truncated": false,
        "trafficLightColor": "NA"
      },
      "category": "car",
      "box2d": {
        "x1": 497.582207,
        "y1": 371.368223,
        "x2": 525.553451,
        "y2": 397.591266
      }
    },
    {
      "id": "30428",
      "attributes": {
        "occluded": true,
        "truncated": false,
        "trafficLightColor": "NA"
      },
      "category": "car",
      "box2d": {
        "x1": 523.805251,
        "y1": 373.116427,
        "x2": 548.28009,
        "y2": 404.584079
      }
    },
    {
      "id": "30429",
      "attributes": {
        "occluded": true,
        "truncated": false,
        "trafficLightColor": "NA"
      },
      "category": "car",
      "box2d": {
        "x1": 406.67566,
        "y1": 343.396978,
        "x2": 499.41334783915636,
        "y2": 424.8476059970131
      }
    },
    {
      "id": "30430",
      "attributes": {
        "occluded": true,
        "truncated": false,
        "trafficLightColor": "NA"
      },
      "category": "car",
      "box2d": {
        "x1": 443.387922,
        "y1": 359.130804,
        "x2": 483.596588,
        "y2": 436.051729
      }
    },
    {
      "id": "30431",
      "attributes": {
        "occluded": true,
        "truncated": false,
        "trafficLightColor": "NA"
      },
      "category": "car",
      "box2d": {
        "x1": 329.754735,
        "y1": 352.137993,
        "x2": 471.359168,
        "y2": 450.037352
      }
    },
    {
      "id": "30432",
      "attributes": {
        "occluded": false,
        "truncated": true,
        "trafficLightColor": "NA"
      },
      "category": "car",
      "box2d": {
        "x1": 2.840802,
        "y1": 308.432922,
        "x2": 333.00265373185067,
        "y2": 528.6403908394465
      }
    },
    {
      "id": "30433",
      "attributes": {
        "occluded": true,
        "truncated": false,
        "trafficLightColor": "NA"
      },
      "category": "car",
      "box2d": {
        "x1": 822.747936,
        "y1": 371.368223,
        "x2": 960.855962,
        "y2": 474.51219
      }
    },
    {
      "id": "30434",
      "attributes": {
        "occluded": true,
        "truncated": false,
        "trafficLightColor": "NA"
      },
      "category": "car",
      "box2d": {
        "x1": 899.668862,
        "y1": 385.353847,
        "x2": 1170.640302,
        "y2": 525.210076
      }
    },
    {
      "id": "30435",
      "attributes": {
        "occluded": false,
        "truncated": true,
        "trafficLightColor": "NA"
      },
      "category": "car",
      "box2d": {
        "x1": 1114.697814,
        "y1": 374.86463,
        "x2": 1277.280679,
        "y2": 572.411549
      }
    },
    {
      "id": "30436",
      "attributes": {
        "occluded": false,
        "truncated": false,
        "trafficLightColor": "NA"
      },
      "category": "car",
      "box2d": {
        "x1": 522.198305,
        "y1": 300.83977797944834,
        "x2": 834.985359,
        "y2": 565.3898110835864
      }
    }
  ],
  "attributes": {
    "weather": "clear",
    "timeofday": "daytime",
    "scene": "residential"
  },
  "processing_info": {
    "processed_at": "2025-07-07T01:09:16.503383",
    "source": "bdd100k_complete_preprocessing_refactored"
  }
}