{
  "image_filename": "047e732b-aa79a87d.jpg",
  "video_name": "047e732b-aa79a87d.jpg",
  "frame_index": 0,
  "metadata": {
    "weather": "undefined",
    "scene": "tunnel",
    "timeofday": "daytime"
  },
  "labels": [
    {
      "id": "30649",
      "attributes": {
        "occluded": false,
        "truncated": false,
        "trafficLightColor": "NA"
      },
      "category": "car",
      "box2d": {
        "x1": 414.123142,
        "y1": 267.3,
        "x2": 533.065249,
        "y2": 378.568422
      }
    },
    {
      "id": "30650",
      "attributes": {
        "occluded": true,
        "truncated": false,
        "trafficLightColor": "NA"
      },
      "category": "car",
      "box2d": {
        "x1": 498.044184,
        "y1": 239.96233,
        "x2": 516.606671,
        "y2": 248.399824
      }
    },
    {
      "id": "30651",
      "attributes": {
        "occluded": true,
        "truncated": false,
        "trafficLightColor": "NA"
      },
      "category": "car",
      "box2d": {
        "x1": 474.4192,
        "y1": 234.899833,
        "x2": 499.731683,
        "y2": 246.712325
      }
    },
    {
      "id": "30652",
      "attributes": {
        "occluded": true,
        "truncated": false,
        "trafficLightColor": "NA"
      },
      "category": "car",
      "box2d": {
        "x1": 454.169214,
        "y1": 238.274831,
        "x2": 476.106699,
        "y2": 248.399824
      }
    },
    {
      "id": "30653",
      "attributes": {
        "occluded": true,
        "truncated": false,
        "trafficLightColor": "NA"
      },
      "category": "car",
      "box2d": {
        "x1": 417.044239,
        "y1": 234.899833,
        "x2": 444.044221,
        "y2": 246.712325
      }
    },
    {
      "id": "30654",
      "attributes": {
        "occluded": true,
        "truncated": false,
        "trafficLightColor": "NA"
      },
      "category": "car",
      "box2d": {
        "x1": 369.794272,
        "y1": 229.837337,
        "x2": 398.481752,
        "y2": 239.96233
      }
    }
  ],
  "attributes": {
    "weather": "undefined",
    "timeofday": "daytime",
    "scene": "tunnel"
  },
  "processing_info": {
    "processed_at": "2025-07-07T01:09:13.386227",
    "source": "bdd100k_complete_preprocessing_refactored"
  }
}