{
  "image_filename": "0492b183-725063b0.jpg",
  "video_name": "0492b183-725063b0.jpg",
  "frame_index": 0,
  "metadata": {
    "weather": "clear",
    "scene": "city street",
    "timeofday": "daytime"
  },
  "labels": [
    {
      "id": "30981",
      "attributes": {
        "occluded": true,
        "truncated": false,
        "trafficLightColor": "NA"
      },
      "category": "car",
      "box2d": {
        "x1": 739.40593,
        "y1": 417.690895,
        "x2": 758.992842,
        "y2": 427.48435
      }
    },
    {
      "id": "30982",
      "attributes": {
        "occluded": true,
        "truncated": false,
        "trafficLightColor": "NA"
      },
      "category": "car",
      "box2d": {
        "x1": 739.40593,
        "y1": 418.915076,
        "x2": 774.907207,
        "y2": 438.501989
      }
    },
    {
      "id": "30983",
      "attributes": {
        "occluded": true,
        "truncated": false,
        "trafficLightColor": "NA"
      },
      "category": "car",
      "box2d": {
        "x1": 651.02001,
        "y1": 426.26017,
        "x2": 679.176196,
        "y2": 448.295446
      }
    },
    {
      "id": "30984",
      "attributes": {
        "occluded": true,
        "truncated": false,
        "trafficLightColor": "NA"
      },
      "category": "car",
      "box2d": {
        "x1": 698.763109,
        "y1": 404.224893,
        "x2": 735.488568,
        "y2": 429.932716
      }
    },
    {
      "id": "30985",
      "attributes": {
        "occluded": true,
        "truncated": false,
        "trafficLightColor": "NA"
      },
      "category": "car",
      "box2d": {
        "x1": 613.070369,
        "y1": 416.466713,
        "x2": 655.91674,
        "y2": 454.416354
      }
    },
    {
      "id": "30986",
      "attributes": {
        "occluded": false,
        "truncated": false,
        "trafficLightColor": "NA"
      },
      "category": "car",
      "box2d": {
        "x1": 512.932259,
        "y1": 426.26017,
        "x2": 620.660275,
        "y2": 502.159454
      }
    },
    {
      "id": "30987",
      "attributes": {
        "occluded": false,
        "truncated": false,
        "trafficLightColor": "NA"
      },
      "category": "car",
      "box2d": {
        "x1": 411.325153,
        "y1": 428.708534,
        "x2": 494.569528,
        "y2": 487.469269
      }
    },
    {
      "id": "30988",
      "attributes": {
        "occluded": true,
        "truncated": true,
        "trafficLightColor": "NA"
      },
      "category": "rider",
      "box2d": {
        "x1": 0.0,
        "y1": 410.590635,
        "x2": 69.778375,
        "y2": 572.182679
      }
    },
    {
      "id": "30989",
      "attributes": {
        "occluded": true,
        "truncated": true,
        "trafficLightColor": "NA"
      },
      "category": "bicycle",
      "box2d": {
        "x1": 0.0,
        "y1": 471.799737,
        "x2": 88.141103,
        "y2": 586.872844
      }
    },
    {
      "id": "30990",
      "attributes": {
        "occluded": false,
        "truncated": false,
        "trafficLightColor": "R"
      },
      "category": "traffic light",
      "box2d": {
        "x1": 159.14366,
        "y1": 359.664676,
        "x2": 178.730572,
        "y2": 386.59668
      }
    },
    {
      "id": "30991",
      "attributes": {
        "occluded": false,
        "truncated": false,
        "trafficLightColor": "R"
      },
      "category": "traffic light",
      "box2d": {
        "x1": 768.786297,
        "y1": 374.354859,
        "x2": 776.131389,
        "y2": 387.820862
      }
    },
    {
      "id": "30992",
      "attributes": {
        "occluded": false,
        "truncated": false,
        "trafficLightColor": "R"
      },
      "category": "traffic light",
      "box2d": {
        "x1": 664.730827,
        "y1": 374.354859,
        "x2": 672.075919,
        "y2": 387.820862
      }
    },
    {
      "id": "30993",
      "attributes": {
        "occluded": false,
        "truncated": false,
        "trafficLightColor": "G"
      },
      "category": "traffic light",
      "box2d": {
        "x1": 111.400562,
        "y1": 359.664676,
        "x2": 142.005111,
        "y2": 385.372498
      }
    },
    {
      "id": "30994",
      "attributes": {
        "occluded": false,
        "truncated": false,
        "trafficLightColor": "G"
      },
      "category": "traffic light",
      "box2d": {
        "x1": 1214.143731,
        "y1": 331.50849,
        "x2": 1247.196645,
        "y2": 359.664676
      }
    },
    {
      "id": "30995",
      "attributes": {
        "occluded": false,
        "truncated": false,
        "trafficLightColor": "G"
      },
      "category": "traffic light",
      "box2d": {
        "x1": 974.20406,
        "y1": 76.878628,
        "x2": 1003.584427,
        "y2": 141.760273
      }
    },
    {
      "id": "30996",
      "attributes": {
        "occluded": false,
        "truncated": false,
        "trafficLightColor": "NA"
      },
      "category": "traffic light",
      "box2d": {
        "x1": 957.065511,
        "y1": 82.999534,
        "x2": 972.979878,
        "y2": 146.656997
      }
    },
    {
      "id": "30997",
      "attributes": {
        "occluded": false,
        "truncated": false,
        "trafficLightColor": "NA"
      },
      "category": "traffic light",
      "box2d": {
        "x1": 1002.360246,
        "y1": 78.102807,
        "x2": 1026.843886,
        "y2": 144.208635
      }
    },
    {
      "id": "30998",
      "attributes": {
        "occluded": false,
        "truncated": false,
        "trafficLightColor": "NA"
      },
      "category": "traffic sign",
      "box2d": {
        "x1": 601.073362,
        "y1": 390.269226,
        "x2": 612.090999,
        "y2": 396.390135
      }
    },
    {
      "id": "30999",
      "attributes": {
        "occluded": false,
        "truncated": false,
        "trafficLightColor": "NA"
      },
      "category": "traffic sign",
      "box2d": {
        "x1": 607.194274,
        "y1": 397.614317,
        "x2": 618.211911,
        "y2": 401.286863
      }
    },
    {
      "id": "31000",
      "attributes": {
        "occluded": true,
        "truncated": false,
        "trafficLightColor": "NA"
      },
      "category": "traffic sign",
      "box2d": {
        "x1": 882.635223,
        "y1": 374.354859,
        "x2": 894.877042,
        "y2": 395.165954
      }
    },
    {
      "id": "31001",
      "attributes": {
        "occluded": false,
        "truncated": false,
        "trafficLightColor": "NA"
      },
      "category": "traffic sign",
      "box2d": {
        "x1": 1194.556821,
        "y1": 244.591569,
        "x2": 1236.17901,
        "y2": 258.057572
      }
    },
    {
      "id": "31002",
      "attributes": {
        "occluded": false,
        "truncated": false,
        "trafficLightColor": "NA"
      },
      "category": "traffic sign",
      "box2d": {
        "x1": 1160.279724,
        "y1": 261.730116,
        "x2": 1222.713005,
        "y2": 282.54121
      }
    },
    {
      "id": "31003",
      "attributes": {
        "occluded": true,
        "truncated": false,
        "trafficLightColor": "NA"
      },
      "category": "traffic sign",
      "box2d": {
        "x1": 1171.297363,
        "y1": 318.042487,
        "x2": 1214.143733,
        "y2": 347.422855
      }
    },
    {
      "id": "31004",
      "attributes": {
        "occluded": false,
        "truncated": false,
        "trafficLightColor": "NA"
      },
      "category": "traffic sign",
      "box2d": {
        "x1": 1144.365357,
        "y1": 344.974491,
        "x2": 1231.28228,
        "y2": 422.097958
      }
    },
    {
      "id": "31005",
      "attributes": {
        "occluded": true,
        "truncated": false,
        "trafficLightColor": "NA"
      },
      "category": "pedestrian",
      "box2d": {
        "x1": 680.645192,
        "y1": 403.735247,
        "x2": 727.164109,
        "y2": 523.705084
      }
    },
    {
      "id": "31006",
      "attributes": {
        "occluded": false,
        "truncated": false,
        "trafficLightColor": "NA"
      },
      "category": "pedestrian",
      "box2d": {
        "x1": 717.370653,
        "y1": 414.263181,
        "x2": 761.441206,
        "y2": 528.112107
      }
    }
  ],
  "attributes": {
    "weather": "clear",
    "timeofday": "daytime",
    "scene": "city street"
  },
  "processing_info": {
    "processed_at": "2025-07-07T01:09:12.561982",
    "source": "bdd100k_complete_preprocessing_refactored"
  }
}