{
  "image_filename": "049494ac-9aa2732a.jpg",
  "video_name": "049494ac-9aa2732a.jpg",
  "frame_index": 0,
  "metadata": {
    "weather": "clear",
    "scene": "highway",
    "timeofday": "daytime"
  },
  "labels": [
    {
      "id": "31081",
      "attributes": {
        "occluded": true,
        "truncated": false,
        "trafficLightColor": "NA"
      },
      "category": "car",
      "box2d": {
        "x1": 166.572603,
        "y1": 292.481893,
        "x2": 228.30245,
        "y2": 323.836735
      }
    },
    {
      "id": "31082",
      "attributes": {
        "occluded": true,
        "truncated": false,
        "trafficLightColor": "NA"
      },
      "category": "car",
      "box2d": {
        "x1": 41.153232,
        "y1": 337.554479,
        "x2": 69.568557,
        "y2": 360.090773
      }
    },
    {
      "id": "31083",
      "attributes": {
        "occluded": true,
        "truncated": false,
        "trafficLightColor": "NA"
      },
      "category": "car",
      "box2d": {
        "x1": 17.637099,
        "y1": 334.614962,
        "x2": 43.11291,
        "y2": 361.07061
      }
    },
    {
      "id": "31084",
      "attributes": {
        "occluded": true,
        "truncated": false,
        "trafficLightColor": "NA"
      },
      "category": "car",
      "box2d": {
        "x1": 240.550434,
        "y1": 321.877058,
        "x2": 264.066566,
        "y2": 341.473834
      }
    },
    {
      "id": "31085",
      "attributes": {
        "occluded": true,
        "truncated": false,
        "trafficLightColor": "NA"
      },
      "category": "car",
      "box2d": {
        "x1": 488.44966,
        "y1": 311.098829,
        "x2": 506.086759,
        "y2": 326.77625
      }
    },
    {
      "id": "31086",
      "attributes": {
        "occluded": true,
        "truncated": false,
        "trafficLightColor": "NA"
      },
      "category": "car",
      "box2d": {
        "x1": 520.784341,
        "y1": 314.038348,
        "x2": 534.502085,
        "y2": 327.756092
      }
    },
    {
      "id": "31087",
      "attributes": {
        "occluded": true,
        "truncated": false,
        "trafficLightColor": "NA"
      },
      "category": "car",
      "box2d": {
        "x1": 560.957734,
        "y1": 312.07867,
        "x2": 592.312575,
        "y2": 347.352868
      }
    },
    {
      "id": "31088",
      "attributes": {
        "occluded": false,
        "truncated": false,
        "trafficLightColor": "NA"
      },
      "category": "car",
      "box2d": {
        "x1": 333.635123,
        "y1": 323.673429,
        "x2": 424.59683,
        "y2": 385.403276
      }
    },
    {
      "id": "31089",
      "attributes": {
        "occluded": false,
        "truncated": false,
        "trafficLightColor": "NA"
      },
      "category": "car",
      "box2d": {
        "x1": 590.189595,
        "y1": 307.016169,
        "x2": 679.354931,
        "y2": 377.564565
      }
    },
    {
      "id": "31090",
      "attributes": {
        "occluded": false,
        "truncated": false,
        "trafficLightColor": "NA"
      },
      "category": "car",
      "box2d": {
        "x1": 541.197653,
        "y1": 314.854881,
        "x2": 561.774268,
        "y2": 331.512139
      }
    },
    {
      "id": "31091",
      "attributes": {
        "occluded": false,
        "truncated": false,
        "trafficLightColor": "NA"
      },
      "category": "traffic sign",
      "box2d": {
        "x1": 805.917442,
        "y1": 39.193554,
        "x2": 854.092857,
        "y2": 99.943563
      }
    },
    {
      "id": "31092",
      "attributes": {
        "occluded": false,
        "truncated": false,
        "trafficLightColor": "NA"
      },
      "category": "traffic sign",
      "box2d": {
        "x1": 841.191642,
        "y1": 131.298404,
        "x2": 888.387217,
        "y2": 146.975826
      }
    },
    {
      "id": "31093",
      "attributes": {
        "occluded": false,
        "truncated": false,
        "trafficLightColor": "NA"
      },
      "category": "traffic sign",
      "box2d": {
        "x1": 808.856958,
        "y1": 203.806479,
        "x2": 861.931567,
        "y2": 224.383094
      }
    },
    {
      "id": "31094",
      "attributes": {
        "occluded": false,
        "truncated": false,
        "trafficLightColor": "NA"
      },
      "category": "traffic sign",
      "box2d": {
        "x1": 765.74405,
        "y1": 223.403255,
        "x2": 788.280345,
        "y2": 237.120998
      }
    },
    {
      "id": "31095",
      "attributes": {
        "occluded": false,
        "truncated": false,
        "trafficLightColor": "NA"
      },
      "category": "traffic sign",
      "box2d": {
        "x1": 846.090836,
        "y1": 287.773308,
        "x2": 860.468974,
        "y2": 309.203235
      }
    },
    {
      "id": "31096",
      "attributes": {
        "occluded": true,
        "truncated": false,
        "trafficLightColor": "NA"
      },
      "category": "traffic sign",
      "box2d": {
        "x1": 461.177477,
        "y1": 225.68954,
        "x2": 483.713772,
        "y2": 245.286318
      }
    },
    {
      "id": "31097",
      "attributes": {
        "occluded": true,
        "truncated": false,
        "trafficLightColor": "NA"
      },
      "category": "traffic sign",
      "box2d": {
        "x1": 484.693609,
        "y1": 248.225833,
        "x2": 494.491999,
        "y2": 256.064545
      }
    },
    {
      "id": "31098",
      "attributes": {
        "occluded": false,
        "truncated": false,
        "trafficLightColor": "NA"
      },
      "category": "traffic sign",
      "box2d": {
        "x1": 866.830762,
        "y1": 221.443577,
        "x2": 881.528343,
        "y2": 251.81858
      }
    },
    {
      "id": "31099",
      "attributes": {
        "occluded": false,
        "truncated": false,
        "trafficLightColor": "G"
      },
      "category": "traffic light",
      "box2d": {
        "x1": 550.80415,
        "y1": 103.372997,
        "x2": 561.582379,
        "y2": 144.036308
      }
    },
    {
      "id": "31100",
      "attributes": {
        "occluded": false,
        "truncated": false,
        "trafficLightColor": "NA"
      },
      "category": "traffic light",
      "box2d": {
        "x1": 538.46598,
        "y1": 101.3827,
        "x2": 551.203884,
        "y2": 126.858509
      }
    },
    {
      "id": "31101",
      "attributes": {
        "occluded": false,
        "truncated": false,
        "trafficLightColor": "NA"
      },
      "category": "traffic sign",
      "box2d": {
        "x1": 848.223301,
        "y1": 312.264653,
        "x2": 865.0611,
        "y2": 332.163873
      }
    },
    {
      "id": "31102",
      "attributes": {
        "occluded": false,
        "truncated": false,
        "trafficLightColor": "R"
      },
      "category": "traffic light",
      "box2d": {
        "x1": 18.36273,
        "y1": 80.796012,
        "x2": 40.398006,
        "y2": 101.607106
      }
    },
    {
      "id": "31103",
      "attributes": {
        "occluded": false,
        "truncated": false,
        "trafficLightColor": "G"
      },
      "category": "traffic light",
      "box2d": {
        "x1": 209.335122,
        "y1": 145.677658,
        "x2": 227.697852,
        "y2": 166.488752
      }
    },
    {
      "id": "31104",
      "attributes": {
        "occluded": false,
        "truncated": false,
        "crowd": false,
        "trafficLightColor": "NA"
      },
      "category": "car",
      "box2d": {
        "x1": 504.31393382907373,
        "y1": 313.579234640156,
        "x2": 524.6127131784942,
        "y2": 332.49400630666145
      }
    }
  ],
  "attributes": {
    "weather": "clear",
    "timeofday": "daytime",
    "scene": "highway"
  },
  "processing_info": {
    "processed_at": "2025-07-07T01:09:16.615585",
    "source": "bdd100k_complete_preprocessing_refactored"
  }
}