{
  "image_filename": "049dde52-19569c8c.jpg",
  "video_name": "049dde52-19569c8c.jpg",
  "frame_index": 0,
  "metadata": {
    "weather": "partly cloudy",
    "scene": "city street",
    "timeofday": "daytime"
  },
  "labels": [
    {
      "id": "31428",
      "attributes": {
        "occluded": true,
        "truncated": false,
        "trafficLightColor": "NA"
      },
      "category": "car",
      "box2d": {
        "x1": 412.291068,
        "y1": 413.889098,
        "x2": 442.254083,
        "y2": 440.25655
      }
    },
    {
      "id": "31429",
      "attributes": {
        "occluded": false,
        "truncated": false,
        "trafficLightColor": "NA"
      },
      "category": "car",
      "box2d": {
        "x1": 317.607946,
        "y1": 412.690578,
        "x2": 336.784274,
        "y2": 428.271342
      }
    },
    {
      "id": "31430",
      "attributes": {
        "occluded": false,
        "truncated": false,
        "trafficLightColor": "NA"
      },
      "category": "car",
      "box2d": {
        "x1": 336.784274,
        "y1": 379.37159405426394,
        "x2": 415.88663,
        "y2": 470.219565
      }
    },
    {
      "id": "31431",
      "attributes": {
        "occluded": false,
        "truncated": false,
        "trafficLightColor": "NA"
      },
      "category": "car",
      "box2d": {
        "x1": 453.040766,
        "y1": 413.889098,
        "x2": 529.746081,
        "y2": 470.219564
      }
    },
    {
      "id": "31432",
      "attributes": {
        "occluded": false,
        "truncated": false,
        "trafficLightColor": "NA"
      },
      "category": "car",
      "box2d": {
        "x1": 103.072768,
        "y1": 393.514257,
        "x2": 336.784274,
        "y2": 532.542642
      }
    },
    {
      "id": "31433",
      "attributes": {
        "occluded": true,
        "truncated": false,
        "trafficLightColor": "NA"
      },
      "category": "other vehicle",
      "box2d": {
        "x1": 37.154137,
        "y1": 351.56603,
        "x2": 161.800276,
        "y2": 486.998854
      }
    },
    {
      "id": "31434",
      "attributes": {
        "occluded": false,
        "truncated": false,
        "trafficLightColor": "NA"
      },
      "category": "traffic light",
      "box2d": {
        "x1": 451.842247,
        "y1": 359.955674,
        "x2": 459.033371,
        "y2": 374.337921
      }
    },
    {
      "id": "31435",
      "attributes": {
        "occluded": false,
        "truncated": false,
        "trafficLightColor": "NA"
      },
      "category": "traffic sign",
      "box2d": {
        "x1": 512.966794,
        "y1": 390.717698,
        "x2": 526.150521,
        "y2": 397.908826
      }
    },
    {
      "id": "31436",
      "attributes": {
        "occluded": false,
        "truncated": false,
        "trafficLightColor": "NA"
      },
      "category": "traffic sign",
      "box2d": {
        "x1": 516.562356,
        "y1": 365.548767,
        "x2": 523.753476,
        "y2": 379.93101
      }
    },
    {
      "id": "31437",
      "attributes": {
        "occluded": false,
        "truncated": false,
        "trafficLightColor": "NA"
      },
      "category": "traffic sign",
      "box2d": {
        "x1": 701.13452,
        "y1": 383.526574,
        "x2": 713.119728,
        "y2": 409.894026
      }
    },
    {
      "id": "31438",
      "attributes": {
        "occluded": false,
        "truncated": false,
        "trafficLightColor": "NA"
      },
      "category": "traffic sign",
      "box2d": {
        "x1": 711.921203,
        "y1": 353.56356,
        "x2": 731.097531,
        "y2": 395.511779
      }
    },
    {
      "id": "31439",
      "attributes": {
        "occluded": true,
        "truncated": true,
        "trafficLightColor": "NA"
      },
      "category": "car",
      "box2d": {
        "x1": 0.0,
        "y1": 339.580824,
        "x2": 69.514192,
        "y2": 459.432875
      }
    }
  ],
  "attributes": {
    "weather": "partly cloudy",
    "timeofday": "daytime",
    "scene": "city street"
  },
  "processing_info": {
    "processed_at": "2025-07-07T01:09:15.615998",
    "source": "bdd100k_complete_preprocessing_refactored"
  }
}