{
  "image_filename": "04a8e132-4f929465.jpg",
  "video_name": "04a8e132-4f929465.jpg",
  "frame_index": 0,
  "metadata": {
    "weather": "overcast",
    "scene": "city street",
    "timeofday": "daytime"
  },
  "labels": [
    {
      "id": "31595",
      "attributes": {
        "occluded": false,
        "truncated": false,
        "trafficLightColor": "R"
      },
      "category": "traffic light",
      "box2d": {
        "x1": 71.020715,
        "y1": 324.166748,
        "x2": 93.747351,
        "y2": 339.900573
      }
    },
    {
      "id": "31596",
      "attributes": {
        "occluded": false,
        "truncated": false,
        "trafficLightColor": "R"
      },
      "category": "traffic light",
      "box2d": {
        "x1": 294.790677,
        "y1": 208.785358,
        "x2": 310.524503,
        "y2": 243.749415
      }
    },
    {
      "id": "31597",
      "attributes": {
        "occluded": false,
        "truncated": false,
        "trafficLightColor": "R"
      },
      "category": "traffic light",
      "box2d": {
        "x1": 644.431247,
        "y1": 212.281765,
        "x2": 658.416871,
        "y2": 243.749416
      }
    },
    {
      "id": "31598",
      "attributes": {
        "occluded": false,
        "truncated": false,
        "trafficLightColor": "R"
      },
      "category": "traffic light",
      "box2d": {
        "x1": 747.575215,
        "y1": 331.159559,
        "x2": 758.064434,
        "y2": 345.145182
      }
    },
    {
      "id": "31599",
      "attributes": {
        "occluded": false,
        "truncated": false,
        "trafficLightColor": "R"
      },
      "category": "traffic light",
      "box2d": {
        "x1": 873.44582,
        "y1": 311.929326,
        "x2": 890.92785,
        "y2": 331.159557
      }
    },
    {
      "id": "31600",
      "attributes": {
        "occluded": false,
        "truncated": false,
        "trafficLightColor": "NA"
      },
      "category": "traffic light",
      "box2d": {
        "x1": 308.776302,
        "y1": 210.78331,
        "x2": 322.761924,
        "y2": 245.747366
      }
    },
    {
      "id": "31601",
      "attributes": {
        "occluded": false,
        "truncated": false,
        "trafficLightColor": "NA"
      },
      "category": "traffic light",
      "box2d": {
        "x1": 280.805055,
        "y1": 209.035108,
        "x2": 294.790679,
        "y2": 242.250963
      }
    },
    {
      "id": "31602",
      "attributes": {
        "occluded": false,
        "truncated": false,
        "trafficLightColor": "NA"
      },
      "category": "traffic light",
      "box2d": {
        "x1": 654.920466,
        "y1": 214.279718,
        "x2": 665.409684,
        "y2": 247.495572
      }
    },
    {
      "id": "31603",
      "attributes": {
        "occluded": false,
        "truncated": false,
        "trafficLightColor": "NA"
      },
      "category": "traffic light",
      "box2d": {
        "x1": 630.445626,
        "y1": 210.78331,
        "x2": 644.431247,
        "y2": 243.999164
      }
    },
    {
      "id": "31604",
      "attributes": {
        "occluded": false,
        "truncated": false,
        "trafficLightColor": "NA"
      },
      "category": "traffic light",
      "box2d": {
        "x1": 850.719183,
        "y1": 312.179076,
        "x2": 871.697618,
        "y2": 333.15751
      }
    },
    {
      "id": "31605",
      "attributes": {
        "occluded": true,
        "truncated": false,
        "trafficLightColor": "NA"
      },
      "category": "traffic light",
      "box2d": {
        "x1": 62.2797,
        "y1": 318.922139,
        "x2": 85.006336,
        "y2": 341.648776
      }
    },
    {
      "id": "31606",
      "attributes": {
        "occluded": false,
        "truncated": false,
        "trafficLightColor": "NA"
      },
      "category": "traffic sign",
      "box2d": {
        "x1": 256.330216,
        "y1": 371.2462073494281,
        "x2": 266.6521469082961,
        "y2": 380.9342611298333
      }
    },
    {
      "id": "31607",
      "attributes": {
        "occluded": false,
        "truncated": false,
        "trafficLightColor": "NA"
      },
      "category": "traffic sign",
      "box2d": {
        "x1": 252.833812,
        "y1": 311.929326,
        "x2": 268.567638,
        "y2": 332.907761
      }
    },
    {
      "id": "31608",
      "attributes": {
        "occluded": false,
        "truncated": false,
        "trafficLightColor": "NA"
      },
      "category": "traffic sign",
      "box2d": {
        "x1": 859.460198,
        "y1": 215.778171,
        "x2": 876.942226,
        "y2": 238.504808
      }
    },
    {
      "id": "31609",
      "attributes": {
        "occluded": false,
        "truncated": false,
        "trafficLightColor": "NA"
      },
      "category": "traffic sign",
      "box2d": {
        "x1": 632.193828,
        "y1": 332.907761,
        "x2": 640.934843,
        "y2": 346.893384
      }
    },
    {
      "id": "31610",
      "attributes": {
        "occluded": true,
        "truncated": false,
        "trafficLightColor": "NA"
      },
      "category": "car",
      "box2d": {
        "x1": 1008.057442,
        "y1": 355.634397,
        "x2": 1027.287672,
        "y2": 369.620021
      }
    },
    {
      "id": "31611",
      "attributes": {
        "occluded": true,
        "truncated": false,
        "trafficLightColor": "NA"
      },
      "category": "car",
      "box2d": {
        "x1": 959.107762,
        "y1": 360.879008,
        "x2": 1006.309237,
        "y2": 395.843064
      }
    },
    {
      "id": "31612",
      "attributes": {
        "occluded": true,
        "truncated": false,
        "trafficLightColor": "NA"
      },
      "category": "car",
      "box2d": {
        "x1": 831.488953,
        "y1": 357.382602,
        "x2": 864.704807,
        "y2": 383.605645
      }
    },
    {
      "id": "31613",
      "attributes": {
        "occluded": true,
        "truncated": false,
        "trafficLightColor": "NA"
      },
      "category": "car",
      "box2d": {
        "x1": 848.970981,
        "y1": 357.382602,
        "x2": 918.899093,
        "y2": 390.598455
      }
    },
    {
      "id": "31614",
      "attributes": {
        "occluded": true,
        "truncated": false,
        "trafficLightColor": "NA"
      },
      "category": "car",
      "box2d": {
        "x1": 854.21559,
        "y1": 366.123615,
        "x2": 943.373934,
        "y2": 408.080484
      }
    },
    {
      "id": "31615",
      "attributes": {
        "occluded": true,
        "truncated": false,
        "trafficLightColor": "NA"
      },
      "category": "car",
      "box2d": {
        "x1": 875.194024,
        "y1": 369.620021,
        "x2": 969.596979,
        "y2": 404.584077
      }
    },
    {
      "id": "31616",
      "attributes": {
        "occluded": true,
        "truncated": false,
        "trafficLightColor": "NA"
      },
      "category": "car",
      "box2d": {
        "x1": 383.949023,
        "y1": 369.620021,
        "x2": 404.927458,
        "y2": 394.094862
      }
    },
    {
      "id": "31617",
      "attributes": {
        "occluded": true,
        "truncated": false,
        "trafficLightColor": "NA"
      },
      "category": "car",
      "box2d": {
        "x1": 373.459808,
        "y1": 373.116427,
        "x2": 397.934649,
        "y2": 402.835875
      }
    },
    {
      "id": "31618",
      "attributes": {
        "occluded": true,
        "truncated": false,
        "trafficLightColor": "NA"
      },
      "category": "car",
      "box2d": {
        "x1": 345.488562,
        "y1": 373.116427,
        "x2": 380.452617,
        "y2": 408.080484
      }
    },
    {
      "id": "31619",
      "attributes": {
        "occluded": true,
        "truncated": false,
        "trafficLightColor": "NA"
      },
      "category": "pedestrian",
      "box2d": {
        "x1": 1020.294861,
        "y1": 352.137993,
        "x2": 1036.028687,
        "y2": 376.612834
      }
    },
    {
      "id": "31620",
      "attributes": {
        "occluded": false,
        "truncated": false,
        "trafficLightColor": "NA"
      },
      "category": "pedestrian",
      "box2d": {
        "x1": 834.985359,
        "y1": 385.353847,
        "x2": 850.719185,
        "y2": 427.310716
      }
    },
    {
      "id": "31621",
      "attributes": {
        "occluded": true,
        "truncated": false,
        "trafficLightColor": "NA"
      },
      "category": "pedestrian",
      "box2d": {
        "x1": 827.992547,
        "y1": 383.605645,
        "x2": 834.985359,
        "y2": 423.814309
      }
    },
    {
      "id": "31622",
      "attributes": {
        "occluded": true,
        "truncated": false,
        "trafficLightColor": "NA"
      },
      "category": "pedestrian",
      "box2d": {
        "x1": 796.524895,
        "y1": 371.368223,
        "x2": 810.510519,
        "y2": 422.066107
      }
    },
    {
      "id": "31623",
      "attributes": {
        "occluded": true,
        "truncated": false,
        "trafficLightColor": "NA"
      },
      "category": "pedestrian",
      "box2d": {
        "x1": 671.115625894305,
        "y1": 363.088545894305,
        "x2": 682.7955668704129,
        "y2": 393.39033027606865
      }
    },
    {
      "id": "31624",
      "attributes": {
        "occluded": true,
        "truncated": false,
        "trafficLightColor": "NA"
      },
      "category": "pedestrian",
      "box2d": {
        "x1": 793.028491,
        "y1": 353.886195,
        "x2": 800.021303,
        "y2": 371.368225
      }
    },
    {
      "id": "31625",
      "attributes": {
        "occluded": true,
        "truncated": false,
        "trafficLightColor": "NA"
      },
      "category": "pedestrian",
      "box2d": {
        "x1": 815.755127,
        "y1": 357.382602,
        "x2": 829.740751,
        "y2": 376.612834
      }
    },
    {
      "id": "31626",
      "attributes": {
        "occluded": true,
        "truncated": false,
        "trafficLightColor": "NA"
      },
      "category": "pedestrian",
      "box2d": {
        "x1": 800.021301,
        "y1": 353.886195,
        "x2": 812.258721,
        "y2": 369.620021
      }
    },
    {
      "id": "31627",
      "attributes": {
        "occluded": false,
        "truncated": false,
        "trafficLightColor": "NA"
      },
      "category": "pedestrian",
      "box2d": {
        "x1": 716.107566,
        "y1": 362.62721,
        "x2": 730.093189,
        "y2": 401.087673
      }
    },
    {
      "id": "31628",
      "attributes": {
        "occluded": false,
        "truncated": false,
        "trafficLightColor": "NA"
      },
      "category": "pedestrian",
      "box2d": {
        "x1": 705.618348,
        "y1": 373.116427,
        "x2": 717.855768,
        "y2": 401.087673
      }
    },
    {
      "id": "31629",
      "attributes": {
        "occluded": false,
        "truncated": false,
        "trafficLightColor": "NA"
      },
      "category": "pedestrian",
      "box2d": {
        "x1": 684.639912,
        "y1": 360.879008,
        "x2": 699.8649949596983,
        "y2": 392.4676584874586
      }
    },
    {
      "id": "31630",
      "attributes": {
        "occluded": false,
        "truncated": false,
        "trafficLightColor": "NA"
      },
      "category": "pedestrian",
      "box2d": {
        "x1": 768.1427073168398,
        "y1": 362.62721,
        "x2": 791.280288,
        "y2": 441.296337
      }
    },
    {
      "id": "31631",
      "attributes": {
        "occluded": false,
        "truncated": false,
        "trafficLightColor": "NA"
      },
      "category": "pedestrian",
      "box2d": {
        "x1": 808.762316,
        "y1": 359.130804,
        "x2": 827.992547,
        "y2": 457.030163
      }
    },
    {
      "id": "31632",
      "attributes": {
        "occluded": true,
        "truncated": false,
        "trafficLightColor": "NA"
      },
      "category": "pedestrian",
      "box2d": {
        "x1": 798.273099,
        "y1": 374.86463,
        "x2": 838.481764,
        "y2": 443.044541
      }
    },
    {
      "id": "31633",
      "attributes": {
        "occluded": false,
        "truncated": false,
        "trafficLightColor": "NA"
      },
      "category": "car",
      "box2d": {
        "x1": 296.538883,
        "y1": 374.86463,
        "x2": 355.97778,
        "y2": 415.073294
      }
    },
    {
      "id": "31634",
      "attributes": {
        "occluded": false,
        "truncated": true,
        "trafficLightColor": "NA"
      },
      "category": "car",
      "box2d": {
        "x1": 321.013722,
        "y1": 339.900573,
        "x2": 742.330607,
        "y2": 621.361232
      }
    },
    {
      "id": "31635",
      "attributes": {
        "occluded": true,
        "truncated": false,
        "trafficLightColor": "NA"
      },
      "category": "car",
      "box2d": {
        "x1": 1133.928046,
        "y1": 343.396978,
        "x2": 1160.151087,
        "y2": 362.62721
      }
    },
    {
      "id": "31636",
      "attributes": {
        "occluded": false,
        "truncated": false,
        "crowd": false,
        "trafficLightColor": "NA"
      },
      "category": "traffic sign",
      "box2d": {
        "x1": 256.9640931278909,
        "y1": 380.9342611298333,
        "x2": 267.57481869690616,
        "y2": 392.0063225931536
      }
    }
  ],
  "attributes": {
    "weather": "overcast",
    "timeofday": "daytime",
    "scene": "city street"
  },
  "processing_info": {
    "processed_at": "2025-07-07T01:09:17.060571",
    "source": "bdd100k_complete_preprocessing_refactored"
  }
}