{
  "image_filename": "04b33c7e-df4fc4c8.jpg",
  "video_name": "04b33c7e-df4fc4c8.jpg",
  "frame_index": 0,
  "metadata": {
    "weather": "clear",
    "scene": "city street",
    "timeofday": "daytime"
  },
  "labels": [
    {
      "id": "31783",
      "attributes": {
        "occluded": false,
        "truncated": false,
        "trafficLightColor": "NA"
      },
      "category": "traffic sign",
      "box2d": {
        "x1": 486.624077,
        "y1": 157.217009,
        "x2": 506.588141,
        "y2": 179.676582
      }
    },
    {
      "id": "31784",
      "attributes": {
        "occluded": false,
        "truncated": false,
        "trafficLightColor": "NA"
      },
      "category": "traffic sign",
      "box2d": {
        "x1": 652.575364,
        "y1": 164.703533,
        "x2": 686.264723,
        "y2": 174.685566
      }
    },
    {
      "id": "31785",
      "attributes": {
        "occluded": false,
        "truncated": false,
        "trafficLightColor": "NA"
      },
      "category": "traffic sign",
      "box2d": {
        "x1": 704.981034,
        "y1": 198.392893,
        "x2": 723.697346,
        "y2": 204.631663
      }
    },
    {
      "id": "31786",
      "attributes": {
        "occluded": false,
        "truncated": false,
        "trafficLightColor": "NA"
      },
      "category": "traffic sign",
      "box2d": {
        "x1": 709.97205,
        "y1": 192.154123,
        "x2": 728.688362,
        "y2": 199.640646
      }
    },
    {
      "id": "31787",
      "attributes": {
        "occluded": false,
        "truncated": false,
        "trafficLightColor": "NA"
      },
      "category": "traffic sign",
      "box2d": {
        "x1": 713.715312,
        "y1": 165.951288,
        "x2": 723.697346,
        "y2": 179.676582
      }
    },
    {
      "id": "31788",
      "attributes": {
        "occluded": false,
        "truncated": false,
        "trafficLightColor": "G"
      },
      "category": "traffic light",
      "box2d": {
        "x1": 627.620283,
        "y1": 155.969254,
        "x2": 636.354562,
        "y2": 172.190057
      }
    },
    {
      "id": "31789",
      "attributes": {
        "occluded": false,
        "truncated": false,
        "trafficLightColor": "NA"
      },
      "category": "traffic light",
      "box2d": {
        "x1": 620.13376,
        "y1": 153.473747,
        "x2": 627.620283,
        "y2": 170.942304
      }
    },
    {
      "id": "31790",
      "attributes": {
        "occluded": false,
        "truncated": false,
        "trafficLightColor": "NA"
      },
      "category": "traffic light",
      "box2d": {
        "x1": 404.27231,
        "y1": 145.987223,
        "x2": 413.006587,
        "y2": 162.208026
      }
    },
    {
      "id": "31791",
      "attributes": {
        "occluded": false,
        "truncated": false,
        "trafficLightColor": "NA"
      },
      "category": "traffic light",
      "box2d": {
        "x1": 394.290277,
        "y1": 143.491715,
        "x2": 400.529048,
        "y2": 162.208026
      }
    },
    {
      "id": "31792",
      "attributes": {
        "occluded": false,
        "truncated": false,
        "trafficLightColor": "NA"
      },
      "category": "traffic light",
      "box2d": {
        "x1": 288.231184,
        "y1": 187.163107,
        "x2": 301.956478,
        "y2": 197.14514
      }
    },
    {
      "id": "31793",
      "attributes": {
        "occluded": false,
        "truncated": false,
        "trafficLightColor": "NA"
      },
      "category": "traffic light",
      "box2d": {
        "x1": 263.276103,
        "y1": 189.658614,
        "x2": 274.50589,
        "y2": 203.383909
      }
    },
    {
      "id": "31794",
      "attributes": {
        "occluded": false,
        "truncated": false,
        "trafficLightColor": "NA"
      },
      "category": "traffic light",
      "box2d": {
        "x1": 761.129966,
        "y1": 202.136155,
        "x2": 778.598523,
        "y2": 215.861449
      }
    },
    {
      "id": "31795",
      "attributes": {
        "occluded": true,
        "truncated": false,
        "trafficLightColor": "NA"
      },
      "category": "car",
      "box2d": {
        "x1": 470.403274,
        "y1": 224.595728,
        "x2": 496.606109,
        "y2": 247.0553
      }
    },
    {
      "id": "31796",
      "attributes": {
        "occluded": true,
        "truncated": false,
        "trafficLightColor": "NA"
      },
      "category": "car",
      "box2d": {
        "x1": 445.9802636101209,
        "y1": 223.71519955951618,
        "x2": 473.43085261012095,
        "y2": 249.91803355951618
      }
    },
    {
      "id": "31797",
      "attributes": {
        "occluded": true,
        "truncated": false,
        "trafficLightColor": "NA"
      },
      "category": "car",
      "box2d": {
        "x1": 582.701138,
        "y1": 227.091237,
        "x2": 601.41745,
        "y2": 255.78958
      }
    },
    {
      "id": "31798",
      "attributes": {
        "occluded": true,
        "truncated": false,
        "trafficLightColor": "NA"
      },
      "category": "car",
      "box2d": {
        "x1": 615.142744,
        "y1": 229.586744,
        "x2": 638.850071,
        "y2": 248.303055
      }
    },
    {
      "id": "31799",
      "attributes": {
        "occluded": true,
        "truncated": false,
        "trafficLightColor": "NA"
      },
      "category": "car",
      "box2d": {
        "x1": 622.629267,
        "y1": 237.073267,
        "x2": 647.584347,
        "y2": 255.789579
      }
    },
    {
      "id": "31800",
      "attributes": {
        "occluded": true,
        "truncated": false,
        "trafficLightColor": "NA"
      },
      "category": "car",
      "box2d": {
        "x1": 646.336594,
        "y1": 224.595728,
        "x2": 667.548413,
        "y2": 264.523857
      }
    },
    {
      "id": "31801",
      "attributes": {
        "occluded": true,
        "truncated": false,
        "trafficLightColor": "NA"
      },
      "category": "car",
      "box2d": {
        "x1": 576.462368,
        "y1": 207.127171,
        "x2": 608.903973,
        "y2": 244.559792
      }
    },
    {
      "id": "31802",
      "attributes": {
        "occluded": true,
        "truncated": false,
        "trafficLightColor": "NA"
      },
      "category": "car",
      "box2d": {
        "x1": 768.61649,
        "y1": 235.825514,
        "x2": 847.224995,
        "y2": 291.974447
      }
    },
    {
      "id": "31803",
      "attributes": {
        "occluded": true,
        "truncated": false,
        "trafficLightColor": "NA"
      },
      "category": "car",
      "box2d": {
        "x1": 799.810341,
        "y1": 237.073267,
        "x2": 897.135157,
        "y2": 303.204231
      }
    },
    {
      "id": "31804",
      "attributes": {
        "occluded": false,
        "truncated": false,
        "trafficLightColor": "NA"
      },
      "category": "car",
      "box2d": {
        "x1": 401.6119569493953,
        "y1": 219.25625316963715,
        "x2": 448.13230856734305,
        "y2": 252.80799911200936
      }
    },
    {
      "id": "31805",
      "attributes": {
        "occluded": false,
        "truncated": false,
        "trafficLightColor": "NA"
      },
      "category": "car",
      "box2d": {
        "x1": 312.8681478802034,
        "y1": 217.109203,
        "x2": 381.5737533085918,
        "y2": 263.54324996019506
      }
    },
    {
      "id": "31806",
      "attributes": {
        "occluded": false,
        "truncated": false,
        "trafficLightColor": "NA"
      },
      "category": "car",
      "box2d": {
        "x1": 649.180559830363,
        "y1": 220.852466,
        "x2": 742.762113830363,
        "y2": 291.974446
      }
    },
    {
      "id": "31807",
      "attributes": {
        "occluded": false,
        "truncated": false,
        "trafficLightColor": "NA"
      },
      "category": "car",
      "box2d": {
        "x1": 486.624077,
        "y1": 202.136155,
        "x2": 587.692154,
        "y2": 299.460969
      }
    },
    {
      "id": "31808",
      "attributes": {
        "occluded": false,
        "truncated": true,
        "trafficLightColor": "NA"
      },
      "category": "truck",
      "box2d": {
        "x1": 0.0,
        "y1": 83.59952,
        "x2": 265.771611,
        "y2": 338.6900058974948
      }
    },
    {
      "id": "31809",
      "attributes": {
        "occluded": false,
        "truncated": true,
        "trafficLightColor": "NA"
      },
      "category": "car",
      "box2d": {
        "x1": 821.02216,
        "y1": 122.279896,
        "x2": 1278.947894,
        "y2": 540.2775
      }
    }
  ],
  "attributes": {
    "weather": "clear",
    "timeofday": "daytime",
    "scene": "city street"
  },
  "processing_info": {
    "processed_at": "2025-07-07T01:09:14.984792",
    "source": "bdd100k_complete_preprocessing_refactored"
  }
}