{
  "image_filename": "04b72436-0d8ef43c.jpg",
  "video_name": "04b72436-0d8ef43c.jpg",
  "frame_index": 0,
  "metadata": {
    "weather": "undefined",
    "scene": "highway",
    "timeofday": "daytime"
  },
  "labels": [
    {
      "id": "31875",
      "attributes": {
        "occluded": false,
        "truncated": false,
        "trafficLightColor": "NA"
      },
      "category": "truck",
      "box2d": {
        "x1": 456.67798,
        "y1": 202.136155,
        "x2": 505.340386,
        "y2": 252.046317
      }
    },
    {
      "id": "31876",
      "attributes": {
        "occluded": true,
        "truncated": false,
        "trafficLightColor": "NA"
      },
      "category": "car",
      "box2d": {
        "x1": 291.974446,
        "y1": 199.640647,
        "x2": 417.997604,
        "y2": 301.956477
      }
    },
    {
      "id": "31877",
      "attributes": {
        "occluded": false,
        "truncated": true,
        "trafficLightColor": "NA"
      },
      "category": "car",
      "box2d": {
        "x1": 1.247754,
        "y1": 235.825514,
        "x2": 17.468555,
        "y2": 298.213216
      }
    },
    {
      "id": "31878",
      "attributes": {
        "occluded": false,
        "truncated": true,
        "trafficLightColor": "NA"
      },
      "category": "car",
      "box2d": {
        "x1": 375.573967,
        "y1": 182.17209,
        "x2": 431.722899,
        "y2": 253.294073
      }
    },
    {
      "id": "31879",
      "attributes": {
        "occluded": true,
        "truncated": false,
        "trafficLightColor": "NA"
      },
      "category": "car",
      "box2d": {
        "x1": 521.56119,
        "y1": 224.595728,
        "x2": 556.498303,
        "y2": 242.064284
      }
    },
    {
      "id": "31880",
      "attributes": {
        "occluded": true,
        "truncated": false,
        "trafficLightColor": "NA"
      },
      "category": "car",
      "box2d": {
        "x1": 441.704931,
        "y1": 225.843482,
        "x2": 461.668994,
        "y2": 240.816532
      }
    },
    {
      "id": "31881",
      "attributes": {
        "occluded": true,
        "truncated": false,
        "trafficLightColor": "NA"
      },
      "category": "car",
      "box2d": {
        "x1": 586.4444,
        "y1": 213.365941,
        "x2": 647.58467983734,
        "y2": 243.4454298464873
      }
    },
    {
      "id": "31882",
      "attributes": {
        "occluded": false,
        "truncated": false,
        "trafficLightColor": "NA"
      },
      "category": "car",
      "box2d": {
        "x1": 534.03873,
        "y1": 232.082252,
        "x2": 665.753732,
        "y2": 329.804157
      }
    },
    {
      "id": "31883",
      "attributes": {
        "occluded": false,
        "truncated": false,
        "trafficLightColor": "NA"
      },
      "category": "car",
      "box2d": {
        "x1": 838.490717,
        "y1": 232.082252,
        "x2": 980.734678,
        "y2": 315.681775
      }
    },
    {
      "id": "31884",
      "attributes": {
        "occluded": false,
        "truncated": false,
        "trafficLightColor": "NA"
      },
      "category": "traffic sign",
      "box2d": {
        "x1": 525.304452,
        "y1": 142.243961,
        "x2": 539.029746,
        "y2": 162.208026
      }
    }
  ],
  "attributes": {
    "weather": "undefined",
    "timeofday": "daytime",
    "scene": "highway"
  },
  "processing_info": {
    "processed_at": "2025-07-07T01:09:14.379329",
    "source": "bdd100k_complete_preprocessing_refactored"
  }
}