{
  "image_filename": "04f42daf-0dc5d459.jpg",
  "video_name": "04f42daf-0dc5d459.jpg",
  "frame_index": 0,
  "metadata": {
    "weather": "clear",
    "scene": "city street",
    "timeofday": "dawn/dusk"
  },
  "labels": [
    {
      "id": "33605",
      "attributes": {
        "occluded": false,
        "truncated": false,
        "trafficLightColor": "NA"
      },
      "category": "pedestrian",
      "box2d": {
        "x1": 282.061902,
        "y1": 510.309362,
        "x2": 314.7217,
        "y2": 594.927933
      }
    },
    {
      "id": "33606",
      "attributes": {
        "occluded": false,
        "truncated": false,
        "trafficLightColor": "NA"
      },
      "category": "pedestrian",
      "box2d": {
        "x1": 233.072203,
        "y1": 508.824825,
        "x2": 267.21654,
        "y2": 606.804223
      }
    },
    {
      "id": "33607",
      "attributes": {
        "occluded": true,
        "truncated": false,
        "trafficLightColor": "NA"
      },
      "category": "pedestrian",
      "box2d": {
        "x1": 181.113433,
        "y1": 505.855753,
        "x2": 215.257769,
        "y2": 591.958861
      }
    },
    {
      "id": "33608",
      "attributes": {
        "occluded": true,
        "truncated": false,
        "trafficLightColor": "NA"
      },
      "category": "car",
      "box2d": {
        "x1": 164.783532,
        "y1": 525.154726,
        "x2": 293.938194,
        "y2": 588.989788
      }
    },
    {
      "id": "33609",
      "attributes": {
        "occluded": false,
        "truncated": true,
        "trafficLightColor": "NA"
      },
      "category": "car",
      "box2d": {
        "x1": 1085.567188,
        "y1": 491.010389,
        "x2": 1278.556911,
        "y2": 689.52073
      }
    }
  ],
  "attributes": {
    "weather": "clear",
    "timeofday": "dawn/dusk",
    "scene": "city street"
  },
  "processing_info": {
    "processed_at": "2025-07-07T01:09:14.571959",
    "source": "bdd100k_complete_preprocessing_refactored"
  }
}