{
  "image_filename": "051a273b-48b86bf6.jpg",
  "video_name": "051a273b-48b86bf6.jpg",
  "frame_index": 0,
  "metadata": {
    "weather": "rainy",
    "scene": "city street",
    "timeofday": "daytime"
  },
  "labels": [
    {
      "id": "34739",
      "attributes": {
        "occluded": false,
        "truncated": true,
        "trafficLightColor": "NA"
      },
      "category": "car",
      "box2d": {
        "x1": 346.3023219604743,
        "y1": 301.500288,
        "x2": 1280.0,
        "y2": 720.0
      }
    },
    {
      "id": "34740",
      "attributes": {
        "occluded": true,
        "truncated": true,
        "trafficLightColor": "NA"
      },
      "category": "truck",
      "box2d": {
        "x1": 1052.155527,
        "y1": 137.531154,
        "x2": 1279.96787,
        "y2": 377.155989
      }
    },
    {
      "id": "34741",
      "attributes": {
        "occluded": true,
        "truncated": false,
        "trafficLightColor": "NA"
      },
      "category": "car",
      "box2d": {
        "x1": 1006.593056,
        "y1": 274.218561,
        "x2": 1074.093012,
        "y2": 311.343538
      }
    },
    {
      "id": "34742",
      "attributes": {
        "occluded": true,
        "truncated": false,
        "trafficLightColor": "NA"
      },
      "category": "rider",
      "box2d": {
        "x1": 244.687332,
        "y1": 365.343499,
        "x2": 288.562302,
        "y2": 451.405941
      }
    },
    {
      "id": "34743",
      "attributes": {
        "occluded": true,
        "truncated": false,
        "trafficLightColor": "NA"
      },
      "category": "bicycle",
      "box2d": {
        "x1": 248.062329,
        "y1": 404.155974,
        "x2": 293.6248,
        "y2": 458.155938
      }
    },
    {
      "id": "34744",
      "attributes": {
        "occluded": false,
        "truncated": false,
        "trafficLightColor": "NA"
      },
      "category": "car",
      "box2d": {
        "x1": 55.687462,
        "y1": 397.405978,
        "x2": 195.749865,
        "y2": 486.843415
      }
    },
    {
      "id": "34745",
      "attributes": {
        "occluded": false,
        "truncated": true,
        "trafficLightColor": "NA"
      },
      "category": "car",
      "box2d": {
        "x1": 0.0,
        "y1": 432.843451,
        "x2": 77.624948,
        "y2": 604.968332
      }
    },
    {
      "id": "34746",
      "attributes": {
        "occluded": true,
        "truncated": false,
        "trafficLightColor": "NA"
      },
      "category": "car",
      "box2d": {
        "x1": 5.062497,
        "y1": 419.343458,
        "x2": 37.124973,
        "y2": 448.03094
      }
    },
    {
      "id": "34747",
      "attributes": {
        "occluded": false,
        "truncated": false,
        "trafficLightColor": "NA"
      },
      "category": "traffic sign",
      "box2d": {
        "x1": 165.374886,
        "y1": 316.406034,
        "x2": 204.187363,
        "y2": 351.843508
      }
    },
    {
      "id": "34748",
      "attributes": {
        "occluded": true,
        "truncated": false,
        "trafficLightColor": "NA"
      },
      "category": "traffic sign",
      "box2d": {
        "x1": 335.812269,
        "y1": 380.53099,
        "x2": 369.562246,
        "y2": 410.905969
      }
    },
    {
      "id": "34749",
      "attributes": {
        "occluded": true,
        "truncated": false,
        "trafficLightColor": "NA"
      },
      "category": "traffic sign",
      "box2d": {
        "x1": 281.812306,
        "y1": 375.46849,
        "x2": 327.374775,
        "y2": 399.093474
      }
    },
    {
      "id": "34750",
      "attributes": {
        "occluded": false,
        "truncated": false,
        "trafficLightColor": "G"
      },
      "category": "traffic light",
      "box2d": {
        "x1": 190.687369,
        "y1": 216.843601,
        "x2": 207.562357,
        "y2": 250.593579
      }
    },
    {
      "id": "34751",
      "attributes": {
        "occluded": false,
        "truncated": false,
        "trafficLightColor": "G"
      },
      "category": "traffic light",
      "box2d": {
        "x1": 448.87469,
        "y1": 313.031036,
        "x2": 462.374684,
        "y2": 328.218526
      }
    },
    {
      "id": "34752",
      "attributes": {
        "occluded": false,
        "truncated": false,
        "trafficLightColor": "NA"
      },
      "category": "traffic light",
      "box2d": {
        "x1": 982.124325,
        "y1": 211.781108,
        "x2": 1009.124306,
        "y2": 237.093589
      }
    },
    {
      "id": "34753",
      "attributes": {
        "occluded": false,
        "truncated": false,
        "trafficLightColor": "NA"
      },
      "category": "traffic light",
      "box2d": {
        "x1": 941.624353,
        "y1": 213.468603,
        "x2": 963.561841,
        "y2": 242.156084
      }
    },
    {
      "id": "34754",
      "attributes": {
        "occluded": false,
        "truncated": false,
        "trafficLightColor": "NA"
      },
      "category": "traffic sign",
      "box2d": {
        "x1": 514.687146,
        "y1": 343.406012,
        "x2": 536.624631,
        "y2": 358.593502
      }
    }
  ],
  "attributes": {
    "weather": "rainy",
    "timeofday": "daytime",
    "scene": "city street"
  },
  "processing_info": {
    "processed_at": "2025-07-07T01:09:13.486017",
    "source": "bdd100k_complete_preprocessing_refactored"
  }
}