{
  "image_filename": "051da193-a0328cfd.jpg",
  "video_name": "051da193-a0328cfd.jpg",
  "frame_index": 0,
  "metadata": {
    "weather": "undefined",
    "scene": "city street",
    "timeofday": "daytime"
  },
  "labels": [
    {
      "id": "34957",
      "attributes": {
        "occluded": false,
        "truncated": false,
        "trafficLightColor": "G"
      },
      "category": "traffic light",
      "box2d": {
        "x1": 602.253737,
        "y1": 219.118398,
        "x2": 612.553074,
        "y2": 234.567405
      }
    },
    {
      "id": "34958",
      "attributes": {
        "occluded": true,
        "truncated": false,
        "trafficLightColor": "G"
      },
      "category": "traffic light",
      "box2d": {
        "x1": 711.684196,
        "y1": 229.417735,
        "x2": 721.983533,
        "y2": 241.00449
      }
    },
    {
      "id": "34959",
      "attributes": {
        "occluded": true,
        "truncated": false,
        "trafficLightColor": "NA"
      },
      "category": "pedestrian",
      "box2d": {
        "x1": 992.34114,
        "y1": 293.788595,
        "x2": 1016.802067,
        "y2": 334.985945
      }
    },
    {
      "id": "34960",
      "attributes": {
        "occluded": false,
        "truncated": false,
        "trafficLightColor": "NA"
      },
      "category": "pedestrian",
      "box2d": {
        "x1": 402.704077,
        "y1": 252.591246,
        "x2": 414.29083,
        "y2": 295.076013
      }
    },
    {
      "id": "34961",
      "attributes": {
        "occluded": true,
        "truncated": false,
        "trafficLightColor": "NA"
      },
      "category": "pedestrian",
      "box2d": {
        "x1": 371.806063,
        "y1": 248.728994,
        "x2": 391.11732,
        "y2": 291.213762
      }
    },
    {
      "id": "34962",
      "attributes": {
        "occluded": true,
        "truncated": false,
        "trafficLightColor": "NA"
      },
      "category": "pedestrian",
      "box2d": {
        "x1": 411.715996,
        "y1": 253.878662,
        "x2": 432.314668,
        "y2": 282.20184
      }
    },
    {
      "id": "34963",
      "attributes": {
        "occluded": true,
        "truncated": false,
        "trafficLightColor": "NA"
      },
      "category": "pedestrian",
      "box2d": {
        "x1": 442.614008,
        "y1": 259.028331,
        "x2": 452.913345,
        "y2": 275.764754
      }
    },
    {
      "id": "34964",
      "attributes": {
        "occluded": true,
        "truncated": false,
        "trafficLightColor": "NA"
      },
      "category": "pedestrian",
      "box2d": {
        "x1": 432.314671,
        "y1": 257.740913,
        "x2": 441.326592,
        "y2": 279.627005
      }
    },
    {
      "id": "34965",
      "attributes": {
        "occluded": true,
        "truncated": false,
        "trafficLightColor": "NA"
      },
      "category": "pedestrian",
      "box2d": {
        "x1": 455.48818,
        "y1": 255.166079,
        "x2": 469.649768,
        "y2": 286.064091
      }
    },
    {
      "id": "34966",
      "attributes": {
        "occluded": true,
        "truncated": false,
        "trafficLightColor": "NA"
      },
      "category": "pedestrian",
      "box2d": {
        "x1": 346.057719,
        "y1": 243.579325,
        "x2": 361.506726,
        "y2": 265.465417
      }
    },
    {
      "id": "34967",
      "attributes": {
        "occluded": true,
        "truncated": false,
        "trafficLightColor": "NA"
      },
      "category": "car",
      "box2d": {
        "x1": 326.35394769902007,
        "y1": 248.22660260195994,
        "x2": 379.38426391026167,
        "y2": 340.52187969875183
      }
    },
    {
      "id": "34968",
      "attributes": {
        "occluded": true,
        "truncated": false,
        "trafficLightColor": "NA"
      },
      "category": "car",
      "box2d": {
        "x1": 550.757051,
        "y1": 264.178001,
        "x2": 580.9759000278589,
        "y2": 298.52362217425247
      }
    },
    {
      "id": "34969",
      "attributes": {
        "occluded": true,
        "truncated": false,
        "trafficLightColor": "NA"
      },
      "category": "car",
      "box2d": {
        "x1": 609.97824,
        "y1": 271.902503,
        "x2": 639.588834,
        "y2": 305.24334337817237
      }
    },
    {
      "id": "34970",
      "attributes": {
        "occluded": true,
        "truncated": false,
        "trafficLightColor": "NA"
      },
      "category": "car",
      "box2d": {
        "x1": 638.301418,
        "y1": 274.477338,
        "x2": 655.03784,
        "y2": 297.650846
      }
    },
    {
      "id": "34971",
      "attributes": {
        "occluded": true,
        "truncated": false,
        "trafficLightColor": "NA"
      },
      "category": "car",
      "box2d": {
        "x1": 604.82857,
        "y1": 265.465417,
        "x2": 624.139828,
        "y2": 275.764754
      }
    },
    {
      "id": "34972",
      "attributes": {
        "occluded": true,
        "truncated": false,
        "trafficLightColor": "NA"
      },
      "category": "car",
      "box2d": {
        "x1": 644.738502,
        "y1": 270.615085,
        "x2": 667.91201,
        "y2": 291.213761
      }
    },
    {
      "id": "34973",
      "attributes": {
        "occluded": true,
        "truncated": false,
        "trafficLightColor": "NA"
      },
      "category": "car",
      "box2d": {
        "x1": 692.372939,
        "y1": 271.902503,
        "x2": 703.959694,
        "y2": 289.926342
      }
    },
    {
      "id": "34974",
      "attributes": {
        "occluded": false,
        "truncated": false,
        "trafficLightColor": "NA"
      },
      "category": "car",
      "box2d": {
        "x1": 704.85459869902,
        "y1": 277.44468430098,
        "x2": 728.02810669902,
        "y2": 301.0435176257224
      }
    },
    {
      "id": "34975",
      "attributes": {
        "occluded": false,
        "truncated": false,
        "trafficLightColor": "NA"
      },
      "category": "car",
      "box2d": {
        "x1": 568.780892,
        "y1": 270.615085,
        "x2": 621.564997,
        "y2": 314.387269
      }
    },
    {
      "id": "34976",
      "attributes": {
        "occluded": false,
        "truncated": false,
        "trafficLightColor": "NA"
      },
      "category": "car",
      "box2d": {
        "x1": 465.90067441073046,
        "y1": 267.4449116061229,
        "x2": 564.918639,
        "y2": 326.242472140422
      }
    },
    {
      "id": "34977",
      "attributes": {
        "occluded": false,
        "truncated": true,
        "trafficLightColor": "NA"
      },
      "category": "car",
      "box2d": {
        "x1": 0.0,
        "y1": 167.621712,
        "x2": 382.105401,
        "y2": 508.787262
      }
    }
  ],
  "attributes": {
    "weather": "undefined",
    "timeofday": "daytime",
    "scene": "city street"
  },
  "processing_info": {
    "processed_at": "2025-07-07T01:09:16.999957",
    "source": "bdd100k_complete_preprocessing_refactored"
  }
}