{
  "image_filename": "0521fd41-39bc52be.jpg",
  "video_name": "0521fd41-39bc52be.jpg",
  "frame_index": 0,
  "metadata": {
    "weather": "clear",
    "scene": "city street",
    "timeofday": "daytime"
  },
  "labels": [
    {
      "id": "34978",
      "attributes": {
        "occluded": false,
        "truncated": false,
        "trafficLightColor": "NA"
      },
      "category": "traffic light",
      "box2d": {
        "x1": 591.591843,
        "y1": 183.561298,
        "x2": 600.332858,
        "y2": 209.784343
      }
    },
    {
      "id": "34979",
      "attributes": {
        "occluded": false,
        "truncated": false,
        "trafficLightColor": "NA"
      },
      "category": "traffic light",
      "box2d": {
        "x1": 582.850829,
        "y1": 183.561298,
        "x2": 591.591842,
        "y2": 211.532543
      }
    },
    {
      "id": "34980",
      "attributes": {
        "occluded": false,
        "truncated": false,
        "trafficLightColor": "NA"
      },
      "category": "traffic light",
      "box2d": {
        "x1": 572.361612,
        "y1": 185.309501,
        "x2": 581.102624,
        "y2": 209.784341
      }
    },
    {
      "id": "34981",
      "attributes": {
        "occluded": false,
        "truncated": false,
        "trafficLightColor": "R"
      },
      "category": "traffic light",
      "box2d": {
        "x1": 822.354619,
        "y1": 201.043327,
        "x2": 829.347431,
        "y2": 227.266371
      }
    },
    {
      "id": "34982",
      "attributes": {
        "occluded": false,
        "truncated": false,
        "trafficLightColor": "NA"
      },
      "category": "traffic light",
      "box2d": {
        "x1": 810.1172,
        "y1": 204.539732,
        "x2": 818.858215,
        "y2": 220.273559
      }
    },
    {
      "id": "34983",
      "attributes": {
        "occluded": false,
        "truncated": false,
        "trafficLightColor": "NA"
      },
      "category": "traffic light",
      "box2d": {
        "x1": 829.347431,
        "y1": 204.539732,
        "x2": 832.843837,
        "y2": 225.518167
      }
    },
    {
      "id": "34984",
      "attributes": {
        "occluded": false,
        "truncated": false,
        "trafficLightColor": "NA"
      },
      "category": "traffic sign",
      "box2d": {
        "x1": 486.699672,
        "y1": 184.260577,
        "x2": 519.915528,
        "y2": 198.246199
      }
    },
    {
      "id": "34985",
      "attributes": {
        "occluded": false,
        "truncated": false,
        "trafficLightColor": "NA"
      },
      "category": "traffic sign",
      "box2d": {
        "x1": 553.131381,
        "y1": 173.77136,
        "x2": 577.606221,
        "y2": 191.253389
      }
    },
    {
      "id": "34986",
      "attributes": {
        "occluded": false,
        "truncated": false,
        "trafficLightColor": "NA"
      },
      "category": "traffic sign",
      "box2d": {
        "x1": 491.944281,
        "y1": 248.944079,
        "x2": 507.678107,
        "y2": 262.929704
      }
    },
    {
      "id": "34987",
      "attributes": {
        "occluded": false,
        "truncated": false,
        "trafficLightColor": "NA"
      },
      "category": "traffic light",
      "box2d": {
        "x1": 1210.455652,
        "y1": 234.958459,
        "x2": 1223.696833,
        "y2": 255.936889
      }
    },
    {
      "id": "34988",
      "attributes": {
        "occluded": false,
        "truncated": false,
        "trafficLightColor": "NA"
      },
      "category": "traffic sign",
      "box2d": {
        "x1": 1243.671506,
        "y1": 245.447675,
        "x2": 1262.901737,
        "y2": 262.929704
      }
    },
    {
      "id": "34989",
      "attributes": {
        "occluded": false,
        "truncated": false,
        "trafficLightColor": "NA"
      },
      "category": "traffic sign",
      "box2d": {
        "x1": 930.743196,
        "y1": 280.411733,
        "x2": 946.477023,
        "y2": 289.152745
      }
    },
    {
      "id": "34990",
      "attributes": {
        "occluded": false,
        "truncated": false,
        "trafficLightColor": "NA"
      },
      "category": "traffic light",
      "box2d": {
        "x1": 397.541329,
        "y1": 194.400001,
        "x2": 409.778746,
        "y2": 230.762776
      }
    },
    {
      "id": "34991",
      "attributes": {
        "occluded": false,
        "truncated": false,
        "trafficLightColor": "NA"
      },
      "category": "traffic light",
      "box2d": {
        "x1": 383.555705,
        "y1": 237.755587,
        "x2": 409.778747,
        "y2": 255.237616
      }
    },
    {
      "id": "34992",
      "attributes": {
        "occluded": false,
        "truncated": false,
        "trafficLightColor": "NA"
      },
      "category": "traffic sign",
      "box2d": {
        "x1": 481.455064,
        "y1": 227.266371,
        "x2": 500.685296,
        "y2": 237.755588
      }
    },
    {
      "id": "34993",
      "attributes": {
        "occluded": false,
        "truncated": false,
        "trafficLightColor": "NA"
      },
      "category": "traffic sign",
      "box2d": {
        "x1": 500.685296,
        "y1": 199.295125,
        "x2": 518.167325,
        "y2": 206.287935
      }
    },
    {
      "id": "34994",
      "attributes": {
        "occluded": false,
        "truncated": false,
        "trafficLightColor": "NA"
      },
      "category": "traffic sign",
      "box2d": {
        "x1": 500.685296,
        "y1": 209.784343,
        "x2": 519.915527,
        "y2": 220.273559
      }
    },
    {
      "id": "34995",
      "attributes": {
        "occluded": false,
        "truncated": false,
        "trafficLightColor": "NA"
      },
      "category": "traffic sign",
      "box2d": {
        "x1": 698.232217,
        "y1": 209.784343,
        "x2": 719.210652,
        "y2": 227.26637
      }
    },
    {
      "id": "34996",
      "attributes": {
        "occluded": false,
        "truncated": false,
        "trafficLightColor": "NA"
      },
      "category": "traffic sign",
      "box2d": {
        "x1": 692.98761,
        "y1": 232.510979,
        "x2": 720.958855,
        "y2": 243.000196
      }
    },
    {
      "id": "34997",
      "attributes": {
        "occluded": false,
        "truncated": false,
        "trafficLightColor": "NA"
      },
      "category": "pedestrian",
      "box2d": {
        "x1": 567.117005,
        "y1": 283.908142,
        "x2": 588.095439,
        "y2": 320.620402
      }
    },
    {
      "id": "34998",
      "attributes": {
        "occluded": true,
        "truncated": false,
        "trafficLightColor": "NA"
      },
      "category": "pedestrian",
      "box2d": {
        "x1": 395.093844,
        "y1": 274.467847,
        "x2": 405.583059,
        "y2": 291.949874
      }
    },
    {
      "id": "34999",
      "attributes": {
        "occluded": true,
        "truncated": false,
        "trafficLightColor": "NA"
      },
      "category": "pedestrian",
      "box2d": {
        "x1": 384.604625,
        "y1": 274.467847,
        "x2": 393.345639,
        "y2": 291.949874
      }
    },
    {
      "id": "35000",
      "attributes": {
        "occluded": true,
        "truncated": false,
        "trafficLightColor": "NA"
      },
      "category": "pedestrian",
      "box2d": {
        "x1": 363.626192,
        "y1": 269.223239,
        "x2": 381.108219,
        "y2": 290.201673
      }
    },
    {
      "id": "35001",
      "attributes": {
        "occluded": true,
        "truncated": false,
        "trafficLightColor": "NA"
      },
      "category": "pedestrian",
      "box2d": {
        "x1": 340.899555,
        "y1": 265.726833,
        "x2": 356.633381,
        "y2": 314.676516
      }
    },
    {
      "id": "35002",
      "attributes": {
        "occluded": true,
        "truncated": false,
        "trafficLightColor": "NA"
      },
      "category": "pedestrian",
      "box2d": {
        "x1": 321.669324,
        "y1": 267.475036,
        "x2": 335.654949,
        "y2": 293.698078
      }
    },
    {
      "id": "35003",
      "attributes": {
        "occluded": true,
        "truncated": false,
        "trafficLightColor": "NA"
      },
      "category": "pedestrian",
      "box2d": {
        "x1": 304.187295,
        "y1": 265.726833,
        "x2": 321.669324,
        "y2": 293.698079
      }
    },
    {
      "id": "35004",
      "attributes": {
        "occluded": true,
        "truncated": false,
        "trafficLightColor": "NA"
      },
      "category": "car",
      "box2d": {
        "x1": 619.563089,
        "y1": 289.152749,
        "x2": 626.555901,
        "y2": 303.138372
      }
    },
    {
      "id": "35005",
      "attributes": {
        "occluded": true,
        "truncated": false,
        "trafficLightColor": "NA"
      },
      "category": "car",
      "box2d": {
        "x1": 603.829264,
        "y1": 289.152749,
        "x2": 621.311292,
        "y2": 304.389474
      }
    },
    {
      "id": "35006",
      "attributes": {
        "occluded": true,
        "truncated": false,
        "trafficLightColor": "NA"
      },
      "category": "car",
      "box2d": {
        "x1": 591.591843,
        "y1": 283.208862,
        "x2": 602.08106,
        "y2": 297.194487
      }
    },
    {
      "id": "35007",
      "attributes": {
        "occluded": true,
        "truncated": false,
        "trafficLightColor": "NA"
      },
      "category": "car",
      "box2d": {
        "x1": 533.90115,
        "y1": 283.208862,
        "x2": 567.117006,
        "y2": 307.683702
      }
    },
    {
      "id": "35008",
      "attributes": {
        "occluded": true,
        "truncated": false,
        "trafficLightColor": "NA"
      },
      "category": "car",
      "box2d": {
        "x1": 539.145758,
        "y1": 297.194484,
        "x2": 553.131381,
        "y2": 321.669324
      }
    },
    {
      "id": "35009",
      "attributes": {
        "occluded": true,
        "truncated": false,
        "trafficLightColor": "NA"
      },
      "category": "car",
      "box2d": {
        "x1": 558.375989,
        "y1": 288.45347,
        "x2": 605.577468,
        "y2": 318.172918
      }
    },
    {
      "id": "35010",
      "attributes": {
        "occluded": true,
        "truncated": false,
        "trafficLightColor": "NA"
      },
      "category": "car",
      "box2d": {
        "x1": 768.160331,
        "y1": 293.698078,
        "x2": 820.606418,
        "y2": 333.906743
      }
    },
    {
      "id": "35011",
      "attributes": {
        "occluded": true,
        "truncated": false,
        "trafficLightColor": "NA"
      },
      "category": "car",
      "box2d": {
        "x1": 927.24679,
        "y1": 304.2797540477208,
        "x2": 1007.664119,
        "y2": 344.66145671106057
      }
    },
    {
      "id": "35012",
      "attributes": {
        "occluded": true,
        "truncated": false,
        "trafficLightColor": "NA"
      },
      "category": "car",
      "box2d": {
        "x1": 988.1121643872851,
        "y1": 300.3429503813392,
        "x2": 1143.5263695236465,
        "y2": 390.59891652188725
      }
    },
    {
      "id": "35013",
      "attributes": {
        "occluded": false,
        "truncated": false,
        "trafficLightColor": "NA"
      },
      "category": "car",
      "box2d": {
        "x1": 355.97778,
        "y1": 281.460658,
        "x2": 572.754932,
        "y2": 421.316886
      }
    },
    {
      "id": "35014",
      "attributes": {
        "occluded": true,
        "truncated": false,
        "trafficLightColor": "NA"
      },
      "category": "pedestrian",
      "box2d": {
        "x1": 644.431248,
        "y1": 289.20269,
        "x2": 660.165074,
        "y2": 311.929327
      }
    },
    {
      "id": "35015",
      "attributes": {
        "occluded": false,
        "truncated": false,
        "trafficLightColor": "NA"
      },
      "category": "car",
      "box2d": {
        "x1": 648.9580841904558,
        "y1": 277.4628454763533,
        "x2": 766.0876751904558,
        "y2": 369.7835050451064
      }
    },
    {
      "id": "35016",
      "attributes": {
        "occluded": false,
        "truncated": false,
        "trafficLightColor": "NA"
      },
      "category": "car",
      "box2d": {
        "x1": 765.057243,
        "y1": 299.691907,
        "x2": 971.345179,
        "y2": 420.7453745227423
      }
    },
    {
      "id": "35017",
      "attributes": {
        "occluded": false,
        "truncated": true,
        "trafficLightColor": "NA"
      },
      "category": "car",
      "box2d": {
        "x1": 0.0,
        "y1": 261.730941,
        "x2": 287.797865,
        "y2": 614.867914
      }
    },
    {
      "id": "35018",
      "attributes": {
        "occluded": false,
        "truncated": true,
        "trafficLightColor": "NA"
      },
      "category": "truck",
      "box2d": {
        "x1": 1088.474772,
        "y1": 292.948846,
        "x2": 1279.028882,
        "y2": 438.049682
      }
    },
    {
      "id": "35019",
      "attributes": {
        "occluded": false,
        "truncated": false,
        "trafficLightColor": "NA"
      },
      "category": "traffic sign",
      "box2d": {
        "x1": 917.150893,
        "y1": 238.504808,
        "x2": 932.88472,
        "y2": 248.994025
      }
    },
    {
      "id": "35020",
      "attributes": {
        "occluded": false,
        "truncated": false,
        "trafficLightColor": "NA"
      },
      "category": "traffic sign",
      "box2d": {
        "x1": 918.899095,
        "y1": 252.49043,
        "x2": 938.129327,
        "y2": 262.979647
      }
    },
    {
      "id": "35021",
      "attributes": {
        "occluded": true,
        "truncated": false,
        "trafficLightColor": "NA"
      },
      "category": "car",
      "box2d": {
        "x1": 210.770512,
        "y1": 305.668423,
        "x2": 268.323144,
        "y2": 333.805265
      }
    },
    {
      "id": "35022",
      "attributes": {
        "occluded": true,
        "truncated": false,
        "trafficLightColor": "NA"
      },
      "category": "pedestrian",
      "box2d": {
        "x1": 103.338933,
        "y1": 237.884212,
        "x2": 146.823142,
        "y2": 329.968423
      }
    },
    {
      "id": "35023",
      "attributes": {
        "occluded": true,
        "truncated": false,
        "trafficLightColor": "NA"
      },
      "category": "pedestrian",
      "box2d": {
        "x1": 66.249457,
        "y1": 240.442107,
        "x2": 103.338931,
        "y2": 292.878949
      }
    },
    {
      "id": "35024",
      "attributes": {
        "occluded": true,
        "truncated": false,
        "trafficLightColor": "NA"
      },
      "category": "pedestrian",
      "box2d": {
        "x1": 34.275774,
        "y1": 237.884212,
        "x2": 66.249459,
        "y2": 274.973686
      }
    },
    {
      "id": "35025",
      "attributes": {
        "occluded": false,
        "truncated": false,
        "trafficLightColor": "NA"
      },
      "category": "traffic light",
      "box2d": {
        "x1": 1223.696833,
        "y1": 237.884212,
        "x2": 1233.928412,
        "y2": 255.789475
      }
    }
  ],
  "attributes": {
    "weather": "clear",
    "timeofday": "daytime",
    "scene": "city street"
  },
  "processing_info": {
    "processed_at": "2025-07-07T01:09:13.509166",
    "source": "bdd100k_complete_preprocessing_refactored"
  }
}