{
  "image_filename": "0528fc43-081bdcbd.jpg",
  "video_name": "0528fc43-081bdcbd.jpg",
  "frame_index": 0,
  "metadata": {
    "weather": "undefined",
    "scene": "residential",
    "timeofday": "daytime"
  },
  "labels": [
    {
      "id": "35169",
      "attributes": {
        "occluded": true,
        "truncated": false,
        "trafficLightColor": "NA"
      },
      "category": "car",
      "box2d": {
        "x1": 498.807371,
        "y1": 310.452516,
        "x2": 517.250093,
        "y2": 325.47992
      }
    },
    {
      "id": "35170",
      "attributes": {
        "occluded": true,
        "truncated": false,
        "trafficLightColor": "NA"
      },
      "category": "car",
      "box2d": {
        "x1": 511.785584,
        "y1": 311.135579,
        "x2": 524.763798,
        "y2": 325.47992
      }
    },
    {
      "id": "35171",
      "attributes": {
        "occluded": true,
        "truncated": false,
        "trafficLightColor": "NA"
      },
      "category": "car",
      "box2d": {
        "x1": 522.03154,
        "y1": 307.037198,
        "x2": 543.889584,
        "y2": 325.479922
      }
    },
    {
      "id": "35172",
      "attributes": {
        "occluded": true,
        "truncated": false,
        "trafficLightColor": "NA"
      },
      "category": "car",
      "box2d": {
        "x1": 537.058946,
        "y1": 307.720261,
        "x2": 557.550861,
        "y2": 332.310559
      }
    },
    {
      "id": "35173",
      "attributes": {
        "occluded": true,
        "truncated": false,
        "trafficLightColor": "NA"
      },
      "category": "car",
      "box2d": {
        "x1": 552.08635,
        "y1": 306.354133,
        "x2": 588.288736,
        "y2": 335.725878
      }
    },
    {
      "id": "35174",
      "attributes": {
        "occluded": true,
        "truncated": false,
        "trafficLightColor": "NA"
      },
      "category": "car",
      "box2d": {
        "x1": 567.796818,
        "y1": 307.720261,
        "x2": 627.223372,
        "y2": 347.337964
      }
    },
    {
      "id": "35175",
      "attributes": {
        "occluded": true,
        "truncated": false,
        "trafficLightColor": "NA"
      },
      "category": "car",
      "box2d": {
        "x1": 616.977414,
        "y1": 293.375921,
        "x2": 717.387799,
        "y2": 369.196007
      }
    },
    {
      "id": "35176",
      "attributes": {
        "occluded": false,
        "truncated": false,
        "trafficLightColor": "NA"
      },
      "category": "traffic sign",
      "box2d": {
        "x1": 435.965496,
        "y1": 304.988005,
        "x2": 450.309837,
        "y2": 309.769452
      }
    },
    {
      "id": "35177",
      "attributes": {
        "occluded": false,
        "truncated": false,
        "trafficLightColor": "NA"
      },
      "category": "traffic sign",
      "box2d": {
        "x1": 959.192399,
        "y1": 160.861535,
        "x2": 999.493167,
        "y2": 187.501026
      }
    },
    {
      "id": "35178",
      "attributes": {
        "occluded": false,
        "truncated": false,
        "trafficLightColor": "NA"
      },
      "category": "car",
      "box2d": {
        "x1": 462.263455,
        "y1": 300.889622,
        "x2": 497.782776,
        "y2": 333.676687
      }
    },
    {
      "id": "35179",
      "attributes": {
        "occluded": true,
        "truncated": false,
        "trafficLightColor": "NA"
      },
      "category": "car",
      "box2d": {
        "x1": 325.6739827092947,
        "y1": 313.867836,
        "x2": 350.582516,
        "y2": 331.627496
      }
    },
    {
      "id": "35180",
      "attributes": {
        "occluded": true,
        "truncated": false,
        "trafficLightColor": "NA"
      },
      "category": "car",
      "box2d": {
        "x1": 233.7786,
        "y1": 307.720261,
        "x2": 271.347111,
        "y2": 341.190391
      }
    },
    {
      "id": "35181",
      "attributes": {
        "occluded": false,
        "truncated": false,
        "trafficLightColor": "NA"
      },
      "category": "car",
      "box2d": {
        "x1": 249.489068,
        "y1": 306.354133,
        "x2": 333.505921,
        "y2": 365.780686
      }
    },
    {
      "id": "35182",
      "attributes": {
        "occluded": true,
        "truncated": false,
        "trafficLightColor": "NA"
      },
      "category": "car",
      "box2d": {
        "x1": 388.151027,
        "y1": 302.938814,
        "x2": 427.76873,
        "y2": 334.359752
      }
    },
    {
      "id": "35183",
      "attributes": {
        "occluded": false,
        "truncated": false,
        "trafficLightColor": "NA"
      },
      "category": "car",
      "box2d": {
        "x1": 341.019624,
        "y1": 304.988005,
        "x2": 399.08005,
        "y2": 345.288773
      }
    },
    {
      "id": "35184",
      "attributes": {
        "occluded": true,
        "truncated": false,
        "trafficLightColor": "NA"
      },
      "category": "car",
      "box2d": {
        "x1": 53.449745,
        "y1": 316.600092,
        "x2": 106.728725,
        "y2": 353.485538
      }
    },
    {
      "id": "35185",
      "attributes": {
        "occluded": true,
        "truncated": true,
        "trafficLightColor": "NA"
      },
      "category": "car",
      "box2d": {
        "x1": 0.0,
        "y1": 304.304942,
        "x2": 60.280385,
        "y2": 395.835496
      }
    },
    {
      "id": "35186",
      "attributes": {
        "occluded": false,
        "truncated": false,
        "trafficLightColor": "NA"
      },
      "category": "car",
      "box2d": {
        "x1": 59.597319,
        "y1": 300.889622,
        "x2": 252.904386,
        "y2": 414.27822
      }
    },
    {
      "id": "35187",
      "attributes": {
        "occluded": false,
        "truncated": false,
        "trafficLightColor": "NA"
      },
      "category": "car",
      "box2d": {
        "x1": 716.021672,
        "y1": 298.157368,
        "x2": 922.306952,
        "y2": 419.742732
      }
    }
  ],
  "attributes": {
    "weather": "undefined",
    "timeofday": "daytime",
    "scene": "residential"
  },
  "processing_info": {
    "processed_at": "2025-07-07T01:09:17.417813",
    "source": "bdd100k_complete_preprocessing_refactored"
  }
}