{
  "image_filename": "0540f550-72c78702.jpg",
  "video_name": "0540f550-72c78702.jpg",
  "frame_index": 0,
  "metadata": {
    "weather": "clear",
    "scene": "residential",
    "timeofday": "daytime"
  },
  "labels": [
    {
      "id": "35676",
      "attributes": {
        "occluded": false,
        "truncated": false,
        "trafficLightColor": "NA"
      },
      "category": "traffic sign",
      "box2d": {
        "x1": 135.388128,
        "y1": 330.65307,
        "x2": 186.61607,
        "y2": 375.89333
      }
    },
    {
      "id": "35677",
      "attributes": {
        "occluded": false,
        "truncated": false,
        "trafficLightColor": "NA"
      },
      "category": "traffic sign",
      "box2d": {
        "x1": 152.685874,
        "y1": 386.538097,
        "x2": 171.314216,
        "y2": 411.819417
      }
    },
    {
      "id": "35678",
      "attributes": {
        "occluded": false,
        "truncated": false,
        "trafficLightColor": "NA"
      },
      "category": "traffic sign",
      "box2d": {
        "x1": 633.696276,
        "y1": 270.776256,
        "x2": 647.002234,
        "y2": 288.074004
      }
    },
    {
      "id": "35679",
      "attributes": {
        "occluded": false,
        "truncated": false,
        "trafficLightColor": "NA"
      },
      "category": "traffic sign",
      "box2d": {
        "x1": 553.195226,
        "y1": 308.03294,
        "x2": 571.158271,
        "y2": 327.991879
      }
    },
    {
      "id": "35680",
      "attributes": {
        "occluded": false,
        "truncated": false,
        "trafficLightColor": "NA"
      },
      "category": "traffic light",
      "box2d": {
        "x1": 34.262843,
        "y1": 330.65307,
        "x2": 40.250525,
        "y2": 342.628433
      }
    },
    {
      "id": "35681",
      "attributes": {
        "occluded": false,
        "truncated": false,
        "trafficLightColor": "NA"
      },
      "category": "traffic light",
      "box2d": {
        "x1": 102.123232,
        "y1": 329.987772,
        "x2": 108.776213,
        "y2": 339.967241
      }
    },
    {
      "id": "35682",
      "attributes": {
        "occluded": false,
        "truncated": false,
        "trafficLightColor": "G"
      },
      "category": "traffic light",
      "box2d": {
        "x1": 29.605758,
        "y1": 331.983666,
        "x2": 34.928142,
        "y2": 343.29373
      }
    },
    {
      "id": "35683",
      "attributes": {
        "occluded": false,
        "truncated": false,
        "trafficLightColor": "NA"
      },
      "category": "traffic light",
      "box2d": {
        "x1": 24.948672,
        "y1": 331.318368,
        "x2": 30.936355,
        "y2": 342.628433
      }
    },
    {
      "id": "35684",
      "attributes": {
        "occluded": false,
        "truncated": false,
        "trafficLightColor": "G"
      },
      "category": "traffic light",
      "box2d": {
        "x1": 108.110913,
        "y1": 329.987772,
        "x2": 113.433296,
        "y2": 342.628431
      }
    },
    {
      "id": "35685",
      "attributes": {
        "occluded": false,
        "truncated": true,
        "trafficLightColor": "NA"
      },
      "category": "car",
      "box2d": {
        "x1": 0.997947,
        "y1": 371.236243,
        "x2": 38.919929,
        "y2": 465.04325
      }
    },
    {
      "id": "35686",
      "attributes": {
        "occluded": true,
        "truncated": false,
        "trafficLightColor": "NA"
      },
      "category": "car",
      "box2d": {
        "x1": 10.312117,
        "y1": 370.570945,
        "x2": 70.854228,
        "y2": 437.766036
      }
    },
    {
      "id": "35687",
      "attributes": {
        "occluded": true,
        "truncated": false,
        "trafficLightColor": "NA"
      },
      "category": "car",
      "box2d": {
        "x1": 56.217675,
        "y1": 385.2075,
        "x2": 91.478465,
        "y2": 427.786568
      }
    },
    {
      "id": "35688",
      "attributes": {
        "occluded": true,
        "truncated": false,
        "trafficLightColor": "NA"
      },
      "category": "car",
      "box2d": {
        "x1": 77.507209,
        "y1": 382.546308,
        "x2": 110.106807,
        "y2": 413.150011
      }
    },
    {
      "id": "35689",
      "attributes": {
        "occluded": true,
        "truncated": false,
        "trafficLightColor": "NA"
      },
      "category": "car",
      "box2d": {
        "x1": 101.457933,
        "y1": 381.88101,
        "x2": 120.086273,
        "y2": 404.50114
      }
    },
    {
      "id": "35690",
      "attributes": {
        "occluded": true,
        "truncated": false,
        "trafficLightColor": "NA"
      },
      "category": "car",
      "box2d": {
        "x1": 122.747468,
        "y1": 384.542202,
        "x2": 136.053427,
        "y2": 401.174653
      }
    },
    {
      "id": "35691",
      "attributes": {
        "occluded": true,
        "truncated": false,
        "trafficLightColor": "NA"
      },
      "category": "car",
      "box2d": {
        "x1": 233.186923,
        "y1": 378.55452,
        "x2": 277.761884,
        "y2": 394.521669
      }
    },
    {
      "id": "35692",
      "attributes": {
        "occluded": true,
        "truncated": false,
        "trafficLightColor": "NA"
      },
      "category": "pedestrian",
      "box2d": {
        "x1": 268.447714,
        "y1": 368.575052,
        "x2": 281.088372,
        "y2": 393.856373
      }
    },
    {
      "id": "35693",
      "attributes": {
        "occluded": true,
        "truncated": false,
        "trafficLightColor": "NA"
      },
      "category": "pedestrian",
      "box2d": {
        "x1": 403.436663,
        "y1": 358.595583,
        "x2": 416.077323,
        "y2": 371.901543
      }
    },
    {
      "id": "35694",
      "attributes": {
        "occluded": true,
        "truncated": false,
        "trafficLightColor": "NA"
      },
      "category": "pedestrian",
      "box2d": {
        "x1": 393.457194,
        "y1": 360.591476,
        "x2": 412.750834,
        "y2": 376.558625
      }
    },
    {
      "id": "35695",
      "attributes": {
        "occluded": true,
        "truncated": false,
        "trafficLightColor": "NA"
      },
      "category": "pedestrian",
      "box2d": {
        "x1": 393.457194,
        "y1": 365.248562,
        "x2": 412.750834,
        "y2": 389.199288
      }
    },
    {
      "id": "35696",
      "attributes": {
        "occluded": true,
        "truncated": false,
        "trafficLightColor": "NA"
      },
      "category": "pedestrian",
      "box2d": {
        "x1": 336.241572,
        "y1": 352.607901,
        "x2": 408.759045,
        "y2": 411.154118
      }
    },
    {
      "id": "35697",
      "attributes": {
        "occluded": true,
        "truncated": false,
        "trafficLightColor": "NA"
      },
      "category": "pedestrian",
      "box2d": {
        "x1": 432.709772,
        "y1": 358.595583,
        "x2": 439.362751,
        "y2": 367.909756
      }
    },
    {
      "id": "35698",
      "attributes": {
        "occluded": true,
        "truncated": false,
        "trafficLightColor": "NA"
      },
      "category": "pedestrian",
      "box2d": {
        "x1": 438.697453,
        "y1": 359.926179,
        "x2": 448.011624,
        "y2": 368.575052
      }
    },
    {
      "id": "35699",
      "attributes": {
        "occluded": true,
        "truncated": false,
        "trafficLightColor": "NA"
      },
      "category": "pedestrian",
      "box2d": {
        "x1": 447.346326,
        "y1": 361.256773,
        "x2": 453.334009,
        "y2": 372.566837
      }
    },
    {
      "id": "35700",
      "attributes": {
        "occluded": true,
        "truncated": false,
        "trafficLightColor": "NA"
      },
      "category": "pedestrian",
      "box2d": {
        "x1": 452.668709,
        "y1": 360.591476,
        "x2": 459.986987,
        "y2": 375.893328
      }
    },
    {
      "id": "35701",
      "attributes": {
        "occluded": true,
        "truncated": false,
        "trafficLightColor": "NA"
      },
      "category": "pedestrian",
      "box2d": {
        "x1": 459.986987,
        "y1": 360.591476,
        "x2": 475.288838,
        "y2": 379.219818
      }
    },
    {
      "id": "35702",
      "attributes": {
        "occluded": true,
        "truncated": false,
        "trafficLightColor": "NA"
      },
      "category": "pedestrian",
      "box2d": {
        "x1": 470.631753,
        "y1": 358.595583,
        "x2": 495.247777,
        "y2": 381.88101
      }
    },
    {
      "id": "35703",
      "attributes": {
        "occluded": true,
        "truncated": false,
        "trafficLightColor": "NA"
      },
      "category": "car",
      "box2d": {
        "x1": 493.251883,
        "y1": 346.62022,
        "x2": 539.15744,
        "y2": 389.199287
      }
    },
    {
      "id": "35704",
      "attributes": {
        "occluded": false,
        "truncated": true,
        "trafficLightColor": "NA"
      },
      "category": "car",
      "box2d": {
        "x1": 913.853236,
        "y1": 247.490828,
        "x2": 1278.4365,
        "y2": 530.242448
      }
    },
    {
      "id": "35705",
      "attributes": {
        "occluded": false,
        "truncated": false,
        "trafficLightColor": "NA"
      },
      "category": "car",
      "box2d": {
        "x1": 295.392281,
        "y1": 358.595583,
        "x2": 402.505244,
        "y2": 437.10074
      }
    },
    {
      "id": "35706",
      "attributes": {
        "occluded": false,
        "truncated": false,
        "trafficLightColor": "NA"
      },
      "category": "car",
      "box2d": {
        "x1": 632.033031,
        "y1": 345.954922,
        "x2": 763.76202,
        "y2": 417.141799
      }
    },
    {
      "id": "35707",
      "attributes": {
        "occluded": true,
        "truncated": false,
        "trafficLightColor": "NA"
      },
      "category": "truck",
      "box2d": {
        "x1": 534.633417,
        "y1": 304.706451,
        "x2": 838.009274,
        "y2": 405.831736
      }
    },
    {
      "id": "35708",
      "attributes": {
        "occluded": true,
        "truncated": false,
        "crowd": false,
        "trafficLightColor": "NA"
      },
      "category": "car",
      "box2d": {
        "x1": 509.0758121970927,
        "y1": 360.3227198746459,
        "x2": 539.066354249167,
        "y2": 390.3132619267202
      }
    }
  ],
  "attributes": {
    "weather": "clear",
    "timeofday": "daytime",
    "scene": "residential"
  },
  "processing_info": {
    "processed_at": "2025-07-07T01:09:14.910365",
    "source": "bdd100k_complete_preprocessing_refactored"
  }
}