{
  "image_filename": "054a8fc0-6f54c1d9.jpg",
  "video_name": "054a8fc0-6f54c1d9.jpg",
  "frame_index": 0,
  "metadata": {
    "weather": "snowy",
    "scene": "city street",
    "timeofday": "daytime"
  },
  "labels": [
    {
      "id": "35972",
      "attributes": {
        "occluded": false,
        "truncated": false,
        "trafficLightColor": "G"
      },
      "category": "traffic light",
      "box2d": {
        "x1": 599.450348,
        "y1": 349.71057,
        "x2": 612.929555,
        "y2": 378.166678
      }
    },
    {
      "id": "35973",
      "attributes": {
        "occluded": false,
        "truncated": false,
        "trafficLightColor": "G"
      },
      "category": "traffic light",
      "box2d": {
        "x1": 738.7355,
        "y1": 354.203641,
        "x2": 752.21471,
        "y2": 385.655126
      }
    },
    {
      "id": "35974",
      "attributes": {
        "occluded": true,
        "truncated": false,
        "trafficLightColor": "NA"
      },
      "category": "traffic light",
      "box2d": {
        "x1": 438.448693,
        "y1": 376.668987,
        "x2": 463.90942,
        "y2": 403.627404
      }
    },
    {
      "id": "35975",
      "attributes": {
        "occluded": true,
        "truncated": false,
        "trafficLightColor": "NA"
      },
      "category": "traffic light",
      "box2d": {
        "x1": 508.840114,
        "y1": 424.595062,
        "x2": 525.314702,
        "y2": 442.567339
      }
    },
    {
      "id": "35976",
      "attributes": {
        "occluded": false,
        "truncated": false,
        "trafficLightColor": "NA"
      },
      "category": "traffic light",
      "box2d": {
        "x1": 1065.980724,
        "y1": 208.927728,
        "x2": 1092.939139,
        "y2": 250.863044
      }
    },
    {
      "id": "35977",
      "attributes": {
        "occluded": false,
        "truncated": false,
        "trafficLightColor": "NA"
      },
      "category": "traffic light",
      "box2d": {
        "x1": 517.826253,
        "y1": 301.784498,
        "x2": 534.300841,
        "y2": 336.231364
      }
    },
    {
      "id": "35978",
      "attributes": {
        "occluded": false,
        "truncated": false,
        "trafficLightColor": "NA"
      },
      "category": "traffic light",
      "box2d": {
        "x1": 779.92197,
        "y1": 424.595062,
        "x2": 802.387318,
        "y2": 439.57196
      }
    },
    {
      "id": "35979",
      "attributes": {
        "occluded": true,
        "truncated": false,
        "trafficLightColor": "NA"
      },
      "category": "traffic sign",
      "box2d": {
        "x1": 1074.21802,
        "y1": 18.721123,
        "x2": 1165.577098,
        "y2": 105.587131
      }
    },
    {
      "id": "35980",
      "attributes": {
        "occluded": false,
        "truncated": false,
        "trafficLightColor": "NA"
      },
      "category": "traffic sign",
      "box2d": {
        "x1": 1099.678746,
        "y1": 105.587131,
        "x2": 1138.618681,
        "y2": 144.527067
      }
    },
    {
      "id": "35981",
      "attributes": {
        "occluded": false,
        "truncated": false,
        "trafficLightColor": "NA"
      },
      "category": "traffic sign",
      "box2d": {
        "x1": 1140.11637,
        "y1": 172.983173,
        "x2": 1171.567857,
        "y2": 199.94159
      }
    },
    {
      "id": "35982",
      "attributes": {
        "occluded": false,
        "truncated": false,
        "trafficLightColor": "NA"
      },
      "category": "traffic sign",
      "box2d": {
        "x1": 1149.102509,
        "y1": 205.932349,
        "x2": 1207.512411,
        "y2": 225.402317
      }
    },
    {
      "id": "35983",
      "attributes": {
        "occluded": false,
        "truncated": false,
        "trafficLightColor": "NA"
      },
      "category": "traffic sign",
      "box2d": {
        "x1": 1149.102509,
        "y1": 235.886145,
        "x2": 1240.461588,
        "y2": 261.346872
      }
    },
    {
      "id": "35984",
      "attributes": {
        "occluded": true,
        "truncated": false,
        "trafficLightColor": "NA"
      },
      "category": "car",
      "box2d": {
        "x1": 265.465519,
        "y1": 447.06041,
        "x2": 403.252981,
        "y2": 509.963382
      }
    },
    {
      "id": "35985",
      "attributes": {
        "occluded": true,
        "truncated": false,
        "trafficLightColor": "NA"
      },
      "category": "pedestrian",
      "box2d": {
        "x1": 696.800185,
        "y1": 399.134335,
        "x2": 767.191606,
        "y2": 532.428729
      }
    },
    {
      "id": "35986",
      "attributes": {
        "occluded": true,
        "truncated": false,
        "trafficLightColor": "NA"
      },
      "category": "pedestrian",
      "box2d": {
        "x1": 852.559925,
        "y1": 435.078891,
        "x2": 882.513722,
        "y2": 502.474932
      }
    },
    {
      "id": "35987",
      "attributes": {
        "occluded": false,
        "truncated": true,
        "trafficLightColor": "NA"
      },
      "category": "car",
      "box2d": {
        "x1": 970.128577,
        "y1": 364.68747,
        "x2": 1278.652678,
        "y2": 718.142266
      }
    },
    {
      "id": "35988",
      "attributes": {
        "occluded": true,
        "truncated": true,
        "trafficLightColor": "NA"
      },
      "category": "car",
      "box2d": {
        "x1": 1212.20652,
        "y1": 332.937831,
        "x2": 1277.565121,
        "y2": 376.510231
      }
    }
  ],
  "attributes": {
    "weather": "snowy",
    "timeofday": "daytime",
    "scene": "city street"
  },
  "processing_info": {
    "processed_at": "2025-07-07T01:09:17.241029",
    "source": "bdd100k_complete_preprocessing_refactored"
  }
}