{
  "image_filename": "0555945c-a5a83e97.jpg",
  "video_name": "0555945c-a5a83e97.jpg",
  "frame_index": 0,
  "metadata": {
    "weather": "overcast",
    "scene": "city street",
    "timeofday": "daytime"
  },
  "labels": [
    {
      "id": "36203",
      "attributes": {
        "occluded": false,
        "truncated": false,
        "trafficLightColor": "G"
      },
      "category": "traffic light",
      "box2d": {
        "x1": 666.598148,
        "y1": 311.274905,
        "x2": 672.471258,
        "y2": 327.425962
      }
    },
    {
      "id": "36204",
      "attributes": {
        "occluded": false,
        "truncated": false,
        "trafficLightColor": "NA"
      },
      "category": "traffic light",
      "box2d": {
        "x1": 673.939536,
        "y1": 309.806629,
        "x2": 678.344372,
        "y2": 327.425963
      }
    },
    {
      "id": "36205",
      "attributes": {
        "occluded": false,
        "truncated": false,
        "trafficLightColor": "NA"
      },
      "category": "traffic light",
      "box2d": {
        "x1": 660.725035,
        "y1": 309.806629,
        "x2": 666.598148,
        "y2": 324.489406
      }
    },
    {
      "id": "36206",
      "attributes": {
        "occluded": false,
        "truncated": false,
        "trafficLightColor": "NA"
      },
      "category": "traffic light",
      "box2d": {
        "x1": 462.507526,
        "y1": 306.870072,
        "x2": 471.317192,
        "y2": 320.084573
      }
    },
    {
      "id": "36207",
      "attributes": {
        "occluded": false,
        "truncated": false,
        "trafficLightColor": "NA"
      },
      "category": "traffic light",
      "box2d": {
        "x1": 698.16612,
        "y1": 340.640462,
        "x2": 709.912343,
        "y2": 349.450129
      }
    },
    {
      "id": "36208",
      "attributes": {
        "occluded": true,
        "truncated": false,
        "trafficLightColor": "NA"
      },
      "category": "car",
      "box2d": {
        "x1": 355.323241,
        "y1": 364.48998142278,
        "x2": 392.338495559348,
        "y2": 388.97996025282106
      }
    },
    {
      "id": "36209",
      "attributes": {
        "occluded": false,
        "truncated": false,
        "trafficLightColor": "NA"
      },
      "category": "traffic light",
      "box2d": {
        "x1": 472.78547,
        "y1": 307.604211,
        "x2": 481.595137,
        "y2": 320.818712
      }
    },
    {
      "id": "36210",
      "attributes": {
        "occluded": true,
        "truncated": false,
        "trafficLightColor": "NA"
      },
      "category": "car",
      "box2d": {
        "x1": 311.274905,
        "y1": 357.525657,
        "x2": 359.728074,
        "y2": 397.16916
      }
    },
    {
      "id": "36211",
      "attributes": {
        "occluded": true,
        "truncated": false,
        "trafficLightColor": "NA"
      },
      "category": "car",
      "box2d": {
        "x1": 405.244689,
        "y1": 351.652546,
        "x2": 463.975804,
        "y2": 373.676713
      }
    },
    {
      "id": "36212",
      "attributes": {
        "occluded": true,
        "truncated": false,
        "trafficLightColor": "NA"
      },
      "category": "car",
      "box2d": {
        "x1": 0.0,
        "y1": 354.589102,
        "x2": 148.296065,
        "y2": 429.471273
      }
    },
    {
      "id": "36213",
      "attributes": {
        "occluded": false,
        "truncated": true,
        "trafficLightColor": "NA"
      },
      "category": "car",
      "box2d": {
        "x1": 0.0,
        "y1": 382.486381,
        "x2": 17.619335,
        "y2": 438.28094
      }
    },
    {
      "id": "36214",
      "attributes": {
        "occluded": true,
        "truncated": false,
        "trafficLightColor": "NA"
      },
      "category": "car",
      "box2d": {
        "x1": 637.23259,
        "y1": 348.715991,
        "x2": 650.447091,
        "y2": 361.930492
      }
    },
    {
      "id": "36215",
      "attributes": {
        "occluded": true,
        "truncated": false,
        "trafficLightColor": "NA"
      },
      "category": "car",
      "box2d": {
        "x1": 646.042258,
        "y1": 353.120826,
        "x2": 659.256759,
        "y2": 367.803603
      }
    },
    {
      "id": "36216",
      "attributes": {
        "occluded": true,
        "truncated": false,
        "trafficLightColor": "NA"
      },
      "category": "car",
      "box2d": {
        "x1": 654.851923,
        "y1": 350.184269,
        "x2": 669.534702,
        "y2": 369.271882
      }
    },
    {
      "id": "36217",
      "attributes": {
        "occluded": true,
        "truncated": false,
        "trafficLightColor": "NA"
      },
      "category": "car",
      "box2d": {
        "x1": 704.773371,
        "y1": 344.311157,
        "x2": 751.758264,
        "y2": 382.486381
      }
    },
    {
      "id": "36218",
      "attributes": {
        "occluded": true,
        "truncated": false,
        "trafficLightColor": "NA"
      },
      "category": "car",
      "box2d": {
        "x1": 723.860983,
        "y1": 356.05738,
        "x2": 750.289984,
        "y2": 391.296049
      }
    },
    {
      "id": "36219",
      "attributes": {
        "occluded": true,
        "truncated": false,
        "trafficLightColor": "NA"
      },
      "category": "car",
      "box2d": {
        "x1": 750.582779260135,
        "y1": 349.177326894305,
        "x2": 815.4019574557535,
        "y2": 402.03532989430505
      }
    },
    {
      "id": "36220",
      "attributes": {
        "occluded": true,
        "truncated": false,
        "trafficLightColor": "NA"
      },
      "category": "car",
      "box2d": {
        "x1": 787.731069,
        "y1": 360.462214,
        "x2": 862.61324,
        "y2": 413.320218
      }
    },
    {
      "id": "36221",
      "attributes": {
        "occluded": true,
        "truncated": false,
        "trafficLightColor": "NA"
      },
      "category": "car",
      "box2d": {
        "x1": 836.18424,
        "y1": 359.4544630173004,
        "x2": 919.876077,
        "y2": 429.471272
      }
    },
    {
      "id": "36222",
      "attributes": {
        "occluded": true,
        "truncated": false,
        "trafficLightColor": "NA"
      },
      "category": "car",
      "box2d": {
        "x1": 889.042242,
        "y1": 341.374601,
        "x2": 1028.528638,
        "y2": 451.495441
      }
    },
    {
      "id": "36223",
      "attributes": {
        "occluded": true,
        "truncated": false,
        "trafficLightColor": "NA"
      },
      "category": "car",
      "box2d": {
        "x1": 612.81747121139,
        "y1": 350.56133457722,
        "x2": 638.7656679916344,
        "y2": 386.673280781296
      }
    },
    {
      "id": "36224",
      "attributes": {
        "occluded": false,
        "truncated": false,
        "trafficLightColor": "NA"
      },
      "category": "car",
      "box2d": {
        "x1": 485.999971,
        "y1": 332.564936,
        "x2": 624.018088,
        "y2": 467.646499
      }
    },
    {
      "id": "36225",
      "attributes": {
        "occluded": false,
        "truncated": false,
        "trafficLightColor": "NA"
      },
      "category": "car",
      "box2d": {
        "x1": 187.939565,
        "y1": 348.715991,
        "x2": 299.528682,
        "y2": 416.256773
      }
    },
    {
      "id": "36226",
      "attributes": {
        "occluded": false,
        "truncated": false,
        "trafficLightColor": "NA"
      },
      "category": "car",
      "box2d": {
        "x1": 657.788479,
        "y1": 350.184269,
        "x2": 719.45615,
        "y2": 405.978827
      }
    },
    {
      "id": "36227",
      "attributes": {
        "occluded": false,
        "truncated": false,
        "trafficLightColor": "NA"
      },
      "category": "car",
      "box2d": {
        "x1": 965.392691,
        "y1": 332.564936,
        "x2": 1264.921373,
        "y2": 502.885167
      }
    },
    {
      "id": "36228",
      "attributes": {
        "occluded": true,
        "truncated": false,
        "crowd": false,
        "trafficLightColor": "NA"
      },
      "category": "car",
      "box2d": {
        "x1": 293.6126141780758,
        "y1": 358.0704553343854,
        "x2": 320.37009604776637,
        "y2": 398.6680140332263
      }
    }
  ],
  "attributes": {
    "weather": "overcast",
    "timeofday": "daytime",
    "scene": "city street"
  },
  "processing_info": {
    "processed_at": "2025-07-07T01:09:17.122850",
    "source": "bdd100k_complete_preprocessing_refactored"
  }
}