{
  "image_filename": "056c5701-175a265c.jpg",
  "video_name": "056c5701-175a265c.jpg",
  "frame_index": 0,
  "metadata": {
    "weather": "overcast",
    "scene": "city street",
    "timeofday": "daytime"
  },
  "labels": [
    {
      "id": "36635",
      "attributes": {
        "occluded": true,
        "truncated": false,
        "trafficLightColor": "NA"
      },
      "category": "car",
      "box2d": {
        "x1": 164.159987,
        "y1": 376.91997,
        "x2": 193.319986,
        "y2": 394.199967
      }
    },
    {
      "id": "36636",
      "attributes": {
        "occluded": true,
        "truncated": false,
        "trafficLightColor": "NA"
      },
      "category": "car",
      "box2d": {
        "x1": 150.119989,
        "y1": 372.59997,
        "x2": 171.719988,
        "y2": 388.79997
      }
    },
    {
      "id": "36637",
      "attributes": {
        "occluded": true,
        "truncated": false,
        "trafficLightColor": "NA"
      },
      "category": "car",
      "box2d": {
        "x1": 112.31999,
        "y1": 376.91997,
        "x2": 147.6922895180676,
        "y2": 399.00744189695445
      }
    },
    {
      "id": "36638",
      "attributes": {
        "occluded": true,
        "truncated": false,
        "trafficLightColor": "NA"
      },
      "category": "car",
      "box2d": {
        "x1": 59.25556495231079,
        "y1": 382.92803743045323,
        "x2": 106.919991,
        "y2": 402.839969
      }
    },
    {
      "id": "36639",
      "attributes": {
        "occluded": true,
        "truncated": false,
        "trafficLightColor": "NA"
      },
      "category": "car",
      "box2d": {
        "x1": 30.669957011864142,
        "y1": 382.92803743045323,
        "x2": 70.199994,
        "y2": 404.999968
      }
    },
    {
      "id": "36640",
      "attributes": {
        "occluded": true,
        "truncated": true,
        "trafficLightColor": "NA"
      },
      "category": "car",
      "box2d": {
        "x1": 0.0,
        "y1": 391.8610399118428,
        "x2": 28.88335651558623,
        "y2": 407.94044437834407
      }
    },
    {
      "id": "36641",
      "attributes": {
        "occluded": true,
        "truncated": false,
        "trafficLightColor": "NA"
      },
      "category": "car",
      "box2d": {
        "x1": 363.311965,
        "y1": 351.215969,
        "x2": 377.351963,
        "y2": 366.335967
      }
    },
    {
      "id": "36642",
      "attributes": {
        "occluded": true,
        "truncated": false,
        "trafficLightColor": "NA"
      },
      "category": "car",
      "box2d": {
        "x1": 374.111963,
        "y1": 356.615968,
        "x2": 391.391962,
        "y2": 368.495968
      }
    },
    {
      "id": "36643",
      "attributes": {
        "occluded": true,
        "truncated": false,
        "trafficLightColor": "NA"
      },
      "category": "car",
      "box2d": {
        "x1": 401.111961,
        "y1": 369.575968,
        "x2": 422.71196,
        "y2": 385.775967
      }
    },
    {
      "id": "36644",
      "attributes": {
        "occluded": true,
        "truncated": false,
        "trafficLightColor": "NA"
      },
      "category": "car",
      "box2d": {
        "x1": 412.991959,
        "y1": 369.575968,
        "x2": 428.111957,
        "y2": 393.335965
      }
    },
    {
      "id": "36645",
      "attributes": {
        "occluded": true,
        "truncated": false,
        "trafficLightColor": "NA"
      },
      "category": "car",
      "box2d": {
        "x1": 418.39196,
        "y1": 373.895967,
        "x2": 432.431959,
        "y2": 394.415965
      }
    },
    {
      "id": "36646",
      "attributes": {
        "occluded": true,
        "truncated": false,
        "trafficLightColor": "NA"
      },
      "category": "car",
      "box2d": {
        "x1": 425.951958,
        "y1": 372.815968,
        "x2": 437.831958,
        "y2": 396.575966
      }
    },
    {
      "id": "36647",
      "attributes": {
        "occluded": true,
        "truncated": false,
        "trafficLightColor": "NA"
      },
      "category": "car",
      "box2d": {
        "x1": 432.431959,
        "y1": 371.735967,
        "x2": 458.351958,
        "y2": 398.735965
      }
    },
    {
      "id": "36648",
      "attributes": {
        "occluded": true,
        "truncated": false,
        "trafficLightColor": "NA"
      },
      "category": "car",
      "box2d": {
        "x1": 445.391958,
        "y1": 371.735967,
        "x2": 471.311957,
        "y2": 405.215963
      }
    },
    {
      "id": "36649",
      "attributes": {
        "occluded": true,
        "truncated": false,
        "trafficLightColor": "NA"
      },
      "category": "car",
      "box2d": {
        "x1": 460.511957,
        "y1": 371.735967,
        "x2": 485.351954,
        "y2": 404.135964
      }
    },
    {
      "id": "36650",
      "attributes": {
        "occluded": true,
        "truncated": false,
        "trafficLightColor": "NA"
      },
      "category": "car",
      "box2d": {
        "x1": 470.231956,
        "y1": 376.055966,
        "x2": 497.231954,
        "y2": 406.295963
      }
    },
    {
      "id": "36651",
      "attributes": {
        "occluded": true,
        "truncated": false,
        "trafficLightColor": "NA"
      },
      "category": "car",
      "box2d": {
        "x1": 477.791956,
        "y1": 377.135968,
        "x2": 518.831953,
        "y2": 409.535965
      }
    },
    {
      "id": "36652",
      "attributes": {
        "occluded": true,
        "truncated": false,
        "trafficLightColor": "NA"
      },
      "category": "car",
      "box2d": {
        "x1": 389.231961,
        "y1": 363.095984,
        "x2": 406.51196,
        "y2": 378.215982
      }
    },
    {
      "id": "36653",
      "attributes": {
        "occluded": true,
        "truncated": false,
        "trafficLightColor": "NA"
      },
      "category": "car",
      "box2d": {
        "x1": 605.015966,
        "y1": 363.095984,
        "x2": 681.69596,
        "y2": 444.095978
      }
    },
    {
      "id": "36654",
      "attributes": {
        "occluded": true,
        "truncated": false,
        "trafficLightColor": "NA"
      },
      "category": "car",
      "box2d": {
        "x1": 646.055961,
        "y1": 380.375983,
        "x2": 778.89595,
        "y2": 462.455977
      }
    },
    {
      "id": "36655",
      "attributes": {
        "occluded": true,
        "truncated": false,
        "trafficLightColor": "NA"
      },
      "category": "car",
      "box2d": {
        "x1": 744.335954,
        "y1": 362.015985,
        "x2": 794.4416691706731,
        "y2": 405.26054363392717
      }
    },
    {
      "id": "36656",
      "attributes": {
        "occluded": true,
        "truncated": false,
        "trafficLightColor": "NA"
      },
      "category": "car",
      "box2d": {
        "x1": 770.502814,
        "y1": 363.959971,
        "x2": 1016.742795,
        "y2": 505.43996
      }
    },
    {
      "id": "36657",
      "attributes": {
        "occluded": false,
        "truncated": false,
        "trafficLightColor": "NA"
      },
      "category": "car",
      "box2d": {
        "x1": 306.719974,
        "y1": 373.319977,
        "x2": 329.399973,
        "y2": 393.839974
      }
    },
    {
      "id": "36658",
      "attributes": {
        "occluded": false,
        "truncated": false,
        "trafficLightColor": "NA"
      },
      "category": "car",
      "box2d": {
        "x1": 329.03223989027606,
        "y1": 375.7816354453416,
        "x2": 380.8436542823356,
        "y2": 418.66004735601155
      }
    },
    {
      "id": "36659",
      "attributes": {
        "occluded": false,
        "truncated": false,
        "trafficLightColor": "NA"
      },
      "category": "car",
      "box2d": {
        "x1": 376.91997,
        "y1": 362.519977,
        "x2": 394.199967,
        "y2": 377.639975
      }
    },
    {
      "id": "36660",
      "attributes": {
        "occluded": false,
        "truncated": false,
        "trafficLightColor": "NA"
      },
      "category": "car",
      "box2d": {
        "x1": 495.359981,
        "y1": 365.759977,
        "x2": 613.079973,
        "y2": 455.399971
      }
    },
    {
      "id": "36661",
      "attributes": {
        "occluded": false,
        "truncated": true,
        "trafficLightColor": "NA"
      },
      "category": "car",
      "box2d": {
        "x1": 963.359922,
        "y1": 349.199982,
        "x2": 1278.719898,
        "y2": 589.319975
      }
    },
    {
      "id": "36662",
      "attributes": {
        "occluded": false,
        "truncated": false,
        "trafficLightColor": "G"
      },
      "category": "traffic light",
      "box2d": {
        "x1": 189.67740118059862,
        "y1": 300.7444146016691,
        "x2": 202.18360465454404,
        "y2": 316.82381906817034
      }
    },
    {
      "id": "36663",
      "attributes": {
        "occluded": false,
        "truncated": false,
        "trafficLightColor": "NA"
      },
      "category": "traffic light",
      "box2d": {
        "x1": 465.7071778555366,
        "y1": 271.349977,
        "x2": 473.039963,
        "y2": 298.9578141053912
      }
    },
    {
      "id": "36664",
      "attributes": {
        "occluded": false,
        "truncated": false,
        "trafficLightColor": "G"
      },
      "category": "traffic light",
      "box2d": {
        "x1": 470.879962,
        "y1": 270.269978,
        "x2": 482.759962,
        "y2": 298.349976
      }
    },
    {
      "id": "36665",
      "attributes": {
        "occluded": false,
        "truncated": false,
        "trafficLightColor": "R"
      },
      "category": "traffic light",
      "box2d": {
        "x1": 591.839953,
        "y1": 341.549973,
        "x2": 605.879952,
        "y2": 356.669971
      }
    },
    {
      "id": "36666",
      "attributes": {
        "occluded": true,
        "truncated": false,
        "trafficLightColor": "NA"
      },
      "category": "traffic light",
      "box2d": {
        "x1": 669.599945,
        "y1": 323.189975,
        "x2": 694.439943,
        "y2": 345.869973
      }
    },
    {
      "id": "36667",
      "attributes": {
        "occluded": false,
        "truncated": false,
        "trafficLightColor": "NA"
      },
      "category": "traffic light",
      "box2d": {
        "x1": 649.079948,
        "y1": 288.629977,
        "x2": 662.2332324461073,
        "y2": 321.029974
      }
    },
    {
      "id": "36668",
      "attributes": {
        "occluded": false,
        "truncated": false,
        "trafficLightColor": "NA"
      },
      "category": "traffic sign",
      "box2d": {
        "x1": 571.96796,
        "y1": 284.039978,
        "x2": 597.887959,
        "y2": 300.239977
      }
    },
    {
      "id": "36669",
      "attributes": {
        "occluded": false,
        "truncated": false,
        "trafficLightColor": "NA"
      },
      "category": "traffic sign",
      "box2d": {
        "x1": 576.28796,
        "y1": 315.359976,
        "x2": 597.887959,
        "y2": 327.239976
      }
    },
    {
      "id": "36670",
      "attributes": {
        "occluded": false,
        "truncated": false,
        "trafficLightColor": "NA"
      },
      "category": "traffic sign",
      "box2d": {
        "x1": 471.095975,
        "y1": 351.215969,
        "x2": 482.975974,
        "y2": 364.175968
      }
    },
    {
      "id": "36671",
      "attributes": {
        "occluded": false,
        "truncated": false,
        "trafficLightColor": "NA"
      },
      "category": "traffic sign",
      "box2d": {
        "x1": 1113.911937,
        "y1": 206.92799,
        "x2": 1157.111934,
        "y2": 235.007988
      }
    },
    {
      "id": "36672",
      "attributes": {
        "occluded": true,
        "truncated": false,
        "trafficLightColor": "NA"
      },
      "category": "pedestrian",
      "box2d": {
        "x1": 1043.711943,
        "y1": 345.167979,
        "x2": 1077.19194,
        "y2": 401.327974
      }
    },
    {
      "id": "36673",
      "attributes": {
        "occluded": false,
        "truncated": false,
        "trafficLightColor": "NA"
      },
      "category": "traffic sign",
      "box2d": {
        "x1": 654.479947,
        "y1": 323.999973,
        "x2": 687.959944,
        "y2": 338.039972
      }
    },
    {
      "id": "36674",
      "attributes": {
        "occluded": true,
        "truncated": false,
        "crowd": false,
        "trafficLightColor": "NA"
      },
      "category": "other person",
      "box2d": {
        "x1": 764.9627609820875,
        "y1": 357.9156304825624,
        "x2": 808.7344731408964,
        "y2": 413.3002458671778
      }
    }
  ],
  "attributes": {
    "weather": "overcast",
    "timeofday": "daytime",
    "scene": "city street"
  },
  "processing_info": {
    "processed_at": "2025-07-07T01:09:13.473667",
    "source": "bdd100k_complete_preprocessing_refactored"
  }
}