{
  "image_filename": "0573cc84-e67f61ef.jpg",
  "video_name": "0573cc84-e67f61ef.jpg",
  "frame_index": 0,
  "metadata": {
    "weather": "undefined",
    "scene": "city street",
    "timeofday": "daytime"
  },
  "labels": [
    {
      "id": "36812",
      "attributes": {
        "occluded": true,
        "truncated": false,
        "trafficLightColor": "NA"
      },
      "category": "car",
      "box2d": {
        "x1": 539.129746,
        "y1": 464.20983,
        "x2": 578.303571,
        "y2": 477.67583
      }
    },
    {
      "id": "36813",
      "attributes": {
        "occluded": true,
        "truncated": false,
        "trafficLightColor": "NA"
      },
      "category": "car",
      "box2d": {
        "x1": 577.079388,
        "y1": 466.658194,
        "x2": 585.648661,
        "y2": 478.900015
      }
    },
    {
      "id": "36814",
      "attributes": {
        "occluded": true,
        "truncated": false,
        "trafficLightColor": "NA"
      },
      "category": "car",
      "box2d": {
        "x1": 585.648662,
        "y1": 464.20983,
        "x2": 600.338846,
        "y2": 481.348378
      }
    },
    {
      "id": "36815",
      "attributes": {
        "occluded": true,
        "truncated": false,
        "trafficLightColor": "NA"
      },
      "category": "car",
      "box2d": {
        "x1": 599.114664,
        "y1": 460.537284,
        "x2": 622.374122,
        "y2": 475.227468
      }
    },
    {
      "id": "36816",
      "attributes": {
        "occluded": true,
        "truncated": false,
        "trafficLightColor": "NA"
      },
      "category": "car",
      "box2d": {
        "x1": 596.6663,
        "y1": 478.349117,
        "x2": 617.293773,
        "y2": 502.832755
      }
    },
    {
      "id": "36817",
      "attributes": {
        "occluded": true,
        "truncated": false,
        "trafficLightColor": "NA"
      },
      "category": "car",
      "box2d": {
        "x1": 600.155226,
        "y1": 477.124935,
        "x2": 633.20814,
        "y2": 516.29876
      }
    },
    {
      "id": "36818",
      "attributes": {
        "occluded": true,
        "truncated": false,
        "trafficLightColor": "NA"
      },
      "category": "car",
      "box2d": {
        "x1": 605.051954,
        "y1": 480.797481,
        "x2": 645.44996,
        "y2": 516.298759
      }
    },
    {
      "id": "36819",
      "attributes": {
        "occluded": true,
        "truncated": false,
        "trafficLightColor": "NA"
      },
      "category": "car",
      "box2d": {
        "x1": 622.190502,
        "y1": 472.228207,
        "x2": 679.727056,
        "y2": 533.437307
      }
    },
    {
      "id": "36820",
      "attributes": {
        "occluded": true,
        "truncated": false,
        "trafficLightColor": "NA"
      },
      "category": "car",
      "box2d": {
        "x1": 640.7940264907724,
        "y1": 474.0446627406269,
        "x2": 719.4044483270006,
        "y2": 566.0545882989396
      }
    },
    {
      "id": "36821",
      "attributes": {
        "occluded": true,
        "truncated": false,
        "trafficLightColor": "NA"
      },
      "category": "car",
      "box2d": {
        "x1": 547.5154,
        "y1": 471.004025,
        "x2": 562.205584,
        "y2": 486.918391
      }
    },
    {
      "id": "36822",
      "attributes": {
        "occluded": true,
        "truncated": false,
        "trafficLightColor": "NA"
      },
      "category": "car",
      "box2d": {
        "x1": 485.755441,
        "y1": 451.96801,
        "x2": 567.775638,
        "y2": 540.109113
      }
    },
    {
      "id": "36823",
      "attributes": {
        "occluded": true,
        "truncated": false,
        "trafficLightColor": "NA"
      },
      "category": "car",
      "box2d": {
        "x1": 463.964979,
        "y1": 474.003286,
        "x2": 484.776073,
        "y2": 491.141835
      }
    },
    {
      "id": "36824",
      "attributes": {
        "occluded": true,
        "truncated": false,
        "trafficLightColor": "NA"
      },
      "category": "car",
      "box2d": {
        "x1": 433.360429,
        "y1": 471.554922,
        "x2": 463.964979,
        "y2": 496.038562
      }
    },
    {
      "id": "36825",
      "attributes": {
        "occluded": true,
        "truncated": false,
        "trafficLightColor": "NA"
      },
      "category": "car",
      "box2d": {
        "x1": 412.549335,
        "y1": 476.45165,
        "x2": 448.050614,
        "y2": 526.643111
      }
    },
    {
      "id": "36826",
      "attributes": {
        "occluded": true,
        "truncated": false,
        "trafficLightColor": "NA"
      },
      "category": "car",
      "box2d": {
        "x1": 281.56186,
        "y1": 493.590198,
        "x2": 334.201686,
        "y2": 545.005842
      }
    },
    {
      "id": "36827",
      "attributes": {
        "occluded": false,
        "truncated": false,
        "trafficLightColor": "NA"
      },
      "category": "car",
      "box2d": {
        "x1": 119.969836,
        "y1": 478.900014,
        "x2": 291.355316,
        "y2": 579.038087
      }
    },
    {
      "id": "36828",
      "attributes": {
        "occluded": false,
        "truncated": false,
        "trafficLightColor": "NA"
      },
      "category": "car",
      "box2d": {
        "x1": 426.040815,
        "y1": 491.305037,
        "x2": 538.232027,
        "y2": 579.854232
      }
    },
    {
      "id": "36829",
      "attributes": {
        "occluded": false,
        "truncated": true,
        "trafficLightColor": "NA"
      },
      "category": "car",
      "box2d": {
        "x1": 1090.968749,
        "y1": 491.98749,
        "x2": 1279.367063,
        "y2": 718.38965
      }
    },
    {
      "id": "36830",
      "attributes": {
        "occluded": false,
        "truncated": false,
        "trafficLightColor": "NA"
      },
      "category": "car",
      "box2d": {
        "x1": 713.723586,
        "y1": 312.574474,
        "x2": 1072.383433,
        "y2": 653.713188
      }
    },
    {
      "id": "36831",
      "attributes": {
        "occluded": false,
        "truncated": false,
        "trafficLightColor": "NA"
      },
      "category": "car",
      "box2d": {
        "x1": 311.758356,
        "y1": 477.430981,
        "x2": 425.607284,
        "y2": 569.652703
      }
    },
    {
      "id": "36832",
      "attributes": {
        "occluded": true,
        "truncated": false,
        "trafficLightColor": "NA"
      },
      "category": "pedestrian",
      "box2d": {
        "x1": 94.262014,
        "y1": 477.675832,
        "x2": 119.969836,
        "y2": 552.350934
      }
    },
    {
      "id": "36833",
      "attributes": {
        "occluded": true,
        "truncated": false,
        "trafficLightColor": "NA"
      },
      "category": "pedestrian",
      "box2d": {
        "x1": 31.828732,
        "y1": 469.106558,
        "x2": 62.433282,
        "y2": 530.315657
      }
    },
    {
      "id": "36834",
      "attributes": {
        "occluded": true,
        "truncated": false,
        "trafficLightColor": "NA"
      },
      "category": "pedestrian",
      "box2d": {
        "x1": 63.657464,
        "y1": 475.683968,
        "x2": 97.93456,
        "y2": 582.955485
      }
    }
  ],
  "attributes": {
    "weather": "undefined",
    "timeofday": "daytime",
    "scene": "city street"
  },
  "processing_info": {
    "processed_at": "2025-07-07T01:09:16.723515",
    "source": "bdd100k_complete_preprocessing_refactored"
  }
}