{
  "image_filename": "05771267-dd3b3df8.jpg",
  "video_name": "05771267-dd3b3df8.jpg",
  "frame_index": 0,
  "metadata": {
    "weather": "rainy",
    "scene": "city street",
    "timeofday": "daytime"
  },
  "labels": [
    {
      "id": "36930",
      "attributes": {
        "occluded": true,
        "truncated": false,
        "trafficLightColor": "NA"
      },
      "category": "car",
      "box2d": {
        "x1": 677.946377,
        "y1": 376.821721,
        "x2": 712.88349,
        "y2": 410.51108
      }
    },
    {
      "id": "36931",
      "attributes": {
        "occluded": false,
        "truncated": false,
        "trafficLightColor": "NA"
      },
      "category": "car",
      "box2d": {
        "x1": 560.657497,
        "y1": 361.848672,
        "x2": 681.689639,
        "y2": 460.421242
      }
    },
    {
      "id": "36932",
      "attributes": {
        "occluded": false,
        "truncated": false,
        "trafficLightColor": "NA"
      },
      "category": "car",
      "box2d": {
        "x1": 697.910441,
        "y1": 358.105409,
        "x2": 784.005471,
        "y2": 434.218406
      }
    },
    {
      "id": "36933",
      "attributes": {
        "occluded": true,
        "truncated": false,
        "trafficLightColor": "NA"
      },
      "category": "car",
      "box2d": {
        "x1": 781.509961,
        "y1": 399.281294,
        "x2": 808.960551,
        "y2": 427.979637
      }
    },
    {
      "id": "36934",
      "attributes": {
        "occluded": false,
        "truncated": false,
        "trafficLightColor": "NA"
      },
      "category": "car",
      "box2d": {
        "x1": 791.491994,
        "y1": 376.821721,
        "x2": 943.717988,
        "y2": 475.394291
      }
    },
    {
      "id": "36935",
      "attributes": {
        "occluded": true,
        "truncated": false,
        "trafficLightColor": "NA"
      },
      "category": "car",
      "box2d": {
        "x1": 951.204511,
        "y1": 411.758834,
        "x2": 973.664082,
        "y2": 431.722899
      }
    },
    {
      "id": "36936",
      "attributes": {
        "occluded": false,
        "truncated": false,
        "trafficLightColor": "G"
      },
      "category": "traffic light",
      "box2d": {
        "x1": 632.923238,
        "y1": 297.58934,
        "x2": 640.409762,
        "y2": 316.30565
      }
    },
    {
      "id": "36937",
      "attributes": {
        "occluded": false,
        "truncated": false,
        "trafficLightColor": "G"
      },
      "category": "traffic light",
      "box2d": {
        "x1": 753.95538,
        "y1": 291.350569,
        "x2": 762.68966,
        "y2": 313.810142
      }
    },
    {
      "id": "36938",
      "attributes": {
        "occluded": false,
        "truncated": false,
        "trafficLightColor": "NA"
      },
      "category": "traffic light",
      "box2d": {
        "x1": 624.18896,
        "y1": 301.63771484980805,
        "x2": 632.923238,
        "y2": 322.544421
      }
    },
    {
      "id": "36939",
      "attributes": {
        "occluded": false,
        "truncated": false,
        "trafficLightColor": "NA"
      },
      "category": "traffic light",
      "box2d": {
        "x1": 637.914253,
        "y1": 301.3326,
        "x2": 645.400779,
        "y2": 317.553404
      }
    },
    {
      "id": "36940",
      "attributes": {
        "occluded": false,
        "truncated": false,
        "trafficLightColor": "NA"
      },
      "category": "traffic light",
      "box2d": {
        "x1": 743.973348,
        "y1": 290.102815,
        "x2": 752.707626,
        "y2": 312.562388
      }
    },
    {
      "id": "36941",
      "attributes": {
        "occluded": false,
        "truncated": false,
        "trafficLightColor": "NA"
      },
      "category": "traffic light",
      "box2d": {
        "x1": 761.441905,
        "y1": 292.598323,
        "x2": 770.176183,
        "y2": 312.562388
      }
    },
    {
      "id": "36942",
      "attributes": {
        "occluded": false,
        "truncated": false,
        "trafficLightColor": "NA"
      },
      "category": "traffic light",
      "box2d": {
        "x1": 876.235277,
        "y1": 351.242763,
        "x2": 888.712817,
        "y2": 371.206828
      }
    },
    {
      "id": "36943",
      "attributes": {
        "occluded": false,
        "truncated": false,
        "trafficLightColor": "NA"
      },
      "category": "traffic light",
      "box2d": {
        "x1": 938.622979,
        "y1": 358.729287,
        "x2": 959.834795,
        "y2": 377.445597
      }
    },
    {
      "id": "36944",
      "attributes": {
        "occluded": false,
        "truncated": false,
        "trafficLightColor": "NA"
      },
      "category": "traffic sign",
      "box2d": {
        "x1": 924.897684,
        "y1": 216.485326,
        "x2": 959.834797,
        "y2": 236.449391
      }
    },
    {
      "id": "36945",
      "attributes": {
        "occluded": false,
        "truncated": false,
        "trafficLightColor": "NA"
      },
      "category": "traffic sign",
      "box2d": {
        "x1": 921.154422,
        "y1": 237.697145,
        "x2": 958.587043,
        "y2": 248.926932
      }
    },
    {
      "id": "36946",
      "attributes": {
        "occluded": false,
        "truncated": false,
        "trafficLightColor": "NA"
      },
      "category": "traffic sign",
      "box2d": {
        "x1": 914.915651,
        "y1": 251.42244,
        "x2": 963.578058,
        "y2": 282.61629
      }
    },
    {
      "id": "36947",
      "attributes": {
        "occluded": false,
        "truncated": false,
        "trafficLightColor": "NA"
      },
      "category": "traffic sign",
      "box2d": {
        "x1": 919.906668,
        "y1": 287.607307,
        "x2": 951.100519,
        "y2": 317.553404
      }
    },
    {
      "id": "36948",
      "attributes": {
        "occluded": false,
        "truncated": false,
        "trafficLightColor": "NA"
      },
      "category": "traffic sign",
      "box2d": {
        "x1": 801.370033,
        "y1": 296.341585,
        "x2": 855.023458,
        "y2": 311.314633
      }
    },
    {
      "id": "36949",
      "attributes": {
        "occluded": true,
        "truncated": false,
        "trafficLightColor": "NA"
      },
      "category": "traffic sign",
      "box2d": {
        "x1": 561.98842,
        "y1": 299.460969,
        "x2": 576.961469,
        "y2": 313.186264
      }
    },
    {
      "id": "36950",
      "attributes": {
        "occluded": false,
        "truncated": false,
        "trafficLightColor": "NA"
      },
      "category": "traffic sign",
      "box2d": {
        "x1": 561.98842,
        "y1": 313.186265,
        "x2": 586.943502,
        "y2": 336.893593
      }
    },
    {
      "id": "36951",
      "attributes": {
        "occluded": true,
        "truncated": false,
        "trafficLightColor": "NA"
      },
      "category": "traffic sign",
      "box2d": {
        "x1": 576.961469,
        "y1": 308.195248,
        "x2": 615.641846,
        "y2": 336.893592
      }
    },
    {
      "id": "36952",
      "attributes": {
        "occluded": false,
        "truncated": false,
        "trafficLightColor": "NA"
      },
      "category": "traffic sign",
      "box2d": {
        "x1": 598.173288,
        "y1": 300.708724,
        "x2": 609.403074,
        "y2": 313.186265
      }
    },
    {
      "id": "36953",
      "attributes": {
        "occluded": false,
        "truncated": false,
        "trafficLightColor": "NA"
      },
      "category": "traffic sign",
      "box2d": {
        "x1": 934.318251,
        "y1": 348.123378,
        "x2": 951.786806,
        "y2": 358.105409
      }
    },
    {
      "id": "36954",
      "attributes": {
        "occluded": false,
        "truncated": false,
        "trafficLightColor": "NA"
      },
      "category": "traffic sign",
      "box2d": {
        "x1": 707.227014,
        "y1": 361.848672,
        "x2": 719.704553,
        "y2": 366.83969
      }
    },
    {
      "id": "36955",
      "attributes": {
        "occluded": false,
        "truncated": false,
        "trafficLightColor": "NA"
      },
      "category": "traffic sign",
      "box2d": {
        "x1": 699.740491,
        "y1": 364.34418,
        "x2": 713.465784,
        "y2": 371.830705
      }
    },
    {
      "id": "36956",
      "attributes": {
        "occluded": false,
        "truncated": false,
        "trafficLightColor": "NA"
      },
      "category": "traffic sign",
      "box2d": {
        "x1": 702.235998,
        "y1": 369.335197,
        "x2": 709.722522,
        "y2": 379.317228
      }
    },
    {
      "id": "36957",
      "attributes": {
        "occluded": true,
        "truncated": false,
        "trafficLightColor": "NA"
      },
      "category": "pedestrian",
      "box2d": {
        "x1": 551.10436,
        "y1": 351.86664,
        "x2": 568.572916,
        "y2": 405.520064
      }
    },
    {
      "id": "36958",
      "attributes": {
        "occluded": true,
        "truncated": false,
        "trafficLightColor": "NA"
      },
      "category": "pedestrian",
      "box2d": {
        "x1": 914.200785,
        "y1": 376.821721,
        "x2": 929.173834,
        "y2": 409.263326
      }
    },
    {
      "id": "36959",
      "attributes": {
        "occluded": true,
        "truncated": false,
        "trafficLightColor": "NA"
      },
      "category": "pedestrian",
      "box2d": {
        "x1": 764.470301,
        "y1": 369.335197,
        "x2": 774.452335,
        "y2": 390.547013
      }
    },
    {
      "id": "36960",
      "attributes": {
        "occluded": true,
        "truncated": false,
        "trafficLightColor": "NA"
      },
      "category": "traffic sign",
      "box2d": {
        "x1": 36.02975850069789,
        "y1": 331.1166230383937,
        "x2": 84.468558,
        "y2": 363.582054
      }
    }
  ],
  "attributes": {
    "weather": "rainy",
    "timeofday": "daytime",
    "scene": "city street"
  },
  "processing_info": {
    "processed_at": "2025-07-07T01:09:15.998467",
    "source": "bdd100k_complete_preprocessing_refactored"
  }
}