{
  "image_filename": "05e36850-efef8502.jpg",
  "video_name": "05e36850-efef8502.jpg",
  "frame_index": 0,
  "metadata": {
    "weather": "undefined",
    "scene": "residential",
    "timeofday": "daytime"
  },
  "labels": [
    {
      "id": "39496",
      "attributes": {
        "occluded": false,
        "truncated": true,
        "trafficLightColor": "NA"
      },
      "category": "car",
      "box2d": {
        "x1": 2.048473,
        "y1": 194.604938,
        "x2": 117.787198,
        "y2": 378.967508
      }
    },
    {
      "id": "39497",
      "attributes": {
        "occluded": false,
        "truncated": false,
        "trafficLightColor": "NA"
      },
      "category": "car",
      "box2d": {
        "x1": 406.217398,
        "y1": 29.357469,
        "x2": 846.019357,
        "y2": 465.003375
      }
    },
    {
      "id": "39498",
      "attributes": {
        "occluded": true,
        "truncated": false,
        "trafficLightColor": "NA"
      },
      "category": "car",
      "box2d": {
        "x1": 841.92241,
        "y1": 195.629172,
        "x2": 1279.2714,
        "y2": 430.179335
      }
    },
    {
      "id": "39499",
      "attributes": {
        "occluded": false,
        "truncated": true,
        "trafficLightColor": "NA"
      },
      "category": "car",
      "box2d": {
        "x1": 1231.132283,
        "y1": 393.306819,
        "x2": 1279.271398,
        "y2": 506.997073
      }
    },
    {
      "id": "39500",
      "attributes": {
        "occluded": true,
        "truncated": true,
        "trafficLightColor": "NA"
      },
      "category": "car",
      "box2d": {
        "x1": 1013.994142,
        "y1": 172.071733,
        "x2": 1278.247163,
        "y2": 262.204545
      }
    },
    {
      "id": "39501",
      "attributes": {
        "occluded": true,
        "truncated": false,
        "trafficLightColor": "NA"
      },
      "category": "car",
      "box2d": {
        "x1": 353.361595,
        "y1": 226.356268,
        "x2": 415.840021,
        "y2": 269.374203
      }
    },
    {
      "id": "39502",
      "attributes": {
        "occluded": true,
        "truncated": false,
        "trafficLightColor": "NA"
      },
      "category": "car",
      "box2d": {
        "x1": 326.731446,
        "y1": 219.186613,
        "x2": 359.507014,
        "y2": 245.81676
      }
    },
    {
      "id": "39503",
      "attributes": {
        "occluded": false,
        "truncated": true,
        "trafficLightColor": "G"
      },
      "category": "traffic light",
      "box2d": {
        "x1": 370.773615,
        "y1": 0.0,
        "x2": 393.306819,
        "y2": 17.41202
      }
    },
    {
      "id": "39504",
      "attributes": {
        "occluded": false,
        "truncated": true,
        "trafficLightColor": "NA"
      },
      "category": "traffic light",
      "box2d": {
        "x1": 353.361595,
        "y1": 1.024239,
        "x2": 366.67667,
        "y2": 21.508967
      }
    },
    {
      "id": "39505",
      "attributes": {
        "occluded": false,
        "truncated": true,
        "trafficLightColor": "NA"
      },
      "category": "traffic light",
      "box2d": {
        "x1": 395.355293,
        "y1": 2.048473,
        "x2": 415.840022,
        "y2": 24.581676
      }
    },
    {
      "id": "39506",
      "attributes": {
        "occluded": false,
        "truncated": false,
        "trafficLightColor": "R"
      },
      "category": "traffic light",
      "box2d": {
        "x1": 940.249114,
        "y1": 83.987395,
        "x2": 1005.260527731467,
        "y2": 131.01736745526713
      }
    }
  ],
  "attributes": {
    "weather": "undefined",
    "timeofday": "daytime",
    "scene": "residential"
  },
  "processing_info": {
    "processed_at": "2025-07-07T01:09:17.695960",
    "source": "bdd100k_complete_preprocessing_refactored"
  }
}