{
  "image_filename": "05e5a68e-f0e05a42.jpg",
  "video_name": "05e5a68e-f0e05a42.jpg",
  "frame_index": 0,
  "metadata": {
    "weather": "clear",
    "scene": "highway",
    "timeofday": "daytime"
  },
  "labels": [
    {
      "id": "39635",
      "attributes": {
        "occluded": true,
        "truncated": false,
        "trafficLightColor": "NA"
      },
      "category": "car",
      "box2d": {
        "x1": 586.542895,
        "y1": 347.78426,
        "x2": 595.524411,
        "y2": 354.769885
      }
    },
    {
      "id": "39636",
      "attributes": {
        "occluded": true,
        "truncated": false,
        "trafficLightColor": "NA"
      },
      "category": "car",
      "box2d": {
        "x1": 662.386809,
        "y1": 358.761668,
        "x2": 689.925540138415,
        "y2": 373.1017347009247
      }
    },
    {
      "id": "39637",
      "attributes": {
        "occluded": true,
        "truncated": false,
        "trafficLightColor": "NA"
      },
      "category": "car",
      "box2d": {
        "x1": 356.017316,
        "y1": 357.763722,
        "x2": 395.935163,
        "y2": 380.716484
      }
    },
    {
      "id": "39638",
      "attributes": {
        "occluded": true,
        "truncated": false,
        "trafficLightColor": "NA"
      },
      "category": "truck",
      "box2d": {
        "x1": 278.177511,
        "y1": 353.771937,
        "x2": 373.980346,
        "y2": 415.644604
      }
    },
    {
      "id": "39639",
      "attributes": {
        "occluded": true,
        "truncated": false,
        "trafficLightColor": "NA"
      },
      "category": "car",
      "box2d": {
        "x1": 233.269931,
        "y1": 364.749346,
        "x2": 268.198048,
        "y2": 378.720594
      }
    },
    {
      "id": "39640",
      "attributes": {
        "occluded": false,
        "truncated": false,
        "trafficLightColor": "NA"
      },
      "category": "car",
      "box2d": {
        "x1": 61.550411,
        "y1": 354.603561,
        "x2": 278.104743,
        "y2": 468.369432
      }
    },
    {
      "id": "39641",
      "attributes": {
        "occluded": false,
        "truncated": false,
        "trafficLightColor": "NA"
      },
      "category": "car",
      "box2d": {
        "x1": 580.482449,
        "y1": 368.574809,
        "x2": 726.182599,
        "y2": 490.32425
      }
    },
    {
      "id": "39642",
      "attributes": {
        "occluded": false,
        "truncated": false,
        "trafficLightColor": "NA"
      },
      "category": "car",
      "box2d": {
        "x1": 723.18876,
        "y1": 362.587132,
        "x2": 743.147683,
        "y2": 376.558379
      }
    },
    {
      "id": "39643",
      "attributes": {
        "occluded": false,
        "truncated": false,
        "trafficLightColor": "NA"
      },
      "category": "car",
      "box2d": {
        "x1": 732.170275,
        "y1": 368.574809,
        "x2": 806.018294,
        "y2": 422.463905
      }
    },
    {
      "id": "39644",
      "attributes": {
        "occluded": true,
        "truncated": false,
        "trafficLightColor": "NA"
      },
      "category": "car",
      "box2d": {
        "x1": 808.014189,
        "y1": 355.601508,
        "x2": 848.9329843071495,
        "y2": 375.7816354453416
      }
    },
    {
      "id": "39645",
      "attributes": {
        "occluded": true,
        "truncated": false,
        "trafficLightColor": "NA"
      },
      "category": "car",
      "box2d": {
        "x1": 903.817028,
        "y1": 360.591238,
        "x2": 923.775952,
        "y2": 379.552218
      }
    },
    {
      "id": "39646",
      "attributes": {
        "occluded": true,
        "truncated": false,
        "trafficLightColor": "NA"
      },
      "category": "car",
      "box2d": {
        "x1": 933.755413,
        "y1": 357.5974,
        "x2": 972.675315,
        "y2": 386.537839
      }
    },
    {
      "id": "39647",
      "attributes": {
        "occluded": false,
        "truncated": false,
        "trafficLightColor": "NA"
      },
      "category": "car",
      "box2d": {
        "x1": 908.806758,
        "y1": 362.587132,
        "x2": 963.6938,
        "y2": 394.521411
      }
    },
    {
      "id": "39648",
      "attributes": {
        "occluded": true,
        "truncated": false,
        "trafficLightColor": "NA"
      },
      "category": "car",
      "box2d": {
        "x1": 973.673262,
        "y1": 357.5974,
        "x2": 1015.587004,
        "y2": 382.546052
      }
    },
    {
      "id": "39649",
      "attributes": {
        "occluded": true,
        "truncated": false,
        "trafficLightColor": "NA"
      },
      "category": "car",
      "box2d": {
        "x1": 976.667102,
        "y1": 362.587132,
        "x2": 1020.576736,
        "y2": 394.521411
      }
    },
    {
      "id": "39650",
      "attributes": {
        "occluded": true,
        "truncated": false,
        "trafficLightColor": "NA"
      },
      "category": "car",
      "box2d": {
        "x1": 1026.231765,
        "y1": 347.950587,
        "x2": 1082.116751,
        "y2": 362.91978
      }
    },
    {
      "id": "39651",
      "attributes": {
        "occluded": true,
        "truncated": false,
        "trafficLightColor": "NA"
      },
      "category": "car",
      "box2d": {
        "x1": 1016.252303,
        "y1": 360.923886,
        "x2": 1066.149616,
        "y2": 389.864324
      }
    },
    {
      "id": "39652",
      "attributes": {
        "occluded": true,
        "truncated": false,
        "trafficLightColor": "NA"
      },
      "category": "car",
      "box2d": {
        "x1": 1054.17426,
        "y1": 353.938264,
        "x2": 1108.8833565155862,
        "y2": 382.92803743045323
      }
    },
    {
      "id": "39653",
      "attributes": {
        "occluded": false,
        "truncated": false,
        "trafficLightColor": "NA"
      },
      "category": "truck",
      "box2d": {
        "x1": 1118.042818,
        "y1": 349.946477,
        "x2": 1207.857978,
        "y2": 379.884866
      }
    },
    {
      "id": "39654",
      "attributes": {
        "occluded": true,
        "truncated": true,
        "trafficLightColor": "NA"
      },
      "category": "car",
      "box2d": {
        "x1": 1215.1860860441222,
        "y1": 356.1290299862845,
        "x2": 1238.4118924957352,
        "y2": 372.20843445278575
      }
    },
    {
      "id": "39655",
      "attributes": {
        "occluded": false,
        "truncated": true,
        "trafficLightColor": "NA"
      },
      "category": "car",
      "box2d": {
        "x1": 0.0,
        "y1": 547.872477,
        "x2": 31.934279,
        "y2": 700.55825
      }
    },
    {
      "id": "39656",
      "attributes": {
        "occluded": false,
        "truncated": false,
        "trafficLightColor": "NA"
      },
      "category": "traffic sign",
      "box2d": {
        "x1": 565.746407,
        "y1": 334.882238,
        "x2": 593.688904,
        "y2": 346.857592
      }
    },
    {
      "id": "39657",
      "attributes": {
        "occluded": false,
        "truncated": false,
        "trafficLightColor": "NA"
      },
      "category": "traffic sign",
      "box2d": {
        "x1": 743.380835,
        "y1": 336.878131,
        "x2": 762.341816,
        "y2": 352.845267
      }
    },
    {
      "id": "39658",
      "attributes": {
        "occluded": false,
        "truncated": false,
        "trafficLightColor": "NA"
      },
      "category": "traffic sign",
      "box2d": {
        "x1": 829.204211,
        "y1": 329.892508,
        "x2": 852.156974,
        "y2": 347.855538
      }
    },
    {
      "id": "39659",
      "attributes": {
        "occluded": true,
        "truncated": false,
        "trafficLightColor": "NA"
      },
      "category": "traffic sign",
      "box2d": {
        "x1": 838.185727,
        "y1": 318.915099,
        "x2": 857.146705,
        "y2": 338.874022
      }
    },
    {
      "id": "39660",
      "attributes": {
        "occluded": false,
        "truncated": false,
        "trafficLightColor": "NA"
      },
      "category": "traffic sign",
      "box2d": {
        "x1": 1126.082516,
        "y1": 333.31404,
        "x2": 1140.452937,
        "y2": 369.381064
      }
    },
    {
      "id": "39661",
      "attributes": {
        "occluded": true,
        "truncated": false,
        "trafficLightColor": "NA"
      },
      "category": "car",
      "box2d": {
        "x1": 28.992142,
        "y1": 390.0744394155649,
        "x2": 71.7617684262562,
        "y2": 434.882124
      }
    },
    {
      "id": "39662",
      "attributes": {
        "occluded": true,
        "truncated": true,
        "trafficLightColor": "NA"
      },
      "category": "car",
      "box2d": {
        "x1": 0.0,
        "y1": 350.957504,
        "x2": 64.087892,
        "y2": 390.630961
      }
    },
    {
      "id": "39663",
      "attributes": {
        "occluded": true,
        "truncated": false,
        "crowd": false,
        "trafficLightColor": "NA"
      },
      "category": "car",
      "box2d": {
        "x1": 452.3076741334522,
        "y1": 363.2754319713962,
        "x2": 479.106681577621,
        "y2": 377.5682359416195
      }
    },
    {
      "id": "39664",
      "attributes": {
        "occluded": true,
        "truncated": false,
        "crowd": false,
        "trafficLightColor": "NA"
      },
      "category": "car",
      "box2d": {
        "x1": 469.2803788480924,
        "y1": 361.4888314751183,
        "x2": 498.759287036678,
        "y2": 393.6476404081207
      }
    },
    {
      "id": "39665",
      "attributes": {
        "occluded": true,
        "truncated": false,
        "crowd": false,
        "trafficLightColor": "NA"
      },
      "category": "car",
      "box2d": {
        "x1": 480.8932820738989,
        "y1": 365.0620324676741,
        "x2": 552.3573019250155,
        "y2": 415.98014661159465
      }
    },
    {
      "id": "39666",
      "attributes": {
        "occluded": true,
        "truncated": false,
        "crowd": false,
        "trafficLightColor": "NA"
      },
      "category": "car",
      "box2d": {
        "x1": 538.0644979547922,
        "y1": 365.0620324676741,
        "x2": 580.9429098654622,
        "y2": 402.58064288951033
      }
    },
    {
      "id": "39667",
      "attributes": {
        "occluded": true,
        "truncated": false,
        "crowd": false,
        "trafficLightColor": "NA"
      },
      "category": "car",
      "box2d": {
        "x1": 572.9032076322115,
        "y1": 362.3821317232572,
        "x2": 601.4888155726582,
        "y2": 387.39453867114804
      }
    },
    {
      "id": "39668",
      "attributes": {
        "occluded": true,
        "truncated": false,
        "crowd": false,
        "trafficLightColor": "NA"
      },
      "category": "car",
      "box2d": {
        "x1": 594.3424135875465,
        "y1": 358.8089307307014,
        "x2": 614.8883192947426,
        "y2": 373.1017347009247
      }
    },
    {
      "id": "39669",
      "attributes": {
        "occluded": true,
        "truncated": false,
        "crowd": false,
        "trafficLightColor": "NA"
      },
      "category": "car",
      "box2d": {
        "x1": 344.21834410863835,
        "y1": 365.0620324676741,
        "x2": 494.29278579598326,
        "y2": 455.2853575297088
      }
    },
    {
      "id": "39670",
      "attributes": {
        "occluded": true,
        "truncated": false,
        "crowd": false,
        "trafficLightColor": "NA"
      },
      "category": "car",
      "box2d": {
        "x1": 609.5285178059088,
        "y1": 352.55582899372865,
        "x2": 665.8064334386631,
        "y2": 373.1017347009247
      }
    }
  ],
  "attributes": {
    "weather": "clear",
    "timeofday": "daytime",
    "scene": "highway"
  },
  "processing_info": {
    "processed_at": "2025-07-07T01:09:17.371921",
    "source": "bdd100k_complete_preprocessing_refactored"
  }
}