{
  "image_filename": "05f899e8-b72038aa.jpg",
  "video_name": "05f899e8-b72038aa.jpg",
  "frame_index": 0,
  "metadata": {
    "weather": "overcast",
    "scene": "highway",
    "timeofday": "daytime"
  },
  "labels": [
    {
      "id": "40211",
      "attributes": {
        "occluded": false,
        "truncated": false,
        "trafficLightColor": "NA"
      },
      "category": "truck",
      "box2d": {
        "x1": 112.291564,
        "y1": 314.621054,
        "x2": 126.359985,
        "y2": 335.084212
      }
    },
    {
      "id": "40212",
      "attributes": {
        "occluded": false,
        "truncated": false,
        "trafficLightColor": "NA"
      },
      "category": "car",
      "box2d": {
        "x1": 140.428406,
        "y1": 317.178949,
        "x2": 151.938934,
        "y2": 326.131582
      }
    },
    {
      "id": "40213",
      "attributes": {
        "occluded": false,
        "truncated": false,
        "trafficLightColor": "NA"
      },
      "category": "car",
      "box2d": {
        "x1": 158.333669,
        "y1": 319.736844,
        "x2": 169.844196,
        "y2": 328.689476
      }
    },
    {
      "id": "40214",
      "attributes": {
        "occluded": false,
        "truncated": false,
        "trafficLightColor": "NA"
      },
      "category": "car",
      "box2d": {
        "x1": 177.51788,
        "y1": 324.852633,
        "x2": 192.865248,
        "y2": 337.642108
      }
    },
    {
      "id": "40215",
      "attributes": {
        "occluded": true,
        "truncated": false,
        "trafficLightColor": "NA"
      },
      "category": "car",
      "box2d": {
        "x1": 134.033669,
        "y1": 326.131581,
        "x2": 144.265248,
        "y2": 338.921054
      }
    },
    {
      "id": "40216",
      "attributes": {
        "occluded": true,
        "truncated": false,
        "trafficLightColor": "NA"
      },
      "category": "car",
      "box2d": {
        "x1": 145.544196,
        "y1": 326.131581,
        "x2": 155.775776,
        "y2": 338.921054
      }
    },
    {
      "id": "40217",
      "attributes": {
        "occluded": true,
        "truncated": false,
        "trafficLightColor": "NA"
      },
      "category": "car",
      "box2d": {
        "x1": 149.381038,
        "y1": 329.968423,
        "x2": 164.728405,
        "y2": 344.036843
      }
    },
    {
      "id": "40218",
      "attributes": {
        "occluded": true,
        "truncated": false,
        "trafficLightColor": "NA"
      },
      "category": "car",
      "box2d": {
        "x1": 162.170512,
        "y1": 337.642107,
        "x2": 178.796827,
        "y2": 347.873686
      }
    },
    {
      "id": "40219",
      "attributes": {
        "occluded": true,
        "truncated": false,
        "trafficLightColor": "NA"
      },
      "category": "car",
      "box2d": {
        "x1": 36.833669,
        "y1": 340.200002,
        "x2": 68.807353,
        "y2": 355.547371
      }
    },
    {
      "id": "40220",
      "attributes": {
        "occluded": true,
        "truncated": false,
        "trafficLightColor": "NA"
      },
      "category": "car",
      "box2d": {
        "x1": 122.523144,
        "y1": 341.478949,
        "x2": 155.775776,
        "y2": 369.615792
      }
    },
    {
      "id": "40221",
      "attributes": {
        "occluded": true,
        "truncated": false,
        "trafficLightColor": "NA"
      },
      "category": "truck",
      "box2d": {
        "x1": 205.654722,
        "y1": 309.505265,
        "x2": 222.281038,
        "y2": 324.852632
      }
    },
    {
      "id": "40222",
      "attributes": {
        "occluded": true,
        "truncated": false,
        "trafficLightColor": "NA"
      },
      "category": "car",
      "box2d": {
        "x1": 215.886301,
        "y1": 317.178949,
        "x2": 231.23367,
        "y2": 329.968423
      }
    },
    {
      "id": "40223",
      "attributes": {
        "occluded": true,
        "truncated": false,
        "trafficLightColor": "NA"
      },
      "category": "car",
      "box2d": {
        "x1": 246.581038,
        "y1": 319.736844,
        "x2": 261.928406,
        "y2": 333.805265
      }
    },
    {
      "id": "40224",
      "attributes": {
        "occluded": true,
        "truncated": false,
        "trafficLightColor": "NA"
      },
      "category": "car",
      "box2d": {
        "x1": 254.254723,
        "y1": 329.968423,
        "x2": 268.323144,
        "y2": 340.200002
      }
    },
    {
      "id": "40225",
      "attributes": {
        "occluded": true,
        "truncated": false,
        "trafficLightColor": "NA"
      },
      "category": "car",
      "box2d": {
        "x1": 270.881038,
        "y1": 322.294739,
        "x2": 284.949459,
        "y2": 335.084213
      }
    },
    {
      "id": "40226",
      "attributes": {
        "occluded": true,
        "truncated": false,
        "trafficLightColor": "NA"
      },
      "category": "car",
      "box2d": {
        "x1": 260.649459,
        "y1": 317.178949,
        "x2": 273.438934,
        "y2": 328.689476
      }
    },
    {
      "id": "40227",
      "attributes": {
        "occluded": true,
        "truncated": false,
        "trafficLightColor": "NA"
      },
      "category": "car",
      "box2d": {
        "x1": 290.065249,
        "y1": 324.852633,
        "x2": 302.854723,
        "y2": 335.084214
      }
    },
    {
      "id": "40228",
      "attributes": {
        "occluded": true,
        "truncated": false,
        "trafficLightColor": "NA"
      },
      "category": "car",
      "box2d": {
        "x1": 195.423144,
        "y1": 336.36316,
        "x2": 222.28104,
        "y2": 350.431581
      }
    },
    {
      "id": "40229",
      "attributes": {
        "occluded": true,
        "truncated": false,
        "trafficLightColor": "NA"
      },
      "category": "car",
      "box2d": {
        "x1": 361.686302,
        "y1": 337.642107,
        "x2": 382.149459,
        "y2": 347.873686
      }
    },
    {
      "id": "40230",
      "attributes": {
        "occluded": true,
        "truncated": false,
        "trafficLightColor": "NA"
      },
      "category": "car",
      "box2d": {
        "x1": 398.775776,
        "y1": 340.200002,
        "x2": 423.075776,
        "y2": 356.826318
      }
    },
    {
      "id": "40231",
      "attributes": {
        "occluded": false,
        "truncated": false,
        "trafficLightColor": "NA"
      },
      "category": "car",
      "box2d": {
        "x1": 226.11788,
        "y1": 327.410528,
        "x2": 242.744195,
        "y2": 345.31579
      }
    },
    {
      "id": "40232",
      "attributes": {
        "occluded": false,
        "truncated": false,
        "trafficLightColor": "NA"
      },
      "category": "car",
      "box2d": {
        "x1": 245.302091,
        "y1": 335.084212,
        "x2": 263.207353,
        "y2": 349.152632
      }
    },
    {
      "id": "40233",
      "attributes": {
        "occluded": false,
        "truncated": false,
        "trafficLightColor": "NA"
      },
      "category": "car",
      "box2d": {
        "x1": 269.602091,
        "y1": 337.642107,
        "x2": 288.786301,
        "y2": 354.268423
      }
    },
    {
      "id": "40234",
      "attributes": {
        "occluded": false,
        "truncated": false,
        "trafficLightColor": "NA"
      },
      "category": "car",
      "box2d": {
        "x1": 393.659986,
        "y1": 347.873686,
        "x2": 451.212617,
        "y2": 391.357897
      }
    },
    {
      "id": "40235",
      "attributes": {
        "occluded": false,
        "truncated": false,
        "trafficLightColor": "NA"
      },
      "category": "car",
      "box2d": {
        "x1": 167.286301,
        "y1": 345.315791,
        "x2": 203.096828,
        "y2": 368.336844
      }
    },
    {
      "id": "40236",
      "attributes": {
        "occluded": false,
        "truncated": false,
        "trafficLightColor": "NA"
      },
      "category": "car",
      "box2d": {
        "x1": 205.654722,
        "y1": 346.594739,
        "x2": 247.859985,
        "y2": 376.010529
      }
    },
    {
      "id": "40237",
      "attributes": {
        "occluded": false,
        "truncated": false,
        "trafficLightColor": "NA"
      },
      "category": "truck",
      "box2d": {
        "x1": 54.738932,
        "y1": 335.084212,
        "x2": 135.312618,
        "y2": 382.405265
      }
    },
    {
      "id": "40238",
      "attributes": {
        "occluded": false,
        "truncated": false,
        "trafficLightColor": "NA"
      },
      "category": "truck",
      "box2d": {
        "x1": 302.854723,
        "y1": 322.294739,
        "x2": 334.828407,
        "y2": 355.547372
      }
    },
    {
      "id": "40239",
      "attributes": {
        "occluded": false,
        "truncated": false,
        "trafficLightColor": "NA"
      },
      "category": "traffic sign",
      "box2d": {
        "x1": 186.615944,
        "y1": 287.408513,
        "x2": 217.165249,
        "y2": 304.389475
      }
    },
    {
      "id": "40240",
      "attributes": {
        "occluded": false,
        "truncated": false,
        "trafficLightColor": "NA"
      },
      "category": "traffic sign",
      "box2d": {
        "x1": 247.859986,
        "y1": 289.042107,
        "x2": 287.408513,
        "y2": 305.668423
      }
    },
    {
      "id": "40241",
      "attributes": {
        "occluded": false,
        "truncated": false,
        "trafficLightColor": "NA"
      },
      "category": "traffic sign",
      "box2d": {
        "x1": 366.246265,
        "y1": 306.369492,
        "x2": 396.217881,
        "y2": 321.015791
      }
    },
    {
      "id": "40242",
      "attributes": {
        "occluded": true,
        "truncated": false,
        "trafficLightColor": "NA"
      },
      "category": "traffic sign",
      "box2d": {
        "x1": 294.394137,
        "y1": 292.398244,
        "x2": 308.365384,
        "y2": 299.383868
      }
    }
  ],
  "attributes": {
    "weather": "overcast",
    "timeofday": "daytime",
    "scene": "highway"
  },
  "processing_info": {
    "processed_at": "2025-07-07T01:09:17.279566",
    "source": "bdd100k_complete_preprocessing_refactored"
  }
}