{
  "image_filename": "05faab83-7761d124.jpg",
  "video_name": "05faab83-7761d124.jpg",
  "frame_index": 0,
  "metadata": {
    "weather": "clear",
    "scene": "highway",
    "timeofday": "daytime"
  },
  "labels": [
    {
      "id": "40309",
      "attributes": {
        "occluded": true,
        "truncated": false,
        "trafficLightColor": "NA"
      },
      "category": "car",
      "box2d": {
        "x1": 217.919376,
        "y1": 329.399768,
        "x2": 238.169363,
        "y2": 342.899759
      }
    },
    {
      "id": "40310",
      "attributes": {
        "occluded": true,
        "truncated": false,
        "trafficLightColor": "NA"
      },
      "category": "car",
      "box2d": {
        "x1": 175.731905,
        "y1": 326.02477,
        "x2": 212.85688,
        "y2": 341.212259
      }
    },
    {
      "id": "40311",
      "attributes": {
        "occluded": true,
        "truncated": false,
        "trafficLightColor": "NA"
      },
      "category": "car",
      "box2d": {
        "x1": 138.606931,
        "y1": 327.71227,
        "x2": 167.294411,
        "y2": 345.409427008617
      }
    },
    {
      "id": "40312",
      "attributes": {
        "occluded": true,
        "truncated": false,
        "trafficLightColor": "NA"
      },
      "category": "car",
      "box2d": {
        "x1": 366.419274,
        "y1": 329.399768,
        "x2": 388.356759,
        "y2": 349.649755
      }
    },
    {
      "id": "40313",
      "attributes": {
        "occluded": true,
        "truncated": false,
        "trafficLightColor": "NA"
      },
      "category": "car",
      "box2d": {
        "x1": 275.294336,
        "y1": 332.774765,
        "x2": 290.481825,
        "y2": 346.274757
      }
    },
    {
      "id": "40314",
      "attributes": {
        "occluded": false,
        "truncated": false,
        "trafficLightColor": "NA"
      },
      "category": "car",
      "box2d": {
        "x1": 287.106829,
        "y1": 334.462265,
        "x2": 305.669316,
        "y2": 346.274758
      }
    },
    {
      "id": "40315",
      "attributes": {
        "occluded": false,
        "truncated": false,
        "trafficLightColor": "NA"
      },
      "category": "car",
      "box2d": {
        "x1": 243.231859,
        "y1": 331.087267,
        "x2": 280.356833,
        "y2": 356.399749
      }
    },
    {
      "id": "40316",
      "attributes": {
        "occluded": false,
        "truncated": false,
        "trafficLightColor": "NA"
      },
      "category": "car",
      "box2d": {
        "x1": 307.356815,
        "y1": 324.337272,
        "x2": 354.606783,
        "y2": 363.149744
      }
    },
    {
      "id": "40317",
      "attributes": {
        "occluded": false,
        "truncated": false,
        "trafficLightColor": "NA"
      },
      "category": "car",
      "box2d": {
        "x1": 386.66926,
        "y1": 332.774765,
        "x2": 427.169233,
        "y2": 363.149744
      }
    },
    {
      "id": "40318",
      "attributes": {
        "occluded": false,
        "truncated": false,
        "trafficLightColor": "NA"
      },
      "category": "car",
      "box2d": {
        "x1": 460.919209,
        "y1": 327.71227,
        "x2": 584.106626,
        "y2": 415.462209
      }
    }
  ],
  "attributes": {
    "weather": "clear",
    "timeofday": "daytime",
    "scene": "highway"
  },
  "processing_info": {
    "processed_at": "2025-07-07T01:09:15.769881",
    "source": "bdd100k_complete_preprocessing_refactored"
  }
}