{
  "image_filename": "06086d96-9282b1aa.jpg",
  "video_name": "06086d96-9282b1aa.jpg",
  "frame_index": 0,
  "metadata": {
    "weather": "rainy",
    "scene": "city street",
    "timeofday": "daytime"
  },
  "labels": [
    {
      "id": "40706",
      "attributes": {
        "occluded": false,
        "truncated": false,
        "trafficLightColor": "NA"
      },
      "category": "pedestrian",
      "box2d": {
        "x1": 955.779597,
        "y1": 355.609902,
        "x2": 1013.176283,
        "y2": 486.624077
      }
    },
    {
      "id": "40707",
      "attributes": {
        "occluded": true,
        "truncated": false,
        "trafficLightColor": "NA"
      },
      "category": "pedestrian",
      "box2d": {
        "x1": 1041.874626,
        "y1": 358.10541,
        "x2": 1075.563985,
        "y2": 496.606109
      }
    },
    {
      "id": "40708",
      "attributes": {
        "occluded": false,
        "truncated": false,
        "trafficLightColor": "NA"
      },
      "category": "traffic sign",
      "box2d": {
        "x1": 1044.370134,
        "y1": 56.148932,
        "x2": 1115.492114,
        "y2": 114.793372
      }
    },
    {
      "id": "40709",
      "attributes": {
        "occluded": false,
        "truncated": false,
        "trafficLightColor": "NA"
      },
      "category": "traffic sign",
      "box2d": {
        "x1": 1084.7642498158343,
        "y1": 120.29776447759964,
        "x2": 1140.447195,
        "y2": 164.703534
      }
    },
    {
      "id": "40710",
      "attributes": {
        "occluded": true,
        "truncated": true,
        "trafficLightColor": "NA"
      },
      "category": "car",
      "box2d": {
        "x1": 1.247754,
        "y1": 308.195249,
        "x2": 150.978239,
        "y2": 480.385305
      }
    },
    {
      "id": "40711",
      "attributes": {
        "occluded": false,
        "truncated": true,
        "trafficLightColor": "NA"
      },
      "category": "truck",
      "box2d": {
        "x1": 107.306848,
        "y1": 3.743262,
        "x2": 968.2571369999998,
        "y2": 642.593332
      }
    },
    {
      "id": "40712",
      "attributes": {
        "occluded": false,
        "truncated": false,
        "crowd": false,
        "trafficLightColor": "NA"
      },
      "category": "traffic sign",
      "box2d": {
        "x1": 1032.9528354237748,
        "y1": 122.08436497387756,
        "x2": 1074.044646838167,
        "y2": 144.4168711773515
      }
    }
  ],
  "attributes": {
    "weather": "rainy",
    "timeofday": "daytime",
    "scene": "city street"
  },
  "processing_info": {
    "processed_at": "2025-07-07T01:09:15.156247",
    "source": "bdd100k_complete_preprocessing_refactored"
  }
}