{
  "image_filename": "060b8e4f-d05f9e18.jpg",
  "video_name": "060b8e4f-d05f9e18.jpg",
  "frame_index": 0,
  "metadata": {
    "weather": "rainy",
    "scene": "undefined",
    "timeofday": "undefined"
  },
  "labels": [
    {
      "id": "40788",
      "attributes": {
        "occluded": true,
        "truncated": false,
        "trafficLightColor": "NA"
      },
      "category": "car",
      "box2d": {
        "x1": 268.544343,
        "y1": 89.774932,
        "x2": 369.794272,
        "y2": 157.274887
      }
    },
    {
      "id": "40789",
      "attributes": {
        "occluded": true,
        "truncated": false,
        "trafficLightColor": "NA"
      },
      "category": "car",
      "box2d": {
        "x1": 361.356778,
        "y1": 103.274924,
        "x2": 410.294244,
        "y2": 148.837392
      }
    },
    {
      "id": "40790",
      "attributes": {
        "occluded": true,
        "truncated": false,
        "trafficLightColor": "NA"
      },
      "category": "car",
      "box2d": {
        "x1": 933.418884,
        "y1": 76.274942,
        "x2": 1009.356332,
        "y2": 126.899909
      }
    },
    {
      "id": "40791",
      "attributes": {
        "occluded": true,
        "truncated": false,
        "trafficLightColor": "NA"
      },
      "category": "car",
      "box2d": {
        "x1": 430.544231,
        "y1": 25.649977,
        "x2": 687.044055,
        "y2": 219.712345
      }
    }
  ],
  "attributes": {
    "weather": "rainy",
    "timeofday": "undefined",
    "scene": "undefined"
  },
  "processing_info": {
    "processed_at": "2025-07-07T01:09:13.185664",
    "source": "bdd100k_complete_preprocessing_refactored"
  }
}