{
  "image_filename": "0631bd6c-14480fea.jpg",
  "video_name": "0631bd6c-14480fea.jpg",
  "frame_index": 0,
  "metadata": {
    "weather": "overcast",
    "scene": "highway",
    "timeofday": "daytime"
  },
  "labels": [
    {
      "id": "41801",
      "attributes": {
        "occluded": false,
        "truncated": false,
        "trafficLightColor": "G"
      },
      "category": "traffic light",
      "box2d": {
        "x1": 402.347822,
        "y1": 263.19913,
        "x2": 418.262188,
        "y2": 307.269682
      }
    },
    {
      "id": "41802",
      "attributes": {
        "occluded": false,
        "truncated": false,
        "trafficLightColor": "G"
      },
      "category": "traffic light",
      "box2d": {
        "x1": 951.597487,
        "y1": 358.685326,
        "x2": 966.287672,
        "y2": 386.841512
      }
    },
    {
      "id": "41803",
      "attributes": {
        "occluded": false,
        "truncated": false,
        "trafficLightColor": "G"
      },
      "category": "traffic light",
      "box2d": {
        "x1": 1232.34324,
        "y1": 265.239439,
        "x2": 1248.257606,
        "y2": 297.068171
      }
    },
    {
      "id": "41804",
      "attributes": {
        "occluded": false,
        "truncated": false,
        "trafficLightColor": "NA"
      },
      "category": "traffic light",
      "box2d": {
        "x1": 419.486373,
        "y1": 264.423313,
        "x2": 436.62492,
        "y2": 307.269681
      }
    },
    {
      "id": "41805",
      "attributes": {
        "occluded": false,
        "truncated": false,
        "trafficLightColor": "NA"
      },
      "category": "traffic light",
      "box2d": {
        "x1": 383.985095,
        "y1": 264.423313,
        "x2": 402.347825,
        "y2": 295.027863
      }
    },
    {
      "id": "41806",
      "attributes": {
        "occluded": false,
        "truncated": false,
        "trafficLightColor": "NA"
      },
      "category": "traffic sign",
      "box2d": {
        "x1": 190.972394,
        "y1": 376.640001,
        "x2": 222.801126,
        "y2": 387.657639
      }
    },
    {
      "id": "41807",
      "attributes": {
        "occluded": false,
        "truncated": false,
        "trafficLightColor": "NA"
      },
      "category": "traffic sign",
      "box2d": {
        "x1": 231.370398,
        "y1": 387.657641,
        "x2": 243.612218,
        "y2": 399.899461
      }
    },
    {
      "id": "41808",
      "attributes": {
        "occluded": false,
        "truncated": false,
        "trafficLightColor": "NA"
      },
      "category": "traffic sign",
      "box2d": {
        "x1": 1019.335572,
        "y1": 400.307514,
        "x2": 1041.370848,
        "y2": 416.22188
      }
    },
    {
      "id": "41809",
      "attributes": {
        "occluded": false,
        "truncated": false,
        "trafficLightColor": "NA"
      },
      "category": "traffic sign",
      "box2d": {
        "x1": 287.682769,
        "y1": 479.879344,
        "x2": 296.252046,
        "y2": 500.69044
      }
    },
    {
      "id": "41810",
      "attributes": {
        "occluded": true,
        "truncated": false,
        "trafficLightColor": "NA"
      },
      "category": "car",
      "box2d": {
        "x1": 463.96498,
        "y1": 492.121165,
        "x2": 474.982616,
        "y2": 501.914621
      }
    },
    {
      "id": "41811",
      "attributes": {
        "occluded": true,
        "truncated": false,
        "trafficLightColor": "NA"
      },
      "category": "car",
      "box2d": {
        "x1": 434.58461,
        "y1": 488.448618,
        "x2": 467.637524,
        "y2": 517.828986
      }
    },
    {
      "id": "41812",
      "attributes": {
        "occluded": true,
        "truncated": false,
        "trafficLightColor": "NA"
      },
      "category": "car",
      "box2d": {
        "x1": 235.042943,
        "y1": 505.587167,
        "x2": 299.924589,
        "y2": 543.53681
      }
    },
    {
      "id": "41813",
      "attributes": {
        "occluded": true,
        "truncated": false,
        "trafficLightColor": "NA"
      },
      "category": "car",
      "box2d": {
        "x1": 88.141105,
        "y1": 508.035531,
        "x2": 176.282209,
        "y2": 566.796265
      }
    },
    {
      "id": "41814",
      "attributes": {
        "occluded": true,
        "truncated": false,
        "trafficLightColor": "NA"
      },
      "category": "car",
      "box2d": {
        "x1": 39.173824,
        "y1": 512.932258,
        "x2": 82.020194,
        "y2": 534.967533
      }
    },
    {
      "id": "41815",
      "attributes": {
        "occluded": true,
        "truncated": false,
        "trafficLightColor": "NA"
      },
      "category": "car",
      "box2d": {
        "x1": 672.075919,
        "y1": 481.103527,
        "x2": 680.645193,
        "y2": 492.121165
      }
    },
    {
      "id": "41816",
      "attributes": {
        "occluded": true,
        "truncated": false,
        "trafficLightColor": "NA"
      },
      "category": "car",
      "box2d": {
        "x1": 778.579753,
        "y1": 474.982618,
        "x2": 793.269938,
        "y2": 487.224438
      }
    },
    {
      "id": "41817",
      "attributes": {
        "occluded": true,
        "truncated": false,
        "trafficLightColor": "NA"
      },
      "category": "car",
      "box2d": {
        "x1": 799.390846,
        "y1": 473.758435,
        "x2": 817.753576,
        "y2": 489.672801
      }
    },
    {
      "id": "41818",
      "attributes": {
        "occluded": true,
        "truncated": false,
        "trafficLightColor": "NA"
      },
      "category": "car",
      "box2d": {
        "x1": 818.977759,
        "y1": 472.534253,
        "x2": 837.340489,
        "y2": 488.448618
      }
    },
    {
      "id": "41819",
      "attributes": {
        "occluded": true,
        "truncated": false,
        "trafficLightColor": "NA"
      },
      "category": "car",
      "box2d": {
        "x1": 843.461398,
        "y1": 470.085889,
        "x2": 866.720857,
        "y2": 489.672801
      }
    },
    {
      "id": "41820",
      "attributes": {
        "occluded": true,
        "truncated": false,
        "trafficLightColor": "NA"
      },
      "category": "car",
      "box2d": {
        "x1": 892.428679,
        "y1": 461.516616,
        "x2": 924.257411,
        "y2": 488.448621
      }
    },
    {
      "id": "41821",
      "attributes": {
        "occluded": true,
        "truncated": false,
        "trafficLightColor": "NA"
      },
      "category": "car",
      "box2d": {
        "x1": 925.481592,
        "y1": 462.740797,
        "x2": 962.207054,
        "y2": 486.000255
      }
    },
    {
      "id": "41822",
      "attributes": {
        "occluded": true,
        "truncated": false,
        "trafficLightColor": "NA"
      },
      "category": "car",
      "box2d": {
        "x1": 970.776326,
        "y1": 452.947341,
        "x2": 1012.398513,
        "y2": 487.224435
      }
    },
    {
      "id": "41823",
      "attributes": {
        "occluded": true,
        "truncated": false,
        "trafficLightColor": "NA"
      },
      "category": "car",
      "box2d": {
        "x1": 1038.106337,
        "y1": 448.050612,
        "x2": 1074.831799,
        "y2": 482.327707
      }
    },
    {
      "id": "41824",
      "attributes": {
        "occluded": true,
        "truncated": false,
        "trafficLightColor": "NA"
      },
      "category": "car",
      "box2d": {
        "x1": 1156.117511,
        "y1": 454.171523,
        "x2": 1194.067153,
        "y2": 481.103527
      }
    },
    {
      "id": "41825",
      "attributes": {
        "occluded": true,
        "truncated": false,
        "trafficLightColor": "NA"
      },
      "category": "car",
      "box2d": {
        "x1": 1131.633872,
        "y1": 441.929703,
        "x2": 1162.238422,
        "y2": 489.672801
      }
    },
    {
      "id": "41826",
      "attributes": {
        "occluded": true,
        "truncated": false,
        "trafficLightColor": "NA"
      },
      "category": "car",
      "box2d": {
        "x1": 578.30357,
        "y1": 488.448618,
        "x2": 590.54539,
        "y2": 498.242074
      }
    },
    {
      "id": "41827",
      "attributes": {
        "occluded": false,
        "truncated": false,
        "trafficLightColor": "NA"
      },
      "category": "car",
      "box2d": {
        "x1": 347.667688,
        "y1": 488.448618,
        "x2": 444.378067,
        "y2": 550.881901
      }
    },
    {
      "id": "41828",
      "attributes": {
        "occluded": false,
        "truncated": false,
        "trafficLightColor": "NA"
      },
      "category": "car",
      "box2d": {
        "x1": 463.96498,
        "y1": 471.310071,
        "x2": 548.433537,
        "y2": 539.864263
      }
    },
    {
      "id": "41829",
      "attributes": {
        "occluded": false,
        "truncated": false,
        "trafficLightColor": "NA"
      },
      "category": "car",
      "box2d": {
        "x1": 673.300101,
        "y1": 477.430982,
        "x2": 708.801378,
        "y2": 505.587167
      }
    },
    {
      "id": "41830",
      "attributes": {
        "occluded": false,
        "truncated": false,
        "trafficLightColor": "NA"
      },
      "category": "car",
      "box2d": {
        "x1": 563.123721,
        "y1": 488.448618,
        "x2": 576.589723,
        "y2": 499.466256
      }
    },
    {
      "id": "41831",
      "attributes": {
        "occluded": false,
        "truncated": false,
        "trafficLightColor": "NA"
      },
      "category": "car",
      "box2d": {
        "x1": 654.93737,
        "y1": 477.430982,
        "x2": 664.730825,
        "y2": 486.000255
      }
    },
    {
      "id": "41832",
      "attributes": {
        "occluded": false,
        "truncated": false,
        "trafficLightColor": "NA"
      },
      "category": "car",
      "box2d": {
        "x1": 711.249744,
        "y1": 482.327708,
        "x2": 721.0432,
        "y2": 492.121165
      }
    },
    {
      "id": "41833",
      "attributes": {
        "occluded": false,
        "truncated": false,
        "trafficLightColor": "NA"
      },
      "category": "car",
      "box2d": {
        "x1": 1071.465298,
        "y1": 429.075792,
        "x2": 1153.485492,
        "y2": 503.750892
      }
    },
    {
      "id": "41834",
      "attributes": {
        "occluded": false,
        "truncated": true,
        "trafficLightColor": "NA"
      },
      "category": "car",
      "box2d": {
        "x1": 1200.004406,
        "y1": 442.847839,
        "x2": 1279.576236,
        "y2": 480.797481
      }
    },
    {
      "id": "41835",
      "attributes": {
        "occluded": false,
        "truncated": true,
        "trafficLightColor": "NA"
      },
      "category": "car",
      "box2d": {
        "x1": 0.0,
        "y1": 516.298758,
        "x2": 79.57183,
        "y2": 590.0678426051561
      }
    }
  ],
  "attributes": {
    "weather": "overcast",
    "timeofday": "daytime",
    "scene": "highway"
  },
  "processing_info": {
    "processed_at": "2025-07-07T01:09:13.746275",
    "source": "bdd100k_complete_preprocessing_refactored"
  }
}