{
  "image_filename": "064c84ab-5560b5a4.jpg",
  "video_name": "064c84ab-5560b5a4.jpg",
  "frame_index": 0,
  "metadata": {
    "weather": "clear",
    "scene": "residential",
    "timeofday": "daytime"
  },
  "labels": [
    {
      "id": "42325",
      "attributes": {
        "occluded": false,
        "truncated": true,
        "trafficLightColor": "NA"
      },
      "category": "car",
      "box2d": {
        "x1": 2.152815,
        "y1": 392.351882,
        "x2": 40.903619,
        "y2": 460.165788
      }
    },
    {
      "id": "42326",
      "attributes": {
        "occluded": true,
        "truncated": true,
        "trafficLightColor": "NA"
      },
      "category": "car",
      "box2d": {
        "x1": 1226.032351,
        "y1": 366.518013,
        "x2": 1277.700089,
        "y2": 419.800369
      }
    },
    {
      "id": "42327",
      "attributes": {
        "occluded": false,
        "truncated": false,
        "trafficLightColor": "NA"
      },
      "category": "traffic sign",
      "box2d": {
        "x1": 454.245519,
        "y1": 336.378492,
        "x2": 467.162454,
        "y2": 352.52466
      }
    },
    {
      "id": "42328",
      "attributes": {
        "occluded": false,
        "truncated": false,
        "trafficLightColor": "NA"
      },
      "category": "traffic sign",
      "box2d": {
        "x1": 454.245519,
        "y1": 349.295427,
        "x2": 467.162454,
        "y2": 365.441595
      }
    },
    {
      "id": "42329",
      "attributes": {
        "occluded": true,
        "truncated": false,
        "trafficLightColor": "NA"
      },
      "category": "traffic sign",
      "box2d": {
        "x1": 431.640883,
        "y1": 334.225678,
        "x2": 451.016284,
        "y2": 361.674164
      }
    },
    {
      "id": "42330",
      "attributes": {
        "occluded": true,
        "truncated": false,
        "trafficLightColor": "NA"
      },
      "category": "car",
      "box2d": {
        "x1": 654.458002,
        "y1": 413.341902,
        "x2": 670.60417,
        "y2": 424.644221
      }
    },
    {
      "id": "42331",
      "attributes": {
        "occluded": true,
        "truncated": false,
        "trafficLightColor": "NA"
      },
      "category": "car",
      "box2d": {
        "x1": 635.082601,
        "y1": 405.268819,
        "x2": 651.228769,
        "y2": 424.64422
      }
    },
    {
      "id": "42332",
      "attributes": {
        "occluded": true,
        "truncated": false,
        "trafficLightColor": "NA"
      },
      "category": "car",
      "box2d": {
        "x1": 599.561031,
        "y1": 398.81035,
        "x2": 638.311835,
        "y2": 424.644221
      }
    },
    {
      "id": "42333",
      "attributes": {
        "occluded": true,
        "truncated": false,
        "trafficLightColor": "NA"
      },
      "category": "car",
      "box2d": {
        "x1": 560.810227,
        "y1": 402.039584,
        "x2": 606.019499,
        "y2": 427.873453
      }
    },
    {
      "id": "42334",
      "attributes": {
        "occluded": true,
        "truncated": false,
        "trafficLightColor": "NA"
      },
      "category": "car",
      "box2d": {
        "x1": 857.89972,
        "y1": 405.268819,
        "x2": 877.275121,
        "y2": 419.800369
      }
    },
    {
      "id": "42335",
      "attributes": {
        "occluded": true,
        "truncated": false,
        "trafficLightColor": "NA"
      },
      "category": "car",
      "box2d": {
        "x1": 886.962823,
        "y1": 402.039584,
        "x2": 906.338225,
        "y2": 419.800369
      }
    },
    {
      "id": "42336",
      "attributes": {
        "occluded": true,
        "truncated": false,
        "trafficLightColor": "NA"
      },
      "category": "car",
      "box2d": {
        "x1": 903.10899,
        "y1": 395.581117,
        "x2": 925.713626,
        "y2": 419.800369
      }
    },
    {
      "id": "42337",
      "attributes": {
        "occluded": true,
        "truncated": false,
        "trafficLightColor": "NA"
      },
      "category": "car",
      "box2d": {
        "x1": 916.025925,
        "y1": 387.508033,
        "x2": 956.391344,
        "y2": 416.571136
      }
    },
    {
      "id": "42338",
      "attributes": {
        "occluded": false,
        "truncated": false,
        "trafficLightColor": "NA"
      },
      "category": "car",
      "box2d": {
        "x1": 36.059768,
        "y1": 385.893416,
        "x2": 186.21913,
        "y2": 442.405003
      }
    },
    {
      "id": "42339",
      "attributes": {
        "occluded": false,
        "truncated": false,
        "trafficLightColor": "NA"
      },
      "category": "car",
      "box2d": {
        "x1": 505.913257,
        "y1": 402.039584,
        "x2": 560.810229,
        "y2": 431.102686
      }
    },
    {
      "id": "42340",
      "attributes": {
        "occluded": false,
        "truncated": false,
        "trafficLightColor": "NA"
      },
      "category": "car",
      "box2d": {
        "x1": 945.089027,
        "y1": 376.205715,
        "x2": 1017.746784,
        "y2": 421.414986
      }
    },
    {
      "id": "42341",
      "attributes": {
        "occluded": false,
        "truncated": false,
        "trafficLightColor": "NA"
      },
      "category": "car",
      "box2d": {
        "x1": 668.989554,
        "y1": 347.142612,
        "x2": 870.816655,
        "y2": 426.258835
      }
    },
    {
      "id": "42342",
      "attributes": {
        "occluded": false,
        "truncated": false,
        "trafficLightColor": "NA"
      },
      "category": "traffic sign",
      "box2d": {
        "x1": 1033.892952,
        "y1": 273.408437,
        "x2": 1061.341438,
        "y2": 308.930008
      }
    }
  ],
  "attributes": {
    "weather": "clear",
    "timeofday": "daytime",
    "scene": "residential"
  },
  "processing_info": {
    "processed_at": "2025-07-07T01:09:13.269569",
    "source": "bdd100k_complete_preprocessing_refactored"
  }
}