{
  "image_filename": "06661450-f52ed9ce.jpg",
  "video_name": "06661450-f52ed9ce.jpg",
  "frame_index": 0,
  "metadata": {
    "weather": "clear",
    "scene": "highway",
    "timeofday": "daytime"
  },
  "labels": [
    {
      "id": "42884",
      "attributes": {
        "occluded": false,
        "truncated": false,
        "trafficLightColor": "NA"
      },
      "category": "traffic sign",
      "box2d": {
        "x1": 827.857739,
        "y1": 329.413796,
        "x2": 917.46725,
        "y2": 447.487509
      }
    },
    {
      "id": "42885",
      "attributes": {
        "occluded": false,
        "truncated": false,
        "trafficLightColor": "NA"
      },
      "category": "traffic sign",
      "box2d": {
        "x1": 83.571662,
        "y1": 454.867114,
        "x2": 108.873171,
        "y2": 463.300951
      }
    },
    {
      "id": "42886",
      "attributes": {
        "occluded": false,
        "truncated": false,
        "trafficLightColor": "G"
      },
      "category": "traffic light",
      "box2d": {
        "x1": 418.816665,
        "y1": 443.270589,
        "x2": 428.304731,
        "y2": 463.300951
      }
    },
    {
      "id": "42887",
      "attributes": {
        "occluded": false,
        "truncated": false,
        "trafficLightColor": "G"
      },
      "category": "traffic light",
      "box2d": {
        "x1": 246.977246,
        "y1": 432.728293,
        "x2": 261.736459,
        "y2": 460.138262
      }
    },
    {
      "id": "42888",
      "attributes": {
        "occluded": false,
        "truncated": false,
        "trafficLightColor": "NA"
      },
      "category": "traffic light",
      "box2d": {
        "x1": 407.220139,
        "y1": 445.379048,
        "x2": 417.762434,
        "y2": 463.300951
      }
    },
    {
      "id": "42889",
      "attributes": {
        "occluded": false,
        "truncated": false,
        "trafficLightColor": "NA"
      },
      "category": "traffic light",
      "box2d": {
        "x1": 238.543409,
        "y1": 431.674064,
        "x2": 249.085704,
        "y2": 454.867114
      }
    },
    {
      "id": "42890",
      "attributes": {
        "occluded": true,
        "truncated": false,
        "trafficLightColor": "NA"
      },
      "category": "car",
      "box2d": {
        "x1": 416.708206,
        "y1": 521.283577,
        "x2": 433.575878,
        "y2": 526.554726
      }
    },
    {
      "id": "42891",
      "attributes": {
        "occluded": true,
        "truncated": false,
        "trafficLightColor": "NA"
      },
      "category": "car",
      "box2d": {
        "x1": 401.948992,
        "y1": 526.554724,
        "x2": 454.660471,
        "y2": 539.205479
      }
    },
    {
      "id": "42892",
      "attributes": {
        "occluded": true,
        "truncated": false,
        "trafficLightColor": "NA"
      },
      "category": "car",
      "box2d": {
        "x1": 318.664857,
        "y1": 521.283577,
        "x2": 362.942499,
        "y2": 537.097022
      }
    },
    {
      "id": "42893",
      "attributes": {
        "occluded": true,
        "truncated": false,
        "trafficLightColor": "NA"
      },
      "category": "car",
      "box2d": {
        "x1": 271.224525,
        "y1": 544.476628,
        "x2": 323.936004,
        "y2": 588.75427
      }
    },
    {
      "id": "42894",
      "attributes": {
        "occluded": true,
        "truncated": false,
        "trafficLightColor": "NA"
      },
      "category": "car",
      "box2d": {
        "x1": 472.582373,
        "y1": 547.639315,
        "x2": 496.829653,
        "y2": 573.995056
      }
    },
    {
      "id": "42895",
      "attributes": {
        "occluded": false,
        "truncated": false,
        "trafficLightColor": "NA"
      },
      "category": "car",
      "box2d": {
        "x1": 308.122561,
        "y1": 533.934332,
        "x2": 504.209258,
        "y2": 708.936439
      }
    },
    {
      "id": "42896",
      "attributes": {
        "occluded": false,
        "truncated": false,
        "trafficLightColor": "NA"
      },
      "category": "car",
      "box2d": {
        "x1": 184.777701,
        "y1": 547.639315,
        "x2": 291.254887,
        "y2": 616.164237
      }
    }
  ],
  "attributes": {
    "weather": "clear",
    "timeofday": "daytime",
    "scene": "highway"
  },
  "processing_info": {
    "processed_at": "2025-07-07T01:09:15.673024",
    "source": "bdd100k_complete_preprocessing_refactored"
  }
}