{
  "image_filename": "0672c229-4d6e08a2.jpg",
  "video_name": "0672c229-4d6e08a2.jpg",
  "frame_index": 0,
  "metadata": {
    "weather": "snowy",
    "scene": "city street",
    "timeofday": "daytime"
  },
  "labels": [
    {
      "id": "43356",
      "attributes": {
        "occluded": false,
        "truncated": false,
        "trafficLightColor": "NA"
      },
      "category": "traffic sign",
      "box2d": {
        "x1": 0.0,
        "y1": 25.775843,
        "x2": 115.62156,
        "y2": 66.413123
      }
    },
    {
      "id": "43357",
      "attributes": {
        "occluded": false,
        "truncated": false,
        "trafficLightColor": "NA"
      },
      "category": "traffic light",
      "box2d": {
        "x1": 98.56077587042493,
        "y1": 166.74937738082545,
        "x2": 166.143586,
        "y2": 221.274108
      }
    },
    {
      "id": "43358",
      "attributes": {
        "occluded": true,
        "truncated": true,
        "trafficLightColor": "NA"
      },
      "category": "pedestrian",
      "box2d": {
        "x1": 0.0,
        "y1": 283.877488,
        "x2": 34.346998,
        "y2": 510.128293
      }
    },
    {
      "id": "43359",
      "attributes": {
        "occluded": true,
        "truncated": false,
        "trafficLightColor": "NA"
      },
      "category": "pedestrian",
      "box2d": {
        "x1": 1129.35696,
        "y1": 279.484269,
        "x2": 1161.207801,
        "y2": 324.514771
      }
    },
    {
      "id": "43360",
      "attributes": {
        "occluded": false,
        "truncated": false,
        "trafficLightColor": "NA"
      },
      "category": "pedestrian",
      "box2d": {
        "x1": 222.157133,
        "y1": 294.860536,
        "x2": 268.285938,
        "y2": 400.297805
      }
    },
    {
      "id": "43361",
      "attributes": {
        "occluded": true,
        "truncated": true,
        "trafficLightColor": "NA"
      },
      "category": "car",
      "box2d": {
        "x1": 1099.702728,
        "y1": 300.352063,
        "x2": 1278.726425,
        "y2": 386.019842
      }
    },
    {
      "id": "43362",
      "attributes": {
        "occluded": true,
        "truncated": false,
        "crowd": false,
        "trafficLightColor": "NA"
      },
      "category": "traffic light",
      "box2d": {
        "x1": 76.228269666951,
        "y1": 173.8957793659371,
        "x2": 90.52107363717431,
        "y2": 216.77419127660707
      }
    }
  ],
  "attributes": {
    "weather": "snowy",
    "timeofday": "daytime",
    "scene": "city street"
  },
  "processing_info": {
    "processed_at": "2025-07-07T01:09:16.018022",
    "source": "bdd100k_complete_preprocessing_refactored"
  }
}