{
  "image_filename": "06791257-dc3df11b.jpg",
  "video_name": "06791257-dc3df11b.jpg",
  "frame_index": 0,
  "metadata": {
    "weather": "rainy",
    "scene": "city street",
    "timeofday": "daytime"
  },
  "labels": [
    {
      "id": "43706",
      "attributes": {
        "occluded": false,
        "truncated": false,
        "trafficLightColor": "NA"
      },
      "category": "car",
      "box2d": {
        "x1": 69.419478,
        "y1": 479.587164,
        "x2": 91.356963,
        "y2": 501.524649
      }
    },
    {
      "id": "43707",
      "attributes": {
        "occluded": false,
        "truncated": false,
        "trafficLightColor": "NA"
      },
      "category": "car",
      "box2d": {
        "x1": 94.731962,
        "y1": 467.774673,
        "x2": 175.731906,
        "y2": 531.899629
      }
    },
    {
      "id": "43708",
      "attributes": {
        "occluded": true,
        "truncated": false,
        "trafficLightColor": "NA"
      },
      "category": "truck",
      "box2d": {
        "x1": 204.419386,
        "y1": 444.149689,
        "x2": 268.54434,
        "y2": 515.024641
      }
    },
    {
      "id": "43709",
      "attributes": {
        "occluded": true,
        "truncated": false,
        "trafficLightColor": "NA"
      },
      "category": "car",
      "box2d": {
        "x1": 239.856861,
        "y1": 469.462173,
        "x2": 292.169324,
        "y2": 525.149634
      }
    },
    {
      "id": "43710",
      "attributes": {
        "occluded": true,
        "truncated": false,
        "trafficLightColor": "NA"
      },
      "category": "car",
      "box2d": {
        "x1": 266.856843,
        "y1": 471.149671,
        "x2": 319.169306,
        "y2": 535.274627
      }
    },
    {
      "id": "43711",
      "attributes": {
        "occluded": true,
        "truncated": false,
        "trafficLightColor": "NA"
      },
      "category": "car",
      "box2d": {
        "x1": 293.856824,
        "y1": 459.337179,
        "x2": 415.356741,
        "y2": 555.524614
      }
    },
    {
      "id": "43712",
      "attributes": {
        "occluded": true,
        "truncated": false,
        "trafficLightColor": "NA"
      },
      "category": "car",
      "box2d": {
        "x1": 349.544286,
        "y1": 474.524669,
        "x2": 540.231655,
        "y2": 585.899592
      }
    },
    {
      "id": "43713",
      "attributes": {
        "occluded": false,
        "truncated": false,
        "trafficLightColor": "NA"
      },
      "category": "car",
      "box2d": {
        "x1": 509.856675,
        "y1": 428.9622,
        "x2": 935.106382,
        "y2": 692.212019
      }
    }
  ],
  "attributes": {
    "weather": "rainy",
    "timeofday": "daytime",
    "scene": "city street"
  },
  "processing_info": {
    "processed_at": "2025-07-07T01:09:17.201560",
    "source": "bdd100k_complete_preprocessing_refactored"
  }
}