{
  "image_filename": "067cecc1-d40ce82c.jpg",
  "video_name": "067cecc1-d40ce82c.jpg",
  "frame_index": 0,
  "metadata": {
    "weather": "undefined",
    "scene": "city street",
    "timeofday": "daytime"
  },
  "labels": [
    {
      "id": "43778",
      "attributes": {
        "occluded": true,
        "truncated": false,
        "trafficLightColor": "NA"
      },
      "category": "car",
      "box2d": {
        "x1": 1038.940556,
        "y1": 103.16047,
        "x2": 1084.789656,
        "y2": 139.839752
      }
    },
    {
      "id": "43779",
      "attributes": {
        "occluded": true,
        "truncated": false,
        "trafficLightColor": "NA"
      },
      "category": "car",
      "box2d": {
        "x1": 1057.280196,
        "y1": 92.156686,
        "x2": 1163.650103,
        "y2": 163.681279
      }
    },
    {
      "id": "43780",
      "attributes": {
        "occluded": true,
        "truncated": false,
        "trafficLightColor": "NA"
      },
      "category": "car",
      "box2d": {
        "x1": 1156.314246,
        "y1": 90.322722,
        "x2": 1211.333163,
        "y2": 165.515241
      }
    },
    {
      "id": "43781",
      "attributes": {
        "occluded": true,
        "truncated": false,
        "trafficLightColor": "NA"
      },
      "category": "car",
      "box2d": {
        "x1": 1108.631182,
        "y1": 86.654794,
        "x2": 1200.32938,
        "y2": 154.511462
      }
    },
    {
      "id": "43782",
      "attributes": {
        "occluded": true,
        "truncated": false,
        "trafficLightColor": "NA"
      },
      "category": "car",
      "box2d": {
        "x1": 379.172039,
        "y1": 134.337855,
        "x2": 412.18339,
        "y2": 176.519025
      }
    },
    {
      "id": "43783",
      "attributes": {
        "occluded": false,
        "truncated": false,
        "trafficLightColor": "NA"
      },
      "category": "traffic sign",
      "box2d": {
        "x1": 781.268626,
        "y1": 45.849098,
        "x2": 828.951688,
        "y2": 77.026485
      }
    },
    {
      "id": "43784",
      "attributes": {
        "occluded": false,
        "truncated": false,
        "trafficLightColor": "NA"
      },
      "category": "traffic sign",
      "box2d": {
        "x1": 832.619617,
        "y1": 75.192519,
        "x2": 856.461147,
        "y2": 86.196305
      }
    },
    {
      "id": "43785",
      "attributes": {
        "occluded": false,
        "truncated": false,
        "trafficLightColor": "NA"
      },
      "category": "traffic sign",
      "box2d": {
        "x1": 185.96394,
        "y1": 84.362339,
        "x2": 209.805472,
        "y2": 110.037834
      }
    },
    {
      "id": "43786",
      "attributes": {
        "occluded": false,
        "truncated": false,
        "trafficLightColor": "NA"
      },
      "category": "traffic sign",
      "box2d": {
        "x1": 255.65457,
        "y1": 86.196302,
        "x2": 279.496101,
        "y2": 97.200087
      }
    },
    {
      "id": "43787",
      "attributes": {
        "occluded": false,
        "truncated": false,
        "trafficLightColor": "NA"
      },
      "category": "traffic sign",
      "box2d": {
        "x1": 332.681052,
        "y1": 91.698197,
        "x2": 351.020692,
        "y2": 99.034051
      }
    },
    {
      "id": "43788",
      "attributes": {
        "occluded": false,
        "truncated": false,
        "trafficLightColor": "G"
      },
      "category": "traffic light",
      "box2d": {
        "x1": 372.294674,
        "y1": 104.902735,
        "x2": 381.464495,
        "y2": 119.574447
      }
    },
    {
      "id": "43789",
      "attributes": {
        "occluded": true,
        "truncated": false,
        "trafficLightColor": "NA"
      },
      "category": "pedestrian",
      "box2d": {
        "x1": 326.445576,
        "y1": 128.377474,
        "x2": 342.951251,
        "y2": 166.890715
      }
    },
    {
      "id": "43790",
      "attributes": {
        "occluded": true,
        "truncated": false,
        "trafficLightColor": "NA"
      },
      "category": "truck",
      "box2d": {
        "x1": 660.227009,
        "y1": 75.192519,
        "x2": 783.102592,
        "y2": 203.569995
      }
    },
    {
      "id": "43791",
      "attributes": {
        "occluded": false,
        "truncated": true,
        "trafficLightColor": "NA"
      },
      "category": "bus",
      "box2d": {
        "x1": 389.167136,
        "y1": 0.0,
        "x2": 666.095688,
        "y2": 260.42287600000003
      }
    },
    {
      "id": "43792",
      "attributes": {
        "occluded": false,
        "truncated": false,
        "trafficLightColor": "NA"
      },
      "category": "car",
      "box2d": {
        "x1": 750.257919,
        "y1": 82.964428,
        "x2": 1062.522573,
        "y2": 278.895191
      }
    },
    {
      "id": "43793",
      "attributes": {
        "occluded": true,
        "truncated": true,
        "trafficLightColor": "NA"
      },
      "category": "rider",
      "box2d": {
        "x1": 0.0,
        "y1": 131.947119,
        "x2": 36.947485,
        "y2": 229.9125
      }
    },
    {
      "id": "43794",
      "attributes": {
        "occluded": true,
        "truncated": true,
        "trafficLightColor": "NA"
      },
      "category": "bicycle",
      "box2d": {
        "x1": 0.0,
        "y1": 173.276264,
        "x2": 40.008904,
        "y2": 252.873135
      }
    },
    {
      "id": "43795",
      "attributes": {
        "occluded": true,
        "truncated": false,
        "crowd": false,
        "trafficLightColor": "NA"
      },
      "category": "pedestrian",
      "box2d": {
        "x1": 213.15583318399428,
        "y1": 127.62806891784645,
        "x2": 232.03092598755794,
        "y2": 189.75858272957683
      }
    },
    {
      "id": "43796",
      "attributes": {
        "occluded": true,
        "truncated": false,
        "crowd": false,
        "trafficLightColor": "NA"
      },
      "category": "pedestrian",
      "box2d": {
        "x1": 62.15509075548501,
        "y1": 146.5031617214101,
        "x2": 88.10834336038504,
        "y2": 192.11796933002228
      }
    },
    {
      "id": "43797",
      "attributes": {
        "occluded": true,
        "truncated": false,
        "crowd": false,
        "trafficLightColor": "NA"
      },
      "category": "pedestrian",
      "box2d": {
        "x1": 367.30242441309747,
        "y1": 121.33637131665856,
        "x2": 379.09935741532473,
        "y2": 160.65948132408286
      }
    }
  ],
  "attributes": {
    "weather": "undefined",
    "timeofday": "daytime",
    "scene": "city street"
  },
  "processing_info": {
    "processed_at": "2025-07-07T01:09:13.649597",
    "source": "bdd100k_complete_preprocessing_refactored"
  }
}