{
  "image_filename": "06939285-f98cafe6.jpg",
  "video_name": "06939285-f98cafe6.jpg",
  "frame_index": 0,
  "metadata": {
    "weather": "clear",
    "scene": "city street",
    "timeofday": "daytime"
  },
  "labels": [
    {
      "id": "44319",
      "attributes": {
        "occluded": false,
        "truncated": true,
        "trafficLightColor": "NA"
      },
      "category": "car",
      "box2d": {
        "x1": 0.232026,
        "y1": 510.637151,
        "x2": 209.568709,
        "y2": 718.521285
      }
    },
    {
      "id": "44320",
      "attributes": {
        "occluded": true,
        "truncated": false,
        "trafficLightColor": "NA"
      },
      "category": "car",
      "box2d": {
        "x1": 64.356982,
        "y1": 527.512137,
        "x2": 181.626212,
        "y2": 580.804704
      }
    },
    {
      "id": "44321",
      "attributes": {
        "occluded": true,
        "truncated": false,
        "trafficLightColor": "NA"
      },
      "category": "car",
      "box2d": {
        "x1": 469.034727,
        "y1": 528.911501,
        "x2": 504.960791,
        "y2": 567.831404
      }
    },
    {
      "id": "44322",
      "attributes": {
        "occluded": true,
        "truncated": false,
        "trafficLightColor": "NA"
      },
      "category": "pedestrian",
      "box2d": {
        "x1": 159.671397,
        "y1": 523.921769,
        "x2": 179.630321,
        "y2": 575.814973
      }
    },
    {
      "id": "44323",
      "attributes": {
        "occluded": true,
        "truncated": false,
        "trafficLightColor": "NA"
      },
      "category": "pedestrian",
      "box2d": {
        "x1": 103.786408,
        "y1": 527.913554,
        "x2": 130.730957,
        "y2": 579.806758
      }
    },
    {
      "id": "44324",
      "attributes": {
        "occluded": true,
        "truncated": false,
        "trafficLightColor": "NA"
      },
      "category": "pedestrian",
      "box2d": {
        "x1": 51.893203,
        "y1": 522.923823,
        "x2": 67.860343,
        "y2": 535.897123
      }
    },
    {
      "id": "44325",
      "attributes": {
        "occluded": false,
        "truncated": false,
        "trafficLightColor": "NA"
      },
      "category": "pedestrian",
      "box2d": {
        "x1": 224.5379,
        "y1": 531.90534,
        "x2": 241.502986,
        "y2": 565.835511
      }
    },
    {
      "id": "44326",
      "attributes": {
        "occluded": false,
        "truncated": false,
        "trafficLightColor": "NA"
      },
      "category": "pedestrian",
      "box2d": {
        "x1": 244.496827,
        "y1": 527.913554,
        "x2": 261.461912,
        "y2": 567.831404
      }
    },
    {
      "id": "44327",
      "attributes": {
        "occluded": false,
        "truncated": false,
        "trafficLightColor": "NA"
      },
      "category": "bus",
      "box2d": {
        "x1": 270.443427,
        "y1": 437.100447,
        "x2": 397.182599,
        "y2": 594.775951
      }
    },
    {
      "id": "44328",
      "attributes": {
        "occluded": false,
        "truncated": false,
        "trafficLightColor": "NA"
      },
      "category": "bus",
      "box2d": {
        "x1": 717.523337,
        "y1": 402.172329,
        "x2": 887.174195,
        "y2": 625.712285
      }
    },
    {
      "id": "44329",
      "attributes": {
        "occluded": false,
        "truncated": false,
        "trafficLightColor": "NA"
      },
      "category": "car",
      "box2d": {
        "x1": 482.008027,
        "y1": 488.993652,
        "x2": 697.564413,
        "y2": 678.603434
      }
    },
    {
      "id": "44330",
      "attributes": {
        "occluded": true,
        "truncated": false,
        "trafficLightColor": "NA"
      },
      "category": "bus",
      "box2d": {
        "x1": 432.110717,
        "y1": 517.934091,
        "x2": 456.061427,
        "y2": 554.858102
      }
    },
    {
      "id": "44331",
      "attributes": {
        "occluded": true,
        "truncated": false,
        "trafficLightColor": "NA"
      },
      "category": "bus",
      "box2d": {
        "x1": 658.64451,
        "y1": 497.975167,
        "x2": 695.56852,
        "y2": 558.849887
      }
    },
    {
      "id": "44332",
      "attributes": {
        "occluded": true,
        "truncated": false,
        "trafficLightColor": "NA"
      },
      "category": "car",
      "box2d": {
        "x1": 1013.913365,
        "y1": 509.7766726661852,
        "x2": 1133.666913,
        "y2": 559.8014865619668
      }
    },
    {
      "id": "44333",
      "attributes": {
        "occluded": true,
        "truncated": true,
        "trafficLightColor": "NA"
      },
      "category": "car",
      "box2d": {
        "x1": 1191.547794,
        "y1": 502.63027068107357,
        "x2": 1279.356147,
        "y2": 563.839618
      }
    },
    {
      "id": "44334",
      "attributes": {
        "occluded": false,
        "truncated": true,
        "trafficLightColor": "G"
      },
      "category": "traffic light",
      "box2d": {
        "x1": 206.574868,
        "y1": 417.141524,
        "x2": 213.560493,
        "y2": 441.092232
      }
    },
    {
      "id": "44335",
      "attributes": {
        "occluded": false,
        "truncated": false,
        "trafficLightColor": "NA"
      },
      "category": "traffic light",
      "box2d": {
        "x1": 215.556385,
        "y1": 417.141524,
        "x2": 226.533793,
        "y2": 439.096341
      }
    },
    {
      "id": "44336",
      "attributes": {
        "occluded": false,
        "truncated": false,
        "trafficLightColor": "NA"
      },
      "category": "traffic light",
      "box2d": {
        "x1": 192.603622,
        "y1": 418.139468,
        "x2": 204.578976,
        "y2": 438.098393
      }
    },
    {
      "id": "44337",
      "attributes": {
        "occluded": false,
        "truncated": false,
        "trafficLightColor": "NA"
      },
      "category": "traffic sign",
      "box2d": {
        "x1": 862.225539,
        "y1": 373.231889,
        "x2": 896.155711,
        "y2": 392.192868
      }
    },
    {
      "id": "44338",
      "attributes": {
        "occluded": false,
        "truncated": false,
        "trafficLightColor": "NA"
      },
      "category": "traffic light",
      "box2d": {
        "x1": 1020.4466319498293,
        "y1": 467.038834,
        "x2": 1043.851753,
        "y2": 491.0173674552671
      }
    },
    {
      "id": "44339",
      "attributes": {
        "occluded": true,
        "truncated": false,
        "trafficLightColor": "NA"
      },
      "category": "traffic light",
      "box2d": {
        "x1": 768.418594,
        "y1": 385.207243,
        "x2": 782.389841,
        "y2": 409.157953
      }
    },
    {
      "id": "44340",
      "attributes": {
        "occluded": true,
        "truncated": false,
        "trafficLightColor": "NA"
      },
      "category": "traffic light",
      "box2d": {
        "x1": 750.455562,
        "y1": 386.20519,
        "x2": 761.432972,
        "y2": 407.162059
      }
    },
    {
      "id": "44341",
      "attributes": {
        "occluded": false,
        "truncated": false,
        "trafficLightColor": "G"
      },
      "category": "traffic light",
      "box2d": {
        "x1": 575.814973,
        "y1": 438.098395,
        "x2": 581.802649,
        "y2": 456.061427
      }
    },
    {
      "id": "44342",
      "attributes": {
        "occluded": false,
        "truncated": false,
        "trafficLightColor": "NA"
      },
      "category": "traffic sign",
      "box2d": {
        "x1": 1029.606318,
        "y1": 402.172329,
        "x2": 1055.827109,
        "y2": 424.57471
      }
    },
    {
      "id": "44343",
      "attributes": {
        "occluded": false,
        "truncated": false,
        "trafficLightColor": "NA"
      },
      "category": "pedestrian",
      "box2d": {
        "x1": 888.172142,
        "y1": 514.940252,
        "x2": 913.120796,
        "y2": 569.827295
      }
    },
    {
      "id": "44344",
      "attributes": {
        "occluded": true,
        "truncated": false,
        "trafficLightColor": "NA"
      },
      "category": "pedestrian",
      "box2d": {
        "x1": 925.096152,
        "y1": 512.944361,
        "x2": 943.059184,
        "y2": 565.835511
      }
    },
    {
      "id": "44345",
      "attributes": {
        "occluded": true,
        "truncated": false,
        "trafficLightColor": "NA"
      },
      "category": "pedestrian",
      "box2d": {
        "x1": 957.030431,
        "y1": 517.934091,
        "x2": 971.001679,
        "y2": 590.784166
      }
    },
    {
      "id": "44346",
      "attributes": {
        "occluded": true,
        "truncated": false,
        "trafficLightColor": "NA"
      },
      "category": "pedestrian",
      "box2d": {
        "x1": 998.944172,
        "y1": 524.919716,
        "x2": 1017.905151,
        "y2": 591.782112
      }
    },
    {
      "id": "44347",
      "attributes": {
        "occluded": true,
        "truncated": false,
        "trafficLightColor": "NA"
      },
      "category": "pedestrian",
      "box2d": {
        "x1": 1184.562172,
        "y1": 510.948467,
        "x2": 1215.498504,
        "y2": 603.757466
      }
    },
    {
      "id": "44348",
      "attributes": {
        "occluded": true,
        "truncated": false,
        "trafficLightColor": "NA"
      },
      "category": "pedestrian",
      "box2d": {
        "x1": 1118.69772,
        "y1": 515.938199,
        "x2": 1150.631999,
        "y2": 569.827295
      }
    },
    {
      "id": "44349",
      "attributes": {
        "occluded": false,
        "truncated": false,
        "trafficLightColor": "NA"
      },
      "category": "pedestrian",
      "box2d": {
        "x1": 1020.89899,
        "y1": 512.944361,
        "x2": 1050.837377,
        "y2": 595.773897
      }
    },
    {
      "id": "44350",
      "attributes": {
        "occluded": false,
        "truncated": false,
        "trafficLightColor": "NA"
      },
      "category": "pedestrian",
      "box2d": {
        "x1": 970.003733,
        "y1": 512.944361,
        "x2": 1007.925689,
        "y2": 604.755414
      }
    },
    {
      "id": "44351",
      "attributes": {
        "occluded": false,
        "truncated": false,
        "trafficLightColor": "NA"
      },
      "category": "pedestrian",
      "box2d": {
        "x1": 937.071508,
        "y1": 516.936145,
        "x2": 958.028379,
        "y2": 602.759521
      }
    },
    {
      "id": "44352",
      "attributes": {
        "occluded": false,
        "truncated": false,
        "trafficLightColor": "NA"
      },
      "category": "pedestrian",
      "box2d": {
        "x1": 1159.613516,
        "y1": 499.971059,
        "x2": 1189.551903,
        "y2": 600.763627
      }
    },
    {
      "id": "44353",
      "attributes": {
        "occluded": false,
        "truncated": false,
        "trafficLightColor": "NA"
      },
      "category": "pedestrian",
      "box2d": {
        "x1": 1239.449214,
        "y1": 505.958737,
        "x2": 1270.385546,
        "y2": 594.775951
      }
    },
    {
      "id": "44354",
      "attributes": {
        "occluded": false,
        "truncated": false,
        "trafficLightColor": "NA"
      },
      "category": "traffic sign",
      "box2d": {
        "x1": 430.114824,
        "y1": 485.999813,
        "x2": 443.088125,
        "y2": 500.969007
      }
    },
    {
      "id": "44355",
      "attributes": {
        "occluded": true,
        "truncated": false,
        "trafficLightColor": "NA"
      },
      "category": "car",
      "box2d": {
        "x1": 397.182597,
        "y1": 533.901231,
        "x2": 419.137415,
        "y2": 560.845779
      }
    },
    {
      "id": "44356",
      "attributes": {
        "occluded": false,
        "truncated": false,
        "trafficLightColor": "NA"
      },
      "category": "pedestrian",
      "box2d": {
        "x1": 418.139468,
        "y1": 523.921769,
        "x2": 431.112769,
        "y2": 553.860157
      }
    },
    {
      "id": "44357",
      "attributes": {
        "occluded": false,
        "truncated": false,
        "trafficLightColor": "NA"
      },
      "category": "traffic sign",
      "box2d": {
        "x1": 178.632375,
        "y1": 423.1292,
        "x2": 195.597461,
        "y2": 436.1025
      }
    },
    {
      "id": "44358",
      "attributes": {
        "occluded": false,
        "truncated": false,
        "trafficLightColor": "NA"
      },
      "category": "traffic light",
      "box2d": {
        "x1": 1049.856304,
        "y1": 466.762181,
        "x2": 1066.731293,
        "y2": 488.699666
      }
    }
  ],
  "attributes": {
    "weather": "clear",
    "timeofday": "daytime",
    "scene": "city street"
  },
  "processing_info": {
    "processed_at": "2025-07-07T01:09:15.006828",
    "source": "bdd100k_complete_preprocessing_refactored"
  }
}