{
  "image_filename": "06b4defc-5d3e87b0.jpg",
  "video_name": "06b4defc-5d3e87b0.jpg",
  "frame_index": 0,
  "metadata": {
    "weather": "clear",
    "scene": "city street",
    "timeofday": "daytime"
  },
  "labels": [
    {
      "id": "44957",
      "attributes": {
        "occluded": true,
        "truncated": false,
        "trafficLightColor": "NA"
      },
      "category": "rider",
      "box2d": {
        "x1": 406.767818,
        "y1": 363.096426,
        "x2": 487.871831,
        "y2": 576.462368
      }
    },
    {
      "id": "44958",
      "attributes": {
        "occluded": true,
        "truncated": false,
        "trafficLightColor": "NA"
      },
      "category": "motorcycle",
      "box2d": {
        "x1": 389.299261,
        "y1": 436.713914,
        "x2": 496.606108,
        "y2": 607.656218
      }
    },
    {
      "id": "44959",
      "attributes": {
        "occluded": true,
        "truncated": true,
        "trafficLightColor": "NA"
      },
      "category": "bicycle",
      "box2d": {
        "x1": 1080.555001,
        "y1": 432.970653,
        "x2": 1278.947894,
        "y2": 556.498302
      }
    },
    {
      "id": "44960",
      "attributes": {
        "occluded": false,
        "truncated": false,
        "trafficLightColor": "NA"
      },
      "category": "traffic sign",
      "box2d": {
        "x1": 747.404673,
        "y1": 356.857657,
        "x2": 771.111998,
        "y2": 378.069476
      }
    },
    {
      "id": "44961",
      "attributes": {
        "occluded": true,
        "truncated": false,
        "trafficLightColor": "NA"
      },
      "category": "rider",
      "box2d": {
        "x1": 67.378717,
        "y1": 408.015572,
        "x2": 88.590536,
        "y2": 452.934718
      }
    },
    {
      "id": "44962",
      "attributes": {
        "occluded": true,
        "truncated": false,
        "trafficLightColor": "NA"
      },
      "category": "bicycle",
      "box2d": {
        "x1": 63.635456,
        "y1": 431.722899,
        "x2": 89.83829,
        "y2": 465.412258
      }
    },
    {
      "id": "44963",
      "attributes": {
        "occluded": true,
        "truncated": false,
        "trafficLightColor": "NA"
      },
      "category": "pedestrian",
      "box2d": {
        "x1": 101.068077,
        "y1": 401.776803,
        "x2": 118.536634,
        "y2": 476.642045
      }
    },
    {
      "id": "44964",
      "attributes": {
        "occluded": true,
        "truncated": false,
        "trafficLightColor": "NA"
      },
      "category": "pedestrian",
      "box2d": {
        "x1": 139.238644,
        "y1": 404.27231,
        "x2": 162.208026,
        "y2": 456.677981
      }
    },
    {
      "id": "44965",
      "attributes": {
        "occluded": true,
        "truncated": false,
        "trafficLightColor": "NA"
      },
      "category": "pedestrian",
      "box2d": {
        "x1": 167.199042,
        "y1": 411.758834,
        "x2": 177.181074,
        "y2": 451.686962
      }
    },
    {
      "id": "44966",
      "attributes": {
        "occluded": true,
        "truncated": false,
        "trafficLightColor": "NA"
      },
      "category": "pedestrian",
      "box2d": {
        "x1": 247.0553,
        "y1": 413.006587,
        "x2": 262.028349,
        "y2": 456.67798
      }
    },
    {
      "id": "44967",
      "attributes": {
        "occluded": true,
        "truncated": false,
        "trafficLightColor": "NA"
      },
      "category": "pedestrian",
      "box2d": {
        "x1": 264.523857,
        "y1": 416.749851,
        "x2": 277.001397,
        "y2": 456.677981
      }
    },
    {
      "id": "44968",
      "attributes": {
        "occluded": true,
        "truncated": false,
        "trafficLightColor": "NA"
      },
      "category": "pedestrian",
      "box2d": {
        "x1": 611.399481,
        "y1": 403.024556,
        "x2": 621.381514,
        "y2": 445.448193
      }
    },
    {
      "id": "44969",
      "attributes": {
        "occluded": true,
        "truncated": false,
        "trafficLightColor": "NA"
      },
      "category": "pedestrian",
      "box2d": {
        "x1": 601.417448,
        "y1": 406.767818,
        "x2": 611.399481,
        "y2": 442.952685
      }
    },
    {
      "id": "44970",
      "attributes": {
        "occluded": false,
        "truncated": false,
        "trafficLightColor": "NA"
      },
      "category": "pedestrian",
      "box2d": {
        "x1": 662.557396,
        "y1": 406.767818,
        "x2": 678.778198,
        "y2": 450.439209
      }
    },
    {
      "id": "44971",
      "attributes": {
        "occluded": false,
        "truncated": false,
        "trafficLightColor": "NA"
      },
      "category": "pedestrian",
      "box2d": {
        "x1": 697.49451,
        "y1": 401.776803,
        "x2": 709.97205,
        "y2": 452.934718
      }
    },
    {
      "id": "44972",
      "attributes": {
        "occluded": true,
        "truncated": false,
        "trafficLightColor": "NA"
      },
      "category": "pedestrian",
      "box2d": {
        "x1": 680.025954,
        "y1": 406.767818,
        "x2": 691.25574,
        "y2": 451.686962
      }
    },
    {
      "id": "44973",
      "attributes": {
        "occluded": true,
        "truncated": false,
        "trafficLightColor": "NA"
      },
      "category": "motorcycle",
      "box2d": {
        "x1": 758.6371379897786,
        "y1": 408.015572,
        "x2": 857.207027,
        "y2": 476.642043
      }
    },
    {
      "id": "44974",
      "attributes": {
        "occluded": true,
        "truncated": false,
        "trafficLightColor": "NA"
      },
      "category": "car",
      "box2d": {
        "x1": 489.119585,
        "y1": 414.254341,
        "x2": 560.241566,
        "y2": 466.660012
      }
    },
    {
      "id": "44975",
      "attributes": {
        "occluded": true,
        "truncated": false,
        "trafficLightColor": "NA"
      },
      "category": "car",
      "box2d": {
        "x1": 486.624077,
        "y1": 404.27231,
        "x2": 536.534239,
        "y2": 416.749851
      }
    }
  ],
  "attributes": {
    "weather": "clear",
    "timeofday": "daytime",
    "scene": "city street"
  },
  "processing_info": {
    "processed_at": "2025-07-07T01:09:15.858858",
    "source": "bdd100k_complete_preprocessing_refactored"
  }
}