{
  "image_filename": "06c38a86-e8d15e35.jpg",
  "video_name": "06c38a86-e8d15e35.jpg",
  "frame_index": 0,
  "metadata": {
    "weather": "overcast",
    "scene": "city street",
    "timeofday": "daytime"
  },
  "labels": [
    {
      "id": "45284",
      "attributes": {
        "occluded": false,
        "truncated": false,
        "trafficLightColor": "NA"
      },
      "category": "pedestrian",
      "box2d": {
        "x1": 22.459573,
        "y1": 351.86664,
        "x2": 54.901178,
        "y2": 434.218407
      }
    },
    {
      "id": "45285",
      "attributes": {
        "occluded": false,
        "truncated": false,
        "trafficLightColor": "NA"
      },
      "category": "pedestrian",
      "box2d": {
        "x1": 104.81134,
        "y1": 331.902575,
        "x2": 138.500699,
        "y2": 429.227392
      }
    },
    {
      "id": "45286",
      "attributes": {
        "occluded": false,
        "truncated": false,
        "trafficLightColor": "NA"
      },
      "category": "pedestrian",
      "box2d": {
        "x1": 566.480335,
        "y1": 351.86664,
        "x2": 577.710122,
        "y2": 381.812737
      }
    },
    {
      "id": "45287",
      "attributes": {
        "occluded": false,
        "truncated": true,
        "trafficLightColor": "NA"
      },
      "category": "pedestrian",
      "box2d": {
        "x1": 1.247754,
        "y1": 351.86664,
        "x2": 13.725294,
        "y2": 416.74985
      }
    },
    {
      "id": "45288",
      "attributes": {
        "occluded": true,
        "truncated": false,
        "trafficLightColor": "NA"
      },
      "category": "pedestrian",
      "box2d": {
        "x1": 168.446796,
        "y1": 355.609902,
        "x2": 184.667598,
        "y2": 384.308245
      }
    },
    {
      "id": "45289",
      "attributes": {
        "occluded": true,
        "truncated": false,
        "trafficLightColor": "NA"
      },
      "category": "pedestrian",
      "box2d": {
        "x1": 204.631663,
        "y1": 360.600918,
        "x2": 222.10022,
        "y2": 425.48413
      }
    },
    {
      "id": "45290",
      "attributes": {
        "occluded": true,
        "truncated": false,
        "trafficLightColor": "NA"
      },
      "category": "pedestrian",
      "box2d": {
        "x1": 286.98343,
        "y1": 351.86664,
        "x2": 310.690757,
        "y2": 399.281294
      }
    },
    {
      "id": "45291",
      "attributes": {
        "occluded": true,
        "truncated": false,
        "trafficLightColor": "NA"
      },
      "category": "pedestrian",
      "box2d": {
        "x1": 551.507287,
        "y1": 345.62787,
        "x2": 560.241565,
        "y2": 386.803753
      }
    },
    {
      "id": "45292",
      "attributes": {
        "occluded": true,
        "truncated": false,
        "trafficLightColor": "NA"
      },
      "category": "pedestrian",
      "box2d": {
        "x1": 536.534238,
        "y1": 349.371132,
        "x2": 549.011779,
        "y2": 384.308245
      }
    },
    {
      "id": "45293",
      "attributes": {
        "occluded": true,
        "truncated": false,
        "trafficLightColor": "NA"
      },
      "category": "pedestrian",
      "box2d": {
        "x1": 506.588141,
        "y1": 351.86664,
        "x2": 515.322421,
        "y2": 389.299261
      }
    },
    {
      "id": "45294",
      "attributes": {
        "occluded": true,
        "truncated": false,
        "trafficLightColor": "NA"
      },
      "category": "pedestrian",
      "box2d": {
        "x1": 485.376323,
        "y1": 368.087443,
        "x2": 502.844879,
        "y2": 390.547014
      }
    },
    {
      "id": "45295",
      "attributes": {
        "occluded": true,
        "truncated": false,
        "trafficLightColor": "NA"
      },
      "category": "pedestrian",
      "box2d": {
        "x1": 625.124775,
        "y1": 348.123378,
        "x2": 631.363547,
        "y2": 374.326213
      }
    },
    {
      "id": "45296",
      "attributes": {
        "occluded": false,
        "truncated": false,
        "trafficLightColor": "NA"
      },
      "category": "bicycle",
      "box2d": {
        "x1": 349.371132,
        "y1": 368.087443,
        "x2": 376.821721,
        "y2": 405.520064
      }
    },
    {
      "id": "45297",
      "attributes": {
        "occluded": false,
        "truncated": false,
        "trafficLightColor": "NA"
      },
      "category": "bicycle",
      "box2d": {
        "x1": 401.776802,
        "y1": 366.839689,
        "x2": 420.493111,
        "y2": 394.290278
      }
    },
    {
      "id": "45298",
      "attributes": {
        "occluded": true,
        "truncated": false,
        "trafficLightColor": "NA"
      },
      "category": "bicycle",
      "box2d": {
        "x1": 385.555999,
        "y1": 366.839689,
        "x2": 406.767818,
        "y2": 394.290278
      }
    },
    {
      "id": "45299",
      "attributes": {
        "occluded": true,
        "truncated": false,
        "trafficLightColor": "NA"
      },
      "category": "car",
      "box2d": {
        "x1": 681.273707,
        "y1": 353.114394,
        "x2": 709.97205,
        "y2": 376.821721
      }
    },
    {
      "id": "45300",
      "attributes": {
        "occluded": true,
        "truncated": false,
        "trafficLightColor": "NA"
      },
      "category": "car",
      "box2d": {
        "x1": 638.85007,
        "y1": 355.609902,
        "x2": 675.034937,
        "y2": 383.060491
      }
    },
    {
      "id": "45301",
      "attributes": {
        "occluded": true,
        "truncated": false,
        "trafficLightColor": "NA"
      },
      "category": "car",
      "box2d": {
        "x1": 872.180076,
        "y1": 346.875624,
        "x2": 890.896387,
        "y2": 366.839689
      }
    },
    {
      "id": "45302",
      "attributes": {
        "occluded": true,
        "truncated": false,
        "trafficLightColor": "NA"
      },
      "category": "car",
      "box2d": {
        "x1": 833.499701,
        "y1": 351.86664,
        "x2": 845.977241,
        "y2": 365.591935
      }
    },
    {
      "id": "45303",
      "attributes": {
        "occluded": false,
        "truncated": false,
        "trafficLightColor": "NA"
      },
      "category": "car",
      "box2d": {
        "x1": 850.968257,
        "y1": 344.380116,
        "x2": 874.675584,
        "y2": 371.830705
      }
    },
    {
      "id": "45304",
      "attributes": {
        "occluded": false,
        "truncated": false,
        "trafficLightColor": "NA"
      },
      "category": "car",
      "box2d": {
        "x1": 895.887403,
        "y1": 351.86664,
        "x2": 928.329008,
        "y2": 376.821721
      }
    },
    {
      "id": "45305",
      "attributes": {
        "occluded": true,
        "truncated": false,
        "trafficLightColor": "NA"
      },
      "category": "truck",
      "box2d": {
        "x1": 889.648632,
        "y1": 323.168297,
        "x2": 955.779598,
        "y2": 373.078459
      }
    },
    {
      "id": "45306",
      "attributes": {
        "occluded": false,
        "truncated": false,
        "trafficLightColor": "NA"
      },
      "category": "car",
      "box2d": {
        "x1": 696.246756,
        "y1": 340.636854,
        "x2": 839.738471,
        "y2": 456.67798
      }
    },
    {
      "id": "45307",
      "attributes": {
        "occluded": false,
        "truncated": true,
        "trafficLightColor": "NA"
      },
      "category": "car",
      "box2d": {
        "x1": 934.037478705281,
        "y1": 325.0425894378194,
        "x2": 1276.452386,
        "y2": 639.045996592845
      }
    },
    {
      "id": "45308",
      "attributes": {
        "occluded": false,
        "truncated": false,
        "trafficLightColor": "NA"
      },
      "category": "traffic sign",
      "box2d": {
        "x1": 172.190058,
        "y1": 116.041126,
        "x2": 209.622679,
        "y2": 162.208026
      }
    },
    {
      "id": "45309",
      "attributes": {
        "occluded": false,
        "truncated": false,
        "trafficLightColor": "NA"
      },
      "category": "traffic sign",
      "box2d": {
        "x1": 163.45578,
        "y1": 164.703534,
        "x2": 214.613694,
        "y2": 202.136155
      }
    },
    {
      "id": "45310",
      "attributes": {
        "occluded": false,
        "truncated": false,
        "trafficLightColor": "NA"
      },
      "category": "traffic sign",
      "box2d": {
        "x1": 160.960272,
        "y1": 205.879417,
        "x2": 212.118186,
        "y2": 233.330006
      }
    },
    {
      "id": "45311",
      "attributes": {
        "occluded": false,
        "truncated": false,
        "trafficLightColor": "NA"
      },
      "category": "traffic sign",
      "box2d": {
        "x1": 148.482731,
        "y1": 243.312038,
        "x2": 195.897385,
        "y2": 257.037333
      }
    },
    {
      "id": "45312",
      "attributes": {
        "occluded": false,
        "truncated": false,
        "trafficLightColor": "NA"
      },
      "category": "traffic sign",
      "box2d": {
        "x1": 501.597125,
        "y1": 167.199042,
        "x2": 545.268517,
        "y2": 219.604712
      }
    },
    {
      "id": "45313",
      "attributes": {
        "occluded": false,
        "truncated": false,
        "trafficLightColor": "R"
      },
      "category": "traffic light",
      "box2d": {
        "x1": 499.101617,
        "y1": 48.662408,
        "x2": 520.313436,
        "y2": 97.324814
      }
    },
    {
      "id": "45314",
      "attributes": {
        "occluded": false,
        "truncated": false,
        "trafficLightColor": "NA"
      },
      "category": "traffic light",
      "box2d": {
        "x1": 495.358355,
        "y1": 102.315832,
        "x2": 521.56119,
        "y2": 153.473746
      }
    },
    {
      "id": "45315",
      "attributes": {
        "occluded": false,
        "truncated": false,
        "trafficLightColor": "NA"
      },
      "category": "traffic light",
      "box2d": {
        "x1": 522.808944,
        "y1": 232.082252,
        "x2": 549.011779,
        "y2": 267.019365
      }
    },
    {
      "id": "45316",
      "attributes": {
        "occluded": false,
        "truncated": false,
        "trafficLightColor": "NA"
      },
      "category": "traffic light",
      "box2d": {
        "x1": 477.889798,
        "y1": 229.586744,
        "x2": 506.588141,
        "y2": 264.523857
      }
    },
    {
      "id": "45317",
      "attributes": {
        "occluded": false,
        "truncated": false,
        "trafficLightColor": "NA"
      },
      "category": "traffic light",
      "box2d": {
        "x1": 197.145139,
        "y1": 291.974446,
        "x2": 223.347974,
        "y2": 314.434019
      }
    },
    {
      "id": "45318",
      "attributes": {
        "occluded": true,
        "truncated": false,
        "trafficLightColor": "NA"
      },
      "category": "pedestrian",
      "box2d": {
        "x1": 84.847275,
        "y1": 356.857656,
        "x2": 107.306848,
        "y2": 401.776802
      }
    },
    {
      "id": "45319",
      "attributes": {
        "occluded": true,
        "truncated": false,
        "trafficLightColor": "NA"
      },
      "category": "pedestrian",
      "box2d": {
        "x1": 249.550809,
        "y1": 356.857656,
        "x2": 265.771611,
        "y2": 398.03354
      }
    },
    {
      "id": "45320",
      "attributes": {
        "occluded": true,
        "truncated": false,
        "trafficLightColor": "NA"
      },
      "category": "pedestrian",
      "box2d": {
        "x1": 224.595728,
        "y1": 356.857656,
        "x2": 243.312038,
        "y2": 399.281294
      }
    }
  ],
  "attributes": {
    "weather": "overcast",
    "timeofday": "daytime",
    "scene": "city street"
  },
  "processing_info": {
    "processed_at": "2025-07-07T01:09:17.113766",
    "source": "bdd100k_complete_preprocessing_refactored"
  }
}