{
  "image_filename": "06d937fd-3df1b5be.jpg",
  "video_name": "06d937fd-3df1b5be.jpg",
  "frame_index": 0,
  "metadata": {
    "weather": "overcast",
    "scene": "city street",
    "timeofday": "daytime"
  },
  "labels": [
    {
      "id": "46161",
      "attributes": {
        "occluded": true,
        "truncated": false,
        "trafficLightColor": "NA"
      },
      "category": "car",
      "box2d": {
        "x1": 439.052969,
        "y1": 309.452996,
        "x2": 507.820299,
        "y2": 341.191765
      }
    },
    {
      "id": "46162",
      "attributes": {
        "occluded": true,
        "truncated": false,
        "trafficLightColor": "NA"
      },
      "category": "car",
      "box2d": {
        "x1": 746.522293,
        "y1": 314.00340715502557,
        "x2": 907.861033,
        "y2": 424.506033
      }
    },
    {
      "id": "46163",
      "attributes": {
        "occluded": true,
        "truncated": false,
        "trafficLightColor": "NA"
      },
      "category": "car",
      "box2d": {
        "x1": 828.51411,
        "y1": 325.32238,
        "x2": 1033.493657,
        "y2": 458.889698
      }
    },
    {
      "id": "46164",
      "attributes": {
        "occluded": true,
        "truncated": false,
        "trafficLightColor": "NA"
      },
      "category": "car",
      "box2d": {
        "x1": 316.946877,
        "y1": 326.26916524701875,
        "x2": 501.0562180579216,
        "y2": 455.0596252129472
      }
    },
    {
      "id": "46165",
      "attributes": {
        "occluded": true,
        "truncated": false,
        "trafficLightColor": "NA"
      },
      "category": "car",
      "box2d": {
        "x1": 15.628952,
        "y1": 322.58943781942077,
        "x2": 380.624793,
        "y2": 512.7086882453152
      }
    },
    {
      "id": "46166",
      "attributes": {
        "occluded": false,
        "truncated": true,
        "trafficLightColor": "NA"
      },
      "category": "car",
      "box2d": {
        "x1": 1.983672,
        "y1": 399.86371379897787,
        "x2": 134.228543,
        "y2": 615.7410562180579
      }
    },
    {
      "id": "46167",
      "attributes": {
        "occluded": false,
        "truncated": true,
        "trafficLightColor": "NA"
      },
      "category": "car",
      "box2d": {
        "x1": 1137.967104,
        "y1": 415.248891,
        "x2": 1278.146666,
        "y2": 607.1550255536627
      }
    },
    {
      "id": "46168",
      "attributes": {
        "occluded": true,
        "truncated": true,
        "trafficLightColor": "NA"
      },
      "category": "car",
      "box2d": {
        "x1": 936.954903,
        "y1": 343.836662,
        "x2": 1278.146668,
        "y2": 538.4667802385009
      }
    },
    {
      "id": "46169",
      "attributes": {
        "occluded": false,
        "truncated": false,
        "trafficLightColor": "NA"
      },
      "category": "car",
      "box2d": {
        "x1": 472.775409,
        "y1": 268.457086,
        "x2": 766.359022,
        "y2": 521.2947189097104
      }
    },
    {
      "id": "46170",
      "attributes": {
        "occluded": false,
        "truncated": false,
        "trafficLightColor": "NA"
      },
      "category": "traffic sign",
      "box2d": {
        "x1": 875.725523,
        "y1": 258.406478,
        "x2": 892.917358,
        "y2": 276.92076
      }
    },
    {
      "id": "46171",
      "attributes": {
        "occluded": false,
        "truncated": false,
        "trafficLightColor": "NA"
      },
      "category": "traffic sign",
      "box2d": {
        "x1": 995.010393,
        "y1": 315.800753,
        "x2": 1008.234881,
        "y2": 330.34769
      }
    }
  ],
  "attributes": {
    "weather": "overcast",
    "timeofday": "daytime",
    "scene": "city street"
  },
  "processing_info": {
    "processed_at": "2025-07-07T01:09:13.200274",
    "source": "bdd100k_complete_preprocessing_refactored"
  }
}