{
  "image_filename": "06fc9e56-f4dc4049.jpg",
  "video_name": "06fc9e56-f4dc4049.jpg",
  "frame_index": 0,
  "metadata": {
    "weather": "clear",
    "scene": "city street",
    "timeofday": "daytime"
  },
  "labels": [
    {
      "id": "47243",
      "attributes": {
        "occluded": false,
        "truncated": false,
        "trafficLightColor": "Y"
      },
      "category": "traffic light",
      "box2d": {
        "x1": 350.618887,
        "y1": 195.897385,
        "x2": 363.096427,
        "y2": 233.330006
      }
    },
    {
      "id": "47244",
      "attributes": {
        "occluded": false,
        "truncated": false,
        "trafficLightColor": "Y"
      },
      "category": "traffic light",
      "box2d": {
        "x1": 444.200439,
        "y1": 234.577761,
        "x2": 451.686964,
        "y2": 260.780596
      }
    },
    {
      "id": "47245",
      "attributes": {
        "occluded": false,
        "truncated": false,
        "trafficLightColor": "NA"
      },
      "category": "traffic light",
      "box2d": {
        "x1": 366.839689,
        "y1": 200.888401,
        "x2": 379.31723,
        "y2": 235.825514
      }
    },
    {
      "id": "47246",
      "attributes": {
        "occluded": false,
        "truncated": false,
        "trafficLightColor": "NA"
      },
      "category": "traffic sign",
      "box2d": {
        "x1": 620.13376,
        "y1": 272.010381,
        "x2": 632.6113,
        "y2": 284.487922
      }
    },
    {
      "id": "47247",
      "attributes": {
        "occluded": true,
        "truncated": false,
        "trafficLightColor": "NA"
      },
      "category": "traffic sign",
      "box2d": {
        "x1": 698.742263,
        "y1": 265.771611,
        "x2": 719.954081,
        "y2": 279.496906
      }
    },
    {
      "id": "47248",
      "attributes": {
        "occluded": false,
        "truncated": false,
        "trafficLightColor": "NA"
      },
      "category": "traffic sign",
      "box2d": {
        "x1": 537.781992,
        "y1": 263.276103,
        "x2": 551.507287,
        "y2": 295.717708
      }
    },
    {
      "id": "47249",
      "attributes": {
        "occluded": true,
        "truncated": false,
        "trafficLightColor": "NA"
      },
      "category": "pedestrian",
      "box2d": {
        "x1": 255.789579,
        "y1": 291.974446,
        "x2": 280.744659,
        "y2": 339.3891
      }
    },
    {
      "id": "47250",
      "attributes": {
        "occluded": true,
        "truncated": false,
        "trafficLightColor": "NA"
      },
      "category": "pedestrian",
      "box2d": {
        "x1": 305.69974,
        "y1": 304.451986,
        "x2": 330.65482,
        "y2": 340.199767
      }
    },
    {
      "id": "47251",
      "attributes": {
        "occluded": true,
        "truncated": false,
        "trafficLightColor": "NA"
      },
      "category": "pedestrian",
      "box2d": {
        "x1": 172.190058,
        "y1": 320.672789,
        "x2": 200.888401,
        "y2": 343.574764
      }
    },
    {
      "id": "47252",
      "attributes": {
        "occluded": true,
        "truncated": false,
        "trafficLightColor": "NA"
      },
      "category": "pedestrian",
      "box2d": {
        "x1": 32.441605,
        "y1": 298.213215,
        "x2": 78.608505,
        "y2": 413.006588
      }
    },
    {
      "id": "47253",
      "attributes": {
        "occluded": false,
        "truncated": true,
        "trafficLightColor": "NA"
      },
      "category": "car",
      "box2d": {
        "x1": 0.0,
        "y1": 395.538032,
        "x2": 173.437811,
        "y2": 599.859710555675
      }
    },
    {
      "id": "47254",
      "attributes": {
        "occluded": true,
        "truncated": false,
        "trafficLightColor": "NA"
      },
      "category": "car",
      "box2d": {
        "x1": 142.243962,
        "y1": 341.884609,
        "x2": 390.298057380536,
        "y2": 479.137551
      }
    },
    {
      "id": "47255",
      "attributes": {
        "occluded": false,
        "truncated": false,
        "trafficLightColor": "NA"
      },
      "category": "pedestrian",
      "box2d": {
        "x1": 429.22739,
        "y1": 308.195249,
        "x2": 450.439207,
        "y2": 381.812737
      }
    },
    {
      "id": "47256",
      "attributes": {
        "occluded": true,
        "truncated": false,
        "trafficLightColor": "NA"
      },
      "category": "car",
      "box2d": {
        "x1": 445.448193,
        "y1": 301.956478,
        "x2": 519.065683,
        "y2": 370.582952
      }
    },
    {
      "id": "47257",
      "attributes": {
        "occluded": true,
        "truncated": false,
        "trafficLightColor": "NA"
      },
      "category": "car",
      "box2d": {
        "x1": 516.570174,
        "y1": 313.186264,
        "x2": 537.78199,
        "y2": 355.609901
      }
    },
    {
      "id": "47258",
      "attributes": {
        "occluded": true,
        "truncated": false,
        "trafficLightColor": "NA"
      },
      "category": "truck",
      "box2d": {
        "x1": 530.106662,
        "y1": 308.13729,
        "x2": 571.471354,
        "y2": 346.875625
      }
    },
    {
      "id": "47259",
      "attributes": {
        "occluded": true,
        "truncated": false,
        "trafficLightColor": "NA"
      },
      "category": "car",
      "box2d": {
        "x1": 571.471352,
        "y1": 313.186264,
        "x2": 591.435415,
        "y2": 331.902574
      }
    },
    {
      "id": "47260",
      "attributes": {
        "occluded": true,
        "truncated": false,
        "trafficLightColor": "NA"
      },
      "category": "car",
      "box2d": {
        "x1": 583.948892,
        "y1": 306.947495,
        "x2": 601.41745,
        "y2": 320.672789
      }
    },
    {
      "id": "47261",
      "attributes": {
        "occluded": false,
        "truncated": false,
        "trafficLightColor": "NA"
      },
      "category": "car",
      "box2d": {
        "x1": 599.294114,
        "y1": 314.43402,
        "x2": 641.345578,
        "y2": 348.123378
      }
    },
    {
      "id": "47262",
      "attributes": {
        "occluded": false,
        "truncated": false,
        "trafficLightColor": "NA"
      },
      "category": "car",
      "box2d": {
        "x1": 675.034936,
        "y1": 313.186264,
        "x2": 696.246755,
        "y2": 334.398081
      }
    },
    {
      "id": "47263",
      "attributes": {
        "occluded": true,
        "truncated": false,
        "trafficLightColor": "NA"
      },
      "category": "car",
      "box2d": {
        "x1": 657.56638,
        "y1": 306.947495,
        "x2": 677.530443,
        "y2": 324.416051
      }
    },
    {
      "id": "47264",
      "attributes": {
        "occluded": true,
        "truncated": false,
        "trafficLightColor": "NA"
      },
      "category": "truck",
      "box2d": {
        "x1": 668.796167,
        "y1": 296.965462,
        "x2": 685.016969,
        "y2": 309.443002
      }
    },
    {
      "id": "47265",
      "attributes": {
        "occluded": true,
        "truncated": false,
        "trafficLightColor": "NA"
      },
      "category": "car",
      "box2d": {
        "x1": 631.363546,
        "y1": 304.451986,
        "x2": 645.08884,
        "y2": 319.425035
      }
    },
    {
      "id": "47266",
      "attributes": {
        "occluded": true,
        "truncated": false,
        "trafficLightColor": "NA"
      },
      "category": "car",
      "box2d": {
        "x1": 729.936115,
        "y1": 310.690757,
        "x2": 751.147933,
        "y2": 340.636854
      }
    },
    {
      "id": "47267",
      "attributes": {
        "occluded": false,
        "truncated": false,
        "trafficLightColor": "NA"
      },
      "category": "bus",
      "box2d": {
        "x1": 730.919024,
        "y1": 88.590537,
        "x2": 1177.879816,
        "y2": 476.642044
      }
    }
  ],
  "attributes": {
    "weather": "clear",
    "timeofday": "daytime",
    "scene": "city street"
  },
  "processing_info": {
    "processed_at": "2025-07-07T01:09:12.820162",
    "source": "bdd100k_complete_preprocessing_refactored"
  }
}