{
  "image_filename": "07034b4f-2ffea8e6.jpg",
  "video_name": "07034b4f-2ffea8e6.jpg",
  "frame_index": 0,
  "metadata": {
    "weather": "undefined",
    "scene": "city street",
    "timeofday": "daytime"
  },
  "labels": [
    {
      "id": "47580",
      "attributes": {
        "occluded": true,
        "truncated": false,
        "trafficLightColor": "NA"
      },
      "category": "pedestrian",
      "box2d": {
        "x1": 365.295921,
        "y1": 244.836401,
        "x2": 379.986106,
        "y2": 277.889315
      }
    },
    {
      "id": "47581",
      "attributes": {
        "occluded": true,
        "truncated": false,
        "trafficLightColor": "NA"
      },
      "category": "pedestrian",
      "box2d": {
        "x1": 410.590656,
        "y1": 247.284764,
        "x2": 425.28084,
        "y2": 281.561859
      }
    },
    {
      "id": "47582",
      "attributes": {
        "occluded": true,
        "truncated": false,
        "trafficLightColor": "NA"
      },
      "category": "pedestrian",
      "box2d": {
        "x1": 403.245564,
        "y1": 249.733128,
        "x2": 415.487383,
        "y2": 286.458588
      }
    },
    {
      "id": "47583",
      "attributes": {
        "occluded": true,
        "truncated": false,
        "trafficLightColor": "NA"
      },
      "category": "pedestrian",
      "box2d": {
        "x1": 834.157646,
        "y1": 237.491309,
        "x2": 842.72692,
        "y2": 248.508947
      }
    },
    {
      "id": "47584",
      "attributes": {
        "occluded": true,
        "truncated": false,
        "trafficLightColor": "NA"
      },
      "category": "pedestrian",
      "box2d": {
        "x1": 823.140008,
        "y1": 238.71549,
        "x2": 832.933465,
        "y2": 249.733128
      }
    },
    {
      "id": "47585",
      "attributes": {
        "occluded": true,
        "truncated": false,
        "trafficLightColor": "NA"
      },
      "category": "pedestrian",
      "box2d": {
        "x1": 806.00146,
        "y1": 238.71549,
        "x2": 821.915825,
        "y2": 264.423312
      }
    },
    {
      "id": "47586",
      "attributes": {
        "occluded": false,
        "truncated": false,
        "trafficLightColor": "NA"
      },
      "category": "pedestrian",
      "box2d": {
        "x1": 345.219325,
        "y1": 247.590809,
        "x2": 357.461144,
        "y2": 284.31627
      }
    },
    {
      "id": "47587",
      "attributes": {
        "occluded": false,
        "truncated": false,
        "trafficLightColor": "NA"
      },
      "category": "pedestrian",
      "box2d": {
        "x1": 355.01278,
        "y1": 248.814992,
        "x2": 368.478782,
        "y2": 280.643725
      }
    },
    {
      "id": "47588",
      "attributes": {
        "occluded": false,
        "truncated": false,
        "trafficLightColor": "NA"
      },
      "category": "pedestrian",
      "box2d": {
        "x1": 378.272237,
        "y1": 245.142446,
        "x2": 392.962423,
        "y2": 283.092088
      }
    },
    {
      "id": "47589",
      "attributes": {
        "occluded": true,
        "truncated": false,
        "trafficLightColor": "NA"
      },
      "category": "pedestrian",
      "box2d": {
        "x1": 428.463702,
        "y1": 247.590809,
        "x2": 443.153886,
        "y2": 283.092088
      }
    },
    {
      "id": "47590",
      "attributes": {
        "occluded": true,
        "truncated": false,
        "trafficLightColor": "NA"
      },
      "category": "pedestrian",
      "box2d": {
        "x1": 66.105828,
        "y1": 243.918263,
        "x2": 91.813651,
        "y2": 318.593365
      }
    },
    {
      "id": "47591",
      "attributes": {
        "occluded": true,
        "truncated": false,
        "trafficLightColor": "NA"
      },
      "category": "car",
      "box2d": {
        "x1": 531.294989,
        "y1": 251.569401,
        "x2": 554.554446,
        "y2": 280.949769
      }
    },
    {
      "id": "47592",
      "attributes": {
        "occluded": true,
        "truncated": false,
        "trafficLightColor": "NA"
      },
      "category": "car",
      "box2d": {
        "x1": 511.708077,
        "y1": 251.569401,
        "x2": 539.864264,
        "y2": 283.398134
      }
    },
    {
      "id": "47593",
      "attributes": {
        "occluded": true,
        "truncated": false,
        "trafficLightColor": "NA"
      },
      "category": "car",
      "box2d": {
        "x1": 793.269936,
        "y1": 246.672674,
        "x2": 866.720857,
        "y2": 331.141232
      }
    },
    {
      "id": "47594",
      "attributes": {
        "occluded": true,
        "truncated": false,
        "trafficLightColor": "NA"
      },
      "category": "car",
      "box2d": {
        "x1": 833.667943,
        "y1": 213.619759,
        "x2": 1057.693249,
        "y2": 362.969963
      }
    },
    {
      "id": "47595",
      "attributes": {
        "occluded": true,
        "truncated": true,
        "trafficLightColor": "NA"
      },
      "category": "car",
      "box2d": {
        "x1": 982.61011,
        "y1": 184.443422,
        "x2": 1278.862155,
        "y2": 341.546777
      }
    },
    {
      "id": "47596",
      "attributes": {
        "occluded": false,
        "truncated": true,
        "trafficLightColor": "NA"
      },
      "category": "car",
      "box2d": {
        "x1": 0.0,
        "y1": 191.217226,
        "x2": 83.10928984652924,
        "y2": 407.89744
      }
    },
    {
      "id": "47597",
      "attributes": {
        "occluded": true,
        "truncated": true,
        "trafficLightColor": "NA"
      },
      "category": "car",
      "box2d": {
        "x1": 960.738057,
        "y1": 196.113953,
        "x2": 1279.025377,
        "y2": 540.109095
      }
    },
    {
      "id": "47598",
      "attributes": {
        "occluded": false,
        "truncated": false,
        "trafficLightColor": "NA"
      },
      "category": "car",
      "box2d": {
        "x1": 462.740797,
        "y1": 248.753784,
        "x2": 521.501534,
        "y2": 295.272699
      }
    },
    {
      "id": "47599",
      "attributes": {
        "occluded": false,
        "truncated": false,
        "trafficLightColor": "NA"
      },
      "category": "car",
      "box2d": {
        "x1": 156.695296,
        "y1": 253.74633891633172,
        "x2": 320.735684,
        "y2": 346.688343
      }
    },
    {
      "id": "47600",
      "attributes": {
        "occluded": false,
        "truncated": false,
        "trafficLightColor": "NA"
      },
      "category": "car",
      "box2d": {
        "x1": 510.483894,
        "y1": 184.239391,
        "x2": 818.977759,
        "y2": 474.370527
      }
    },
    {
      "id": "47601",
      "attributes": {
        "occluded": false,
        "truncated": false,
        "trafficLightColor": "NA"
      },
      "category": "traffic sign",
      "box2d": {
        "x1": 351.340234,
        "y1": 118.745654,
        "x2": 439.48134,
        "y2": 135.884203
      }
    },
    {
      "id": "47602",
      "attributes": {
        "occluded": false,
        "truncated": false,
        "trafficLightColor": "NA"
      },
      "category": "traffic sign",
      "box2d": {
        "x1": 230.146216,
        "y1": 165.264569,
        "x2": 269.320041,
        "y2": 177.506389
      }
    },
    {
      "id": "47603",
      "attributes": {
        "occluded": false,
        "truncated": false,
        "trafficLightColor": "NA"
      },
      "category": "traffic sign",
      "box2d": {
        "x1": 525.990207,
        "y1": 216.680214,
        "x2": 550.473848,
        "y2": 224.025306
      }
    },
    {
      "id": "47604",
      "attributes": {
        "occluded": false,
        "truncated": false,
        "trafficLightColor": "NA"
      },
      "category": "traffic sign",
      "box2d": {
        "x1": 767.562114,
        "y1": 194.644938,
        "x2": 788.373209,
        "y2": 201.99003
      }
    },
    {
      "id": "47605",
      "attributes": {
        "occluded": false,
        "truncated": false,
        "trafficLightColor": "NA"
      },
      "category": "traffic sign",
      "box2d": {
        "x1": 758.992841,
        "y1": 203.214211,
        "x2": 778.579752,
        "y2": 208.110939
      }
    },
    {
      "id": "47606",
      "attributes": {
        "occluded": false,
        "truncated": false,
        "trafficLightColor": "NA"
      },
      "category": "traffic sign",
      "box2d": {
        "x1": 728.388291,
        "y1": 208.11094,
        "x2": 738.181748,
        "y2": 219.128578
      }
    },
    {
      "id": "47607",
      "attributes": {
        "occluded": false,
        "truncated": false,
        "trafficLightColor": "NA"
      },
      "category": "traffic sign",
      "box2d": {
        "x1": 764.297642,
        "y1": 219.128578,
        "x2": 774.091098,
        "y2": 232.594581
      }
    },
    {
      "id": "47608",
      "attributes": {
        "occluded": false,
        "truncated": false,
        "trafficLightColor": "NA"
      },
      "category": "traffic sign",
      "box2d": {
        "x1": 889.164207,
        "y1": 166.488753,
        "x2": 902.630209,
        "y2": 182.403118
      }
    },
    {
      "id": "47609",
      "attributes": {
        "occluded": true,
        "truncated": false,
        "trafficLightColor": "NA"
      },
      "category": "traffic sign",
      "box2d": {
        "x1": 1091.56231,
        "y1": 170.161299,
        "x2": 1119.718496,
        "y2": 182.403118
      }
    },
    {
      "id": "47610",
      "attributes": {
        "occluded": true,
        "truncated": false,
        "trafficLightColor": "NA"
      },
      "category": "traffic sign",
      "box2d": {
        "x1": 1097.68322,
        "y1": 142.179989,
        "x2": 1123.799096,
        "y2": 167.712934
      }
    },
    {
      "id": "47611",
      "attributes": {
        "occluded": false,
        "truncated": false,
        "trafficLightColor": "NA"
      },
      "category": "traffic sign",
      "box2d": {
        "x1": 1095.234856,
        "y1": 183.6273,
        "x2": 1113.597586,
        "y2": 208.11094
      }
    },
    {
      "id": "47612",
      "attributes": {
        "occluded": false,
        "truncated": false,
        "trafficLightColor": "G"
      },
      "category": "traffic light",
      "box2d": {
        "x1": 465.597226,
        "y1": 110.992502,
        "x2": 479.063228,
        "y2": 140.37287
      }
    },
    {
      "id": "47613",
      "attributes": {
        "occluded": false,
        "truncated": false,
        "trafficLightColor": "G"
      },
      "category": "traffic light",
      "box2d": {
        "x1": 665.546972,
        "y1": 131.803596,
        "x2": 675.340429,
        "y2": 156.287237
      }
    },
    {
      "id": "47614",
      "attributes": {
        "occluded": false,
        "truncated": false,
        "trafficLightColor": "G"
      },
      "category": "traffic light",
      "box2d": {
        "x1": 777.763644,
        "y1": 218.720518,
        "x2": 788.781282,
        "y2": 229.738156
      }
    },
    {
      "id": "47615",
      "attributes": {
        "occluded": false,
        "truncated": false,
        "trafficLightColor": "NA"
      },
      "category": "traffic light",
      "box2d": {
        "x1": 481.511591,
        "y1": 109.360257,
        "x2": 494.977594,
        "y2": 141.188989
      }
    },
    {
      "id": "47616",
      "attributes": {
        "occluded": false,
        "truncated": false,
        "trafficLightColor": "NA"
      },
      "category": "traffic light",
      "box2d": {
        "x1": 677.380722,
        "y1": 134.251959,
        "x2": 687.174178,
        "y2": 156.287235
      }
    },
    {
      "id": "47617",
      "attributes": {
        "occluded": false,
        "truncated": false,
        "trafficLightColor": "NA"
      },
      "category": "traffic light",
      "box2d": {
        "x1": 553.738338,
        "y1": 212.599607,
        "x2": 559.859249,
        "y2": 223.617245
      }
    }
  ],
  "attributes": {
    "weather": "undefined",
    "timeofday": "daytime",
    "scene": "city street"
  },
  "processing_info": {
    "processed_at": "2025-07-07T01:09:16.219740",
    "source": "bdd100k_complete_preprocessing_refactored"
  }
}