{
  "image_filename": "0725b3e1-e2d1e6af.jpg",
  "video_name": "0725b3e1-e2d1e6af.jpg",
  "frame_index": 0,
  "metadata": {
    "weather": "overcast",
    "scene": "city street",
    "timeofday": "dawn/dusk"
  },
  "labels": [
    {
      "id": "49389",
      "attributes": {
        "occluded": false,
        "truncated": false,
        "trafficLightColor": "G"
      },
      "category": "traffic light",
      "box2d": {
        "x1": 466.660013,
        "y1": 240.81653,
        "x2": 476.642045,
        "y2": 262.028349
      }
    },
    {
      "id": "49390",
      "attributes": {
        "occluded": false,
        "truncated": false,
        "trafficLightColor": "G"
      },
      "category": "traffic light",
      "box2d": {
        "x1": 611.399481,
        "y1": 247.0553,
        "x2": 625.124775,
        "y2": 270.762627
      }
    },
    {
      "id": "49391",
      "attributes": {
        "occluded": false,
        "truncated": false,
        "trafficLightColor": "NA"
      },
      "category": "traffic light",
      "box2d": {
        "x1": 456.67798,
        "y1": 237.073268,
        "x2": 465.412259,
        "y2": 262.028349
      }
    },
    {
      "id": "49392",
      "attributes": {
        "occluded": false,
        "truncated": false,
        "trafficLightColor": "NA"
      },
      "category": "traffic light",
      "box2d": {
        "x1": 605.160711,
        "y1": 249.550809,
        "x2": 616.390496,
        "y2": 264.523857
      }
    },
    {
      "id": "49393",
      "attributes": {
        "occluded": false,
        "truncated": false,
        "trafficLightColor": "R"
      },
      "category": "traffic light",
      "box2d": {
        "x1": 404.27231,
        "y1": 306.947496,
        "x2": 416.74985,
        "y2": 318.177282
      }
    },
    {
      "id": "49394",
      "attributes": {
        "occluded": false,
        "truncated": false,
        "trafficLightColor": "R"
      },
      "category": "traffic light",
      "box2d": {
        "x1": 683.769215,
        "y1": 306.947496,
        "x2": 697.494511,
        "y2": 319.425035
      }
    },
    {
      "id": "49395",
      "attributes": {
        "occluded": false,
        "truncated": false,
        "trafficLightColor": "G"
      },
      "category": "traffic light",
      "box2d": {
        "x1": 536.534237,
        "y1": 306.947496,
        "x2": 546.516271,
        "y2": 318.177282
      }
    },
    {
      "id": "49396",
      "attributes": {
        "occluded": false,
        "truncated": false,
        "trafficLightColor": "G"
      },
      "category": "traffic light",
      "box2d": {
        "x1": 591.435417,
        "y1": 309.443003,
        "x2": 597.674188,
        "y2": 319.425035
      }
    },
    {
      "id": "49397",
      "attributes": {
        "occluded": false,
        "truncated": false,
        "trafficLightColor": "G"
      },
      "category": "traffic light",
      "box2d": {
        "x1": 556.498303,
        "y1": 319.425035,
        "x2": 563.984827,
        "y2": 329.40707
      }
    },
    {
      "id": "49398",
      "attributes": {
        "occluded": false,
        "truncated": false,
        "trafficLightColor": "NA"
      },
      "category": "traffic sign",
      "box2d": {
        "x1": 338.141346,
        "y1": 260.780595,
        "x2": 358.10541,
        "y2": 270.762627
      }
    },
    {
      "id": "49399",
      "attributes": {
        "occluded": false,
        "truncated": false,
        "trafficLightColor": "NA"
      },
      "category": "traffic sign",
      "box2d": {
        "x1": 726.192852,
        "y1": 294.469954,
        "x2": 746.156916,
        "y2": 305.69974
      }
    },
    {
      "id": "49400",
      "attributes": {
        "occluded": false,
        "truncated": false,
        "trafficLightColor": "NA"
      },
      "category": "traffic sign",
      "box2d": {
        "x1": 340.636854,
        "y1": 291.974446,
        "x2": 359.353163,
        "y2": 301.956477
      }
    },
    {
      "id": "49401",
      "attributes": {
        "occluded": false,
        "truncated": false,
        "trafficLightColor": "NA"
      },
      "category": "traffic sign",
      "box2d": {
        "x1": 341.884607,
        "y1": 303.204232,
        "x2": 359.353162,
        "y2": 315.681773
      }
    },
    {
      "id": "49402",
      "attributes": {
        "occluded": false,
        "truncated": false,
        "trafficLightColor": "NA"
      },
      "category": "traffic sign",
      "box2d": {
        "x1": 361.848672,
        "y1": 285.735676,
        "x2": 385.555999,
        "y2": 303.204232
      }
    },
    {
      "id": "49403",
      "attributes": {
        "occluded": false,
        "truncated": false,
        "trafficLightColor": "NA"
      },
      "category": "traffic sign",
      "box2d": {
        "x1": 116.041126,
        "y1": 281.992414,
        "x2": 123.52765,
        "y2": 305.699739
      }
    },
    {
      "id": "49404",
      "attributes": {
        "occluded": true,
        "truncated": false,
        "trafficLightColor": "NA"
      },
      "category": "car",
      "box2d": {
        "x1": 598.921941,
        "y1": 335.645837,
        "x2": 612.647235,
        "y2": 350.618885
      }
    },
    {
      "id": "49405",
      "attributes": {
        "occluded": false,
        "truncated": false,
        "trafficLightColor": "NA"
      },
      "category": "car",
      "box2d": {
        "x1": 575.214614,
        "y1": 341.884607,
        "x2": 591.435413,
        "y2": 353.114393
      }
    },
    {
      "id": "49406",
      "attributes": {
        "occluded": false,
        "truncated": false,
        "trafficLightColor": "NA"
      },
      "category": "car",
      "box2d": {
        "x1": 550.259533,
        "y1": 339.3891,
        "x2": 568.975842,
        "y2": 350.618885
      }
    },
    {
      "id": "49407",
      "attributes": {
        "occluded": true,
        "truncated": false,
        "trafficLightColor": "NA"
      },
      "category": "car",
      "box2d": {
        "x1": 566.480335,
        "y1": 340.636854,
        "x2": 576.462369,
        "y2": 351.866641
      }
    },
    {
      "id": "49408",
      "attributes": {
        "occluded": true,
        "truncated": false,
        "trafficLightColor": "NA"
      },
      "category": "car",
      "box2d": {
        "x1": 532.790976,
        "y1": 334.398083,
        "x2": 546.516271,
        "y2": 351.866639
      }
    },
    {
      "id": "49409",
      "attributes": {
        "occluded": true,
        "truncated": false,
        "trafficLightColor": "NA"
      },
      "category": "bus",
      "box2d": {
        "x1": 509.083649,
        "y1": 324.416051,
        "x2": 532.790976,
        "y2": 351.866642
      }
    },
    {
      "id": "49410",
      "attributes": {
        "occluded": true,
        "truncated": false,
        "trafficLightColor": "NA"
      },
      "category": "bus",
      "box2d": {
        "x1": 608.903973,
        "y1": 316.929527,
        "x2": 622.629267,
        "y2": 356.857656
      }
    },
    {
      "id": "49411",
      "attributes": {
        "occluded": true,
        "truncated": false,
        "trafficLightColor": "NA"
      },
      "category": "bus",
      "box2d": {
        "x1": 618.886005,
        "y1": 305.69974,
        "x2": 666.300659,
        "y2": 356.857656
      }
    },
    {
      "id": "49412",
      "attributes": {
        "occluded": true,
        "truncated": false,
        "trafficLightColor": "NA"
      },
      "category": "car",
      "box2d": {
        "x1": 491.615092,
        "y1": 331.902575,
        "x2": 515.322419,
        "y2": 355.609902
      }
    },
    {
      "id": "49413",
      "attributes": {
        "occluded": true,
        "truncated": false,
        "trafficLightColor": "NA"
      },
      "category": "car",
      "box2d": {
        "x1": 480.385306,
        "y1": 328.159314,
        "x2": 495.358354,
        "y2": 354.362148
      }
    },
    {
      "id": "49414",
      "attributes": {
        "occluded": false,
        "truncated": false,
        "trafficLightColor": "NA"
      },
      "category": "car",
      "box2d": {
        "x1": 441.704931,
        "y1": 318.177281,
        "x2": 484.128569,
        "y2": 356.857655
      }
    },
    {
      "id": "49415",
      "attributes": {
        "occluded": false,
        "truncated": true,
        "trafficLightColor": "NA"
      },
      "category": "car",
      "box2d": {
        "x1": 840.986224,
        "y1": 274.505889,
        "x2": 1276.452388,
        "y2": 510.2555366269165
      }
    },
    {
      "id": "49416",
      "attributes": {
        "occluded": true,
        "truncated": false,
        "trafficLightColor": "NA"
      },
      "category": "car",
      "box2d": {
        "x1": 650.079856,
        "y1": 324.416051,
        "x2": 701.237772,
        "y2": 371.830708
      }
    },
    {
      "id": "49417",
      "attributes": {
        "occluded": true,
        "truncated": false,
        "trafficLightColor": "NA"
      },
      "category": "car",
      "box2d": {
        "x1": 665.052905,
        "y1": 331.902575,
        "x2": 701.237772,
        "y2": 374.326213
      }
    },
    {
      "id": "49418",
      "attributes": {
        "occluded": true,
        "truncated": false,
        "trafficLightColor": "NA"
      },
      "category": "car",
      "box2d": {
        "x1": 686.264724,
        "y1": 323.168297,
        "x2": 778.598523,
        "y2": 385.555999
      }
    },
    {
      "id": "49419",
      "attributes": {
        "occluded": true,
        "truncated": false,
        "trafficLightColor": "NA"
      },
      "category": "car",
      "box2d": {
        "x1": 744.909164,
        "y1": 324.416051,
        "x2": 875.923338,
        "y2": 432.970657
      }
    },
    {
      "id": "49420",
      "attributes": {
        "occluded": true,
        "truncated": false,
        "trafficLightColor": "NA"
      },
      "category": "car",
      "box2d": {
        "x1": 324.416051,
        "y1": 320.672789,
        "x2": 386.803754,
        "y2": 378.069474
      }
    },
    {
      "id": "49421",
      "attributes": {
        "occluded": false,
        "truncated": false,
        "trafficLightColor": "NA"
      },
      "category": "car",
      "box2d": {
        "x1": 210.870433,
        "y1": 314.434019,
        "x2": 335.645837,
        "y2": 393.042522
      }
    },
    {
      "id": "49422",
      "attributes": {
        "occluded": false,
        "truncated": false,
        "trafficLightColor": "NA"
      },
      "category": "pedestrian",
      "box2d": {
        "x1": 93.581554,
        "y1": 303.204232,
        "x2": 117.288879,
        "y2": 378.069475
      }
    },
    {
      "id": "49423",
      "attributes": {
        "occluded": false,
        "truncated": true,
        "trafficLightColor": "NA"
      },
      "category": "pedestrian",
      "box2d": {
        "x1": 1.102008,
        "y1": 308.195249,
        "x2": 18.716309,
        "y2": 395.538032
      }
    },
    {
      "id": "49424",
      "attributes": {
        "occluded": false,
        "truncated": false,
        "trafficLightColor": "NA"
      },
      "category": "pedestrian",
      "box2d": {
        "x1": 391.794769,
        "y1": 326.911559,
        "x2": 401.776804,
        "y2": 354.362148
      }
    },
    {
      "id": "49425",
      "attributes": {
        "occluded": false,
        "truncated": false,
        "trafficLightColor": "NA"
      },
      "category": "pedestrian",
      "box2d": {
        "x1": 401.776802,
        "y1": 324.416051,
        "x2": 414.254342,
        "y2": 355.609905
      }
    },
    {
      "id": "49426",
      "attributes": {
        "occluded": true,
        "truncated": false,
        "trafficLightColor": "NA"
      },
      "category": "pedestrian",
      "box2d": {
        "x1": 421.740866,
        "y1": 333.150329,
        "x2": 430.475146,
        "y2": 356.857656
      }
    }
  ],
  "attributes": {
    "weather": "overcast",
    "timeofday": "dawn/dusk",
    "scene": "city street"
  },
  "processing_info": {
    "processed_at": "2025-07-07T01:09:13.814343",
    "source": "bdd100k_complete_preprocessing_refactored"
  }
}