{
  "image_filename": "072a5b71-13456ded.jpg",
  "video_name": "072a5b71-13456ded.jpg",
  "frame_index": 0,
  "metadata": {
    "weather": "undefined",
    "scene": "residential",
    "timeofday": "daytime"
  },
  "labels": [
    {
      "id": "49561",
      "attributes": {
        "occluded": false,
        "truncated": false,
        "trafficLightColor": "G"
      },
      "category": "traffic light",
      "box2d": {
        "x1": 397.934034,
        "y1": 118.372776,
        "x2": 408.512027,
        "y2": 139.528761
      }
    },
    {
      "id": "49562",
      "attributes": {
        "occluded": false,
        "truncated": false,
        "trafficLightColor": "G"
      },
      "category": "traffic light",
      "box2d": {
        "x1": 497.837304,
        "y1": 108.970114,
        "x2": 507.239964,
        "y2": 127.775435
      }
    },
    {
      "id": "49563",
      "attributes": {
        "occluded": false,
        "truncated": false,
        "trafficLightColor": "NA"
      },
      "category": "traffic light",
      "box2d": {
        "x1": 385.005375,
        "y1": 132.812577,
        "x2": 393.232703,
        "y2": 148.091902
      }
    },
    {
      "id": "49564",
      "attributes": {
        "occluded": false,
        "truncated": false,
        "trafficLightColor": "NA"
      },
      "category": "traffic light",
      "box2d": {
        "x1": 392.057371,
        "y1": 132.812577,
        "x2": 402.635364,
        "y2": 148.091902
      }
    },
    {
      "id": "49565",
      "attributes": {
        "occluded": false,
        "truncated": false,
        "trafficLightColor": "NA"
      },
      "category": "traffic light",
      "box2d": {
        "x1": 460.226661,
        "y1": 140.032478,
        "x2": 470.804655,
        "y2": 153.968564
      }
    },
    {
      "id": "49566",
      "attributes": {
        "occluded": false,
        "truncated": false,
        "trafficLightColor": "NA"
      },
      "category": "traffic sign",
      "box2d": {
        "x1": 287.452769,
        "y1": 143.558475,
        "x2": 305.082759,
        "y2": 152.961137
      }
    },
    {
      "id": "49567",
      "attributes": {
        "occluded": false,
        "truncated": false,
        "trafficLightColor": "NA"
      },
      "category": "traffic sign",
      "box2d": {
        "x1": 537.518764,
        "y1": 164.546564,
        "x2": 552.798089,
        "y2": 175.124557
      }
    },
    {
      "id": "49568",
      "attributes": {
        "occluded": false,
        "truncated": false,
        "trafficLightColor": "NA"
      },
      "category": "traffic sign",
      "box2d": {
        "x1": 549.272092,
        "y1": 172.773892,
        "x2": 559.850085,
        "y2": 182.176552
      }
    },
    {
      "id": "49569",
      "attributes": {
        "occluded": false,
        "truncated": false,
        "trafficLightColor": "NA"
      },
      "category": "traffic sign",
      "box2d": {
        "x1": 938.782218,
        "y1": 66.993958,
        "x2": 979.368836,
        "y2": 94.646411
      }
    },
    {
      "id": "49570",
      "attributes": {
        "occluded": true,
        "truncated": false,
        "trafficLightColor": "NA"
      },
      "category": "car",
      "box2d": {
        "x1": 426.142017,
        "y1": 180.83331,
        "x2": 439.070674,
        "y2": 193.761968
      }
    },
    {
      "id": "49571",
      "attributes": {
        "occluded": true,
        "truncated": false,
        "trafficLightColor": "NA"
      },
      "category": "car",
      "box2d": {
        "x1": 419.090021,
        "y1": 187.885306,
        "x2": 439.070674,
        "y2": 198.463299
      }
    },
    {
      "id": "49572",
      "attributes": {
        "occluded": true,
        "truncated": false,
        "trafficLightColor": "NA"
      },
      "category": "car",
      "box2d": {
        "x1": 407.336693,
        "y1": 190.235971,
        "x2": 432.018678,
        "y2": 203.16463
      }
    },
    {
      "id": "49573",
      "attributes": {
        "occluded": false,
        "truncated": false,
        "trafficLightColor": "NA"
      },
      "category": "car",
      "box2d": {
        "x1": 390.882037,
        "y1": 198.463299,
        "x2": 424.966681,
        "y2": 212.56729
      }
    },
    {
      "id": "49574",
      "attributes": {
        "occluded": true,
        "truncated": false,
        "trafficLightColor": "NA"
      },
      "category": "car",
      "box2d": {
        "x1": 374.427381,
        "y1": 198.463299,
        "x2": 392.057371,
        "y2": 211.391958
      }
    },
    {
      "id": "49575",
      "attributes": {
        "occluded": true,
        "truncated": false,
        "trafficLightColor": "NA"
      },
      "category": "car",
      "box2d": {
        "x1": 360.32339,
        "y1": 189.564355,
        "x2": 380.304044,
        "y2": 218.94767
      }
    },
    {
      "id": "49576",
      "attributes": {
        "occluded": true,
        "truncated": false,
        "trafficLightColor": "NA"
      },
      "category": "car",
      "box2d": {
        "x1": 345.044068,
        "y1": 190.739689,
        "x2": 369.726052,
        "y2": 220.123002
      }
    },
    {
      "id": "49577",
      "attributes": {
        "occluded": true,
        "truncated": false,
        "trafficLightColor": "NA"
      },
      "category": "car",
      "box2d": {
        "x1": 334.466074,
        "y1": 189.564355,
        "x2": 361.498724,
        "y2": 223.648999
      }
    },
    {
      "id": "49578",
      "attributes": {
        "occluded": true,
        "truncated": false,
        "trafficLightColor": "NA"
      },
      "category": "car",
      "box2d": {
        "x1": 303.907426,
        "y1": 184.863024,
        "x2": 350.920729,
        "y2": 228.35033
      }
    },
    {
      "id": "49579",
      "attributes": {
        "occluded": true,
        "truncated": false,
        "trafficLightColor": "NA"
      },
      "category": "car",
      "box2d": {
        "x1": 279.729157,
        "y1": 187.58308,
        "x2": 330.268459,
        "y2": 232.245718
      }
    },
    {
      "id": "49580",
      "attributes": {
        "occluded": true,
        "truncated": false,
        "trafficLightColor": "NA"
      },
      "category": "car",
      "box2d": {
        "x1": 224.488526,
        "y1": 189.933746,
        "x2": 297.359145,
        "y2": 239.297714
      }
    },
    {
      "id": "49581",
      "attributes": {
        "occluded": true,
        "truncated": false,
        "trafficLightColor": "NA"
      },
      "category": "pedestrian",
      "box2d": {
        "x1": 115.574365,
        "y1": 176.69166,
        "x2": 137.905685,
        "y2": 209.600973
      }
    },
    {
      "id": "49582",
      "attributes": {
        "occluded": true,
        "truncated": false,
        "trafficLightColor": "NA"
      },
      "category": "car",
      "box2d": {
        "x1": 110.873036,
        "y1": 179.042326,
        "x2": 243.68561900000003,
        "y2": 266.016938
      }
    },
    {
      "id": "49583",
      "attributes": {
        "occluded": false,
        "truncated": true,
        "trafficLightColor": "NA"
      },
      "category": "car",
      "box2d": {
        "x1": 0.0,
        "y1": 165.956958,
        "x2": 124.276734,
        "y2": 311.698198
      }
    },
    {
      "id": "49584",
      "attributes": {
        "occluded": true,
        "truncated": false,
        "trafficLightColor": "NA"
      },
      "category": "car",
      "box2d": {
        "x1": 481.382648,
        "y1": 193.258257,
        "x2": 499.012636,
        "y2": 208.537579
      }
    },
    {
      "id": "49585",
      "attributes": {
        "occluded": true,
        "truncated": false,
        "trafficLightColor": "NA"
      },
      "category": "car",
      "box2d": {
        "x1": 449.648668,
        "y1": 194.433589,
        "x2": 463.752658,
        "y2": 205.011582
      }
    },
    {
      "id": "49586",
      "attributes": {
        "occluded": true,
        "truncated": false,
        "trafficLightColor": "NA"
      },
      "category": "car",
      "box2d": {
        "x1": 491.960642,
        "y1": 190.907591,
        "x2": 521.343957,
        "y2": 213.23891
      }
    },
    {
      "id": "49587",
      "attributes": {
        "occluded": true,
        "truncated": false,
        "trafficLightColor": "NA"
      },
      "category": "car",
      "box2d": {
        "x1": 506.064632,
        "y1": 192.082923,
        "x2": 534.272614,
        "y2": 216.764907
      }
    },
    {
      "id": "49588",
      "attributes": {
        "occluded": true,
        "truncated": false,
        "trafficLightColor": "NA"
      },
      "category": "car",
      "box2d": {
        "x1": 524.869954,
        "y1": 193.258257,
        "x2": 554.253269,
        "y2": 220.290906
      }
    },
    {
      "id": "49589",
      "attributes": {
        "occluded": true,
        "truncated": false,
        "trafficLightColor": "NA"
      },
      "category": "car",
      "box2d": {
        "x1": 538.973945,
        "y1": 190.907591,
        "x2": 582.461251,
        "y2": 230.8689
      }
    },
    {
      "id": "49590",
      "attributes": {
        "occluded": true,
        "truncated": false,
        "trafficLightColor": "NA"
      },
      "category": "car",
      "box2d": {
        "x1": 563.655929,
        "y1": 187.381594,
        "x2": 617.721228,
        "y2": 241.446894
      }
    },
    {
      "id": "49591",
      "attributes": {
        "occluded": true,
        "truncated": false,
        "trafficLightColor": "NA"
      },
      "category": "car",
      "box2d": {
        "x1": 591.584064,
        "y1": 191.579211,
        "x2": 687.961337,
        "y2": 257.397836
      }
    },
    {
      "id": "49592",
      "attributes": {
        "occluded": false,
        "truncated": false,
        "trafficLightColor": "NA"
      },
      "category": "car",
      "box2d": {
        "x1": 453.67838,
        "y1": 196.868208,
        "x2": 479.535698,
        "y2": 209.796865
      }
    },
    {
      "id": "49593",
      "attributes": {
        "occluded": false,
        "truncated": false,
        "trafficLightColor": "NA"
      },
      "category": "car",
      "box2d": {
        "x1": 671.981721,
        "y1": 170.423226,
        "x2": 888.242918,
        "y2": 312.638469
      }
    },
    {
      "id": "49594",
      "attributes": {
        "occluded": false,
        "truncated": true,
        "trafficLightColor": "NA"
      },
      "category": "car",
      "box2d": {
        "x1": 924.2248722316865,
        "y1": 190.709953,
        "x2": 1277.903315,
        "y2": 484.543101
      }
    },
    {
      "id": "49595",
      "attributes": {
        "occluded": true,
        "truncated": false,
        "trafficLightColor": "NA"
      },
      "category": "car",
      "box2d": {
        "x1": 964.42567,
        "y1": 166.027969,
        "x2": 1014.964972,
        "y2": 187.183956
      }
    },
    {
      "id": "49596",
      "attributes": {
        "occluded": true,
        "truncated": false,
        "trafficLightColor": "NA"
      },
      "category": "car",
      "box2d": {
        "x1": 922.113697,
        "y1": 167.203301,
        "x2": 985.581657,
        "y2": 190.709953
      }
    },
    {
      "id": "49597",
      "attributes": {
        "occluded": true,
        "truncated": true,
        "trafficLightColor": "NA"
      },
      "category": "car",
      "box2d": {
        "x1": 1204.19352,
        "y1": 141.345985,
        "x2": 1277.903315,
        "y2": 194.235952
      }
    }
  ],
  "attributes": {
    "weather": "undefined",
    "timeofday": "daytime",
    "scene": "residential"
  },
  "processing_info": {
    "processed_at": "2025-07-07T01:09:13.830673",
    "source": "bdd100k_complete_preprocessing_refactored"
  }
}