{
  "image_filename": "072f9d2d-5534d167.jpg",
  "video_name": "072f9d2d-5534d167.jpg",
  "frame_index": 0,
  "metadata": {
    "weather": "overcast",
    "scene": "city street",
    "timeofday": "daytime"
  },
  "labels": [
    {
      "id": "49771",
      "attributes": {
        "occluded": false,
        "truncated": true,
        "trafficLightColor": "NA"
      },
      "category": "car",
      "box2d": {
        "x1": 0.0,
        "y1": 231.715663,
        "x2": 267.796004,
        "y2": 465.348421
      }
    },
    {
      "id": "49772",
      "attributes": {
        "occluded": true,
        "truncated": false,
        "trafficLightColor": "NA"
      },
      "category": "car",
      "box2d": {
        "x1": 192.857195,
        "y1": 270.287108,
        "x2": 236.938848,
        "y2": 300.042224
      }
    },
    {
      "id": "49773",
      "attributes": {
        "occluded": true,
        "truncated": true,
        "trafficLightColor": "NA"
      },
      "category": "car",
      "box2d": {
        "x1": 0.0,
        "y1": 232.817703,
        "x2": 136.65309,
        "y2": 252.654446
      }
    },
    {
      "id": "49774",
      "attributes": {
        "occluded": true,
        "truncated": false,
        "trafficLightColor": "NA"
      },
      "category": "car",
      "box2d": {
        "x1": 221.510271,
        "y1": 264.776902,
        "x2": 361.469516,
        "y2": 367.266744
      }
    },
    {
      "id": "49775",
      "attributes": {
        "occluded": true,
        "truncated": false,
        "trafficLightColor": "NA"
      },
      "category": "car",
      "box2d": {
        "x1": 319.591948,
        "y1": 264.776902,
        "x2": 404.449128,
        "y2": 329.797338
      }
    },
    {
      "id": "49776",
      "attributes": {
        "occluded": true,
        "truncated": false,
        "trafficLightColor": "NA"
      },
      "category": "car",
      "box2d": {
        "x1": 376.898095,
        "y1": 270.287108,
        "x2": 437.510367,
        "y2": 315.470801
      }
    },
    {
      "id": "49777",
      "attributes": {
        "occluded": true,
        "truncated": false,
        "trafficLightColor": "NA"
      },
      "category": "car",
      "box2d": {
        "x1": 420.979746,
        "y1": 272.491191,
        "x2": 447.428739,
        "y2": 290.123852
      }
    },
    {
      "id": "49778",
      "attributes": {
        "occluded": true,
        "truncated": false,
        "trafficLightColor": "NA"
      },
      "category": "car",
      "box2d": {
        "x1": 600.612481,
        "y1": 241.634034,
        "x2": 716.326819,
        "y2": 329.79734
      }
    },
    {
      "id": "49779",
      "attributes": {
        "occluded": false,
        "truncated": false,
        "trafficLightColor": "NA"
      },
      "category": "car",
      "box2d": {
        "x1": 652.408424,
        "y1": 242.736076,
        "x2": 852.979942,
        "y2": 367.266744
      }
    },
    {
      "id": "49780",
      "attributes": {
        "occluded": true,
        "truncated": false,
        "trafficLightColor": "NA"
      },
      "category": "car",
      "box2d": {
        "x1": 835.34728,
        "y1": 243.838117,
        "x2": 992.939187,
        "y2": 348.53204
      }
    },
    {
      "id": "49781",
      "attributes": {
        "occluded": true,
        "truncated": false,
        "trafficLightColor": "NA"
      },
      "category": "car",
      "box2d": {
        "x1": 978.61265,
        "y1": 260.368736,
        "x2": 1070.082077,
        "y2": 336.409586
      }
    },
    {
      "id": "49782",
      "attributes": {
        "occluded": false,
        "truncated": false,
        "trafficLightColor": "NA"
      },
      "category": "car",
      "box2d": {
        "x1": 414.3675,
        "y1": 238.327909,
        "x2": 640.285968,
        "y2": 436.695346
      }
    },
    {
      "id": "49783",
      "attributes": {
        "occluded": true,
        "truncated": false,
        "trafficLightColor": "NA"
      },
      "category": "pedestrian",
      "box2d": {
        "x1": 940.041205,
        "y1": 217.389124,
        "x2": 962.082031,
        "y2": 246.0422
      }
    },
    {
      "id": "49784",
      "attributes": {
        "occluded": false,
        "truncated": false,
        "trafficLightColor": "NA"
      },
      "category": "traffic sign",
      "box2d": {
        "x1": 440.816491,
        "y1": 233.919745,
        "x2": 460.653234,
        "y2": 255.960571
      }
    },
    {
      "id": "49785",
      "attributes": {
        "occluded": false,
        "truncated": false,
        "trafficLightColor": "NA"
      },
      "category": "traffic sign",
      "box2d": {
        "x1": 528.979796,
        "y1": 237.225869,
        "x2": 546.612458,
        "y2": 250.450365
      }
    },
    {
      "id": "49786",
      "attributes": {
        "occluded": false,
        "truncated": false,
        "trafficLightColor": "NA"
      },
      "category": "traffic sign",
      "box2d": {
        "x1": 552.122662,
        "y1": 205.266672,
        "x2": 565.347159,
        "y2": 244.940159
      }
    }
  ],
  "attributes": {
    "weather": "overcast",
    "timeofday": "daytime",
    "scene": "city street"
  },
  "processing_info": {
    "processed_at": "2025-07-07T01:09:16.994623",
    "source": "bdd100k_complete_preprocessing_refactored"
  }
}