{
  "image_filename": "07398e6d-65825072.jpg",
  "video_name": "07398e6d",
  "frame_index": 65825072,
  "metadata": {
    "weather": "undefined",
    "scene": "city street",
    "timeofday": "daytime"
  },
  "labels": [
    {
      "id": "50069",
      "attributes": {
        "occluded": false,
        "truncated": false,
        "trafficLightColor": "R"
      },
      "category": "traffic light",
      "box2d": {
        "x1": 945.231376,
        "y1": 172.462376,
        "x2": 962.106365,
        "y2": 209.587352
      }
    },
    {
      "id": "50070",
      "attributes": {
        "occluded": true,
        "truncated": false,
        "trafficLightColor": "R"
      },
      "category": "traffic light",
      "box2d": {
        "x1": 518.29417,
        "y1": 157.274886,
        "x2": 533.481659,
        "y2": 184.274868
      }
    },
    {
      "id": "50071",
      "attributes": {
        "occluded": false,
        "truncated": false,
        "trafficLightColor": "R"
      },
      "category": "traffic light",
      "box2d": {
        "x1": 459.23171,
        "y1": 265.274813,
        "x2": 469.356705,
        "y2": 285.5248
      }
    },
    {
      "id": "50072",
      "attributes": {
        "occluded": false,
        "truncated": false,
        "trafficLightColor": "R"
      },
      "category": "traffic light",
      "box2d": {
        "x1": 651.606578,
        "y1": 263.587314,
        "x2": 671.856564,
        "y2": 278.774803
      }
    },
    {
      "id": "50073",
      "attributes": {
        "occluded": false,
        "truncated": false,
        "trafficLightColor": "NA"
      },
      "category": "traffic light",
      "box2d": {
        "x1": 536.856657,
        "y1": 165.712381,
        "x2": 546.981649,
        "y2": 199.462359
      }
    },
    {
      "id": "50074",
      "attributes": {
        "occluded": false,
        "truncated": false,
        "trafficLightColor": "NA"
      },
      "category": "traffic light",
      "box2d": {
        "x1": 506.481678,
        "y1": 187.649866,
        "x2": 541.919154,
        "y2": 218.024845
      }
    },
    {
      "id": "50075",
      "attributes": {
        "occluded": false,
        "truncated": false,
        "trafficLightColor": "NA"
      },
      "category": "traffic light",
      "box2d": {
        "x1": 967.168861,
        "y1": 172.462376,
        "x2": 980.668852,
        "y2": 206.212354
      }
    },
    {
      "id": "50076",
      "attributes": {
        "occluded": true,
        "truncated": false,
        "trafficLightColor": "NA"
      },
      "category": "traffic light",
      "box2d": {
        "x1": 222.981873,
        "y1": 266.962312,
        "x2": 246.606856,
        "y2": 282.149802
      }
    },
    {
      "id": "50077",
      "attributes": {
        "occluded": true,
        "truncated": false,
        "trafficLightColor": "NA"
      },
      "category": "traffic light",
      "box2d": {
        "x1": 496.356685,
        "y1": 239.96233,
        "x2": 535.169158,
        "y2": 273.712308
      }
    },
    {
      "id": "50078",
      "attributes": {
        "occluded": false,
        "truncated": false,
        "trafficLightColor": "NA"
      },
      "category": "traffic sign",
      "box2d": {
        "x1": 126.794439,
        "y1": 229.837337,
        "x2": 157.169418,
        "y2": 251.774822
      }
    },
    {
      "id": "50079",
      "attributes": {
        "occluded": false,
        "truncated": false,
        "trafficLightColor": "NA"
      },
      "category": "traffic sign",
      "box2d": {
        "x1": 253.356851,
        "y1": 238.274832,
        "x2": 276.981835,
        "y2": 250.087324
      }
    },
    {
      "id": "50080",
      "attributes": {
        "occluded": false,
        "truncated": false,
        "trafficLightColor": "NA"
      },
      "category": "traffic sign",
      "box2d": {
        "x1": 241.54436,
        "y1": 221.399843,
        "x2": 266.856843,
        "y2": 239.96233
      }
    },
    {
      "id": "50081",
      "attributes": {
        "occluded": false,
        "truncated": false,
        "trafficLightColor": "NA"
      },
      "category": "traffic sign",
      "box2d": {
        "x1": 228.044369,
        "y1": 209.587352,
        "x2": 249.981854,
        "y2": 223.087343
      }
    },
    {
      "id": "50082",
      "attributes": {
        "occluded": false,
        "truncated": false,
        "trafficLightColor": "NA"
      },
      "category": "traffic sign",
      "box2d": {
        "x1": 238.169361,
        "y1": 194.399861,
        "x2": 256.731849,
        "y2": 206.212354
      }
    },
    {
      "id": "50083",
      "attributes": {
        "occluded": false,
        "truncated": false,
        "trafficLightColor": "NA"
      },
      "category": "traffic sign",
      "box2d": {
        "x1": 366.419274,
        "y1": 172.462376,
        "x2": 427.169233,
        "y2": 201.149858
      }
    },
    {
      "id": "50084",
      "attributes": {
        "occluded": false,
        "truncated": false,
        "trafficLightColor": "NA"
      },
      "category": "traffic sign",
      "box2d": {
        "x1": 454.169214,
        "y1": 231.524837,
        "x2": 474.4192,
        "y2": 253.462322
      }
    },
    {
      "id": "50085",
      "attributes": {
        "occluded": false,
        "truncated": false,
        "trafficLightColor": "NA"
      },
      "category": "traffic sign",
      "box2d": {
        "x1": 455.856713,
        "y1": 162.337383,
        "x2": 481.169195,
        "y2": 191.024864
      }
    },
    {
      "id": "50086",
      "attributes": {
        "occluded": false,
        "truncated": false,
        "trafficLightColor": "NA"
      },
      "category": "traffic sign",
      "box2d": {
        "x1": 503.10668,
        "y1": 221.399843,
        "x2": 545.294152,
        "y2": 260.212315
      }
    },
    {
      "id": "50087",
      "attributes": {
        "occluded": false,
        "truncated": false,
        "trafficLightColor": "NA"
      },
      "category": "traffic sign",
      "box2d": {
        "x1": 1031.293817,
        "y1": 255.14982,
        "x2": 1063.356295,
        "y2": 272.024808
      }
    },
    {
      "id": "50088",
      "attributes": {
        "occluded": false,
        "truncated": false,
        "trafficLightColor": "NA"
      },
      "category": "traffic sign",
      "box2d": {
        "x1": 1056.6063,
        "y1": 236.587332,
        "x2": 1080.231284,
        "y2": 248.399824
      }
    },
    {
      "id": "50089",
      "attributes": {
        "occluded": false,
        "truncated": false,
        "trafficLightColor": "NA"
      },
      "category": "traffic sign",
      "box2d": {
        "x1": 982.356351,
        "y1": 206.212353,
        "x2": 1054.918801,
        "y2": 228.149838
      }
    },
    {
      "id": "50090",
      "attributes": {
        "occluded": false,
        "truncated": false,
        "trafficLightColor": "NA"
      },
      "category": "traffic sign",
      "box2d": {
        "x1": 678.606559,
        "y1": 275.399807,
        "x2": 697.169047,
        "y2": 293.962294
      }
    },
    {
      "id": "50091",
      "attributes": {
        "occluded": false,
        "truncated": false,
        "trafficLightColor": "NA"
      },
      "category": "traffic sign",
      "box2d": {
        "x1": 811.918968,
        "y1": 288.899797,
        "x2": 827.106458,
        "y2": 300.712289
      }
    },
    {
      "id": "50092",
      "attributes": {
        "occluded": false,
        "truncated": false,
        "trafficLightColor": "R"
      },
      "category": "traffic light",
      "box2d": {
        "x1": 786.606485,
        "y1": 288.899797,
        "x2": 796.731477,
        "y2": 302.399788
      }
    },
    {
      "id": "50093",
      "attributes": {
        "occluded": false,
        "truncated": false,
        "trafficLightColor": "R"
      },
      "category": "traffic light",
      "box2d": {
        "x1": 734.294021,
        "y1": 288.899797,
        "x2": 742.731516,
        "y2": 304.087287
      }
    },
    {
      "id": "50094",
      "attributes": {
        "occluded": false,
        "truncated": false,
        "trafficLightColor": "NA"
      },
      "category": "pedestrian",
      "box2d": {
        "x1": 1188.231209,
        "y1": 332.774765,
        "x2": 1225.356184,
        "y2": 401.962218
      }
    },
    {
      "id": "50095",
      "attributes": {
        "occluded": true,
        "truncated": false,
        "trafficLightColor": "NA"
      },
      "category": "pedestrian",
      "box2d": {
        "x1": 1188.231209,
        "y1": 326.02477,
        "x2": 1218.606188,
        "y2": 391.837225
      }
    },
    {
      "id": "50096",
      "attributes": {
        "occluded": true,
        "truncated": false,
        "trafficLightColor": "NA"
      },
      "category": "pedestrian",
      "box2d": {
        "x1": 1218.606188,
        "y1": 329.399768,
        "x2": 1245.60617,
        "y2": 395.212223
      }
    },
    {
      "id": "50097",
      "attributes": {
        "occluded": false,
        "truncated": false,
        "trafficLightColor": "NA"
      },
      "category": "pedestrian",
      "box2d": {
        "x1": 860.856433,
        "y1": 324.337272,
        "x2": 881.10642,
        "y2": 368.212242
      }
    },
    {
      "id": "50098",
      "attributes": {
        "occluded": true,
        "truncated": false,
        "trafficLightColor": "NA"
      },
      "category": "car",
      "box2d": {
        "x1": 854.106438,
        "y1": 327.71227,
        "x2": 886.168916,
        "y2": 358.087249
      }
    },
    {
      "id": "50099",
      "attributes": {
        "occluded": true,
        "truncated": false,
        "trafficLightColor": "NA"
      },
      "category": "car",
      "box2d": {
        "x1": 876.043923,
        "y1": 320.962274,
        "x2": 908.106401,
        "y2": 363.149745
      }
    },
    {
      "id": "50100",
      "attributes": {
        "occluded": true,
        "truncated": false,
        "trafficLightColor": "NA"
      },
      "category": "car",
      "box2d": {
        "x1": 884.481418,
        "y1": 322.649773,
        "x2": 928.356389,
        "y2": 369.89974
      }
    },
    {
      "id": "50101",
      "attributes": {
        "occluded": true,
        "truncated": false,
        "trafficLightColor": "NA"
      },
      "category": "car",
      "box2d": {
        "x1": 904.731403,
        "y1": 322.649773,
        "x2": 965.481361,
        "y2": 378.337235
      }
    },
    {
      "id": "50102",
      "attributes": {
        "occluded": true,
        "truncated": false,
        "trafficLightColor": "NA"
      },
      "category": "car",
      "box2d": {
        "x1": 820.356462,
        "y1": 320.962274,
        "x2": 857.481437,
        "y2": 339.524762
      }
    },
    {
      "id": "50103",
      "attributes": {
        "occluded": true,
        "truncated": false,
        "trafficLightColor": "NA"
      },
      "category": "car",
      "box2d": {
        "x1": 820.356462,
        "y1": 327.71227,
        "x2": 859.168936,
        "y2": 364.837244
      }
    },
    {
      "id": "50104",
      "attributes": {
        "occluded": true,
        "truncated": false,
        "trafficLightColor": "NA"
      },
      "category": "car",
      "box2d": {
        "x1": 766.3565,
        "y1": 317.587277,
        "x2": 793.356482,
        "y2": 331.087267
      }
    },
    {
      "id": "50105",
      "attributes": {
        "occluded": true,
        "truncated": false,
        "trafficLightColor": "NA"
      },
      "category": "car",
      "box2d": {
        "x1": 773.106495,
        "y1": 317.587277,
        "x2": 854.106438,
        "y2": 388.462228
      }
    },
    {
      "id": "50106",
      "attributes": {
        "occluded": true,
        "truncated": false,
        "trafficLightColor": "NA"
      },
      "category": "bus",
      "box2d": {
        "x1": 815.293966,
        "y1": 304.087285,
        "x2": 867.60643,
        "y2": 332.774765
      }
    },
    {
      "id": "50107",
      "attributes": {
        "occluded": true,
        "truncated": false,
        "trafficLightColor": "NA"
      },
      "category": "car",
      "box2d": {
        "x1": 744.419015,
        "y1": 302.399787,
        "x2": 840.606448,
        "y2": 479.587164
      }
    },
    {
      "id": "50108",
      "attributes": {
        "occluded": true,
        "truncated": false,
        "trafficLightColor": "NA"
      },
      "category": "car",
      "box2d": {
        "x1": 928.356389,
        "y1": 302.399787,
        "x2": 1193.293706,
        "y2": 482.962163
      }
    },
    {
      "id": "50109",
      "attributes": {
        "occluded": true,
        "truncated": true,
        "trafficLightColor": "NA"
      },
      "category": "bus",
      "box2d": {
        "x1": 0.0,
        "y1": 273.712307,
        "x2": 368.106773,
        "y2": 496.763202725724
      }
    },
    {
      "id": "50110",
      "attributes": {
        "occluded": true,
        "truncated": true,
        "trafficLightColor": "NA"
      },
      "category": "car",
      "box2d": {
        "x1": 1232.106179,
        "y1": 329.399768,
        "x2": 1279.356146,
        "y2": 400.274721
      }
    },
    {
      "id": "50111",
      "attributes": {
        "occluded": true,
        "truncated": false,
        "trafficLightColor": "NA"
      },
      "category": "car",
      "box2d": {
        "x1": 297.231821,
        "y1": 290.587295,
        "x2": 818.668962,
        "y2": 597.3424190800681
      }
    },
    {
      "id": "50112",
      "attributes": {
        "occluded": false,
        "truncated": true,
        "trafficLightColor": "NA"
      },
      "category": "car",
      "box2d": {
        "x1": 1113.98126,
        "y1": 378.337235,
        "x2": 1279.356146,
        "y2": 596.024586
      }
    }
  ],
  "attributes": {
    "weather": "undefined",
    "timeofday": "daytime",
    "scene": "city street"
  },
  "processing_info": {
    "processed_at": "2025-07-07T01:09:15.626012",
    "source": "bdd100k_complete_preprocessing_refactored"
  }
}