{
  "image_filename": "07434289-7c2e8f71.jpg",
  "video_name": "07434289-7c2e8f71.jpg",
  "frame_index": 0,
  "metadata": {
    "weather": "partly cloudy",
    "scene": "city street",
    "timeofday": "daytime"
  },
  "labels": [
    {
      "id": "50369",
      "attributes": {
        "occluded": false,
        "truncated": false,
        "trafficLightColor": "NA"
      },
      "category": "traffic sign",
      "box2d": {
        "x1": 404.107198,
        "y1": 208.559114,
        "x2": 419.414286,
        "y2": 236.111875
      }
    },
    {
      "id": "50370",
      "attributes": {
        "occluded": false,
        "truncated": false,
        "trafficLightColor": "NA"
      },
      "category": "traffic sign",
      "box2d": {
        "x1": 990.368777,
        "y1": 269.787477,
        "x2": 1002.614449,
        "y2": 283.563858
      }
    },
    {
      "id": "50371",
      "attributes": {
        "occluded": true,
        "truncated": false,
        "trafficLightColor": "NA"
      },
      "category": "traffic sign",
      "box2d": {
        "x1": 1212.704275,
        "y1": 153.453585,
        "x2": 1267.8098,
        "y2": 168.760676
      }
    },
    {
      "id": "50372",
      "attributes": {
        "occluded": false,
        "truncated": false,
        "trafficLightColor": "NA"
      },
      "category": "traffic sign",
      "box2d": {
        "x1": 1203.520018,
        "y1": 162.63784,
        "x2": 1229.542071,
        "y2": 181.006348
      }
    },
    {
      "id": "50373",
      "attributes": {
        "occluded": false,
        "truncated": false,
        "trafficLightColor": "NA"
      },
      "category": "traffic sign",
      "box2d": {
        "x1": 727.469492,
        "y1": 239.173294,
        "x2": 756.552969,
        "y2": 249.888258
      }
    },
    {
      "id": "50374",
      "attributes": {
        "occluded": false,
        "truncated": false,
        "trafficLightColor": "NA"
      },
      "category": "traffic sign",
      "box2d": {
        "x1": 1182.090089,
        "y1": 184.067769,
        "x2": 1211.173565,
        "y2": 207.028403
      }
    },
    {
      "id": "50375",
      "attributes": {
        "occluded": true,
        "truncated": false,
        "trafficLightColor": "NA"
      },
      "category": "traffic sign",
      "box2d": {
        "x1": 1172.905838,
        "y1": 210.089824,
        "x2": 1231.072784,
        "y2": 229.989041
      }
    },
    {
      "id": "50376",
      "attributes": {
        "occluded": true,
        "truncated": false,
        "trafficLightColor": "NA"
      },
      "category": "traffic sign",
      "box2d": {
        "x1": 1198.927891,
        "y1": 231.519752,
        "x2": 1221.888529,
        "y2": 251.418968
      }
    },
    {
      "id": "50377",
      "attributes": {
        "occluded": false,
        "truncated": false,
        "trafficLightColor": "NA"
      },
      "category": "traffic sign",
      "box2d": {
        "x1": 1208.112148,
        "y1": 248.357549,
        "x2": 1231.072784,
        "y2": 259.072515
      }
    },
    {
      "id": "50378",
      "attributes": {
        "occluded": false,
        "truncated": false,
        "trafficLightColor": "NA"
      },
      "category": "pedestrian",
      "box2d": {
        "x1": 963.198692,
        "y1": 308.055202,
        "x2": 975.444364,
        "y2": 334.077259
      }
    },
    {
      "id": "50379",
      "attributes": {
        "occluded": true,
        "truncated": false,
        "trafficLightColor": "NA"
      },
      "category": "truck",
      "box2d": {
        "x1": 811.658494,
        "y1": 301.932368,
        "x2": 839.211256,
        "y2": 318.770168
      }
    },
    {
      "id": "50380",
      "attributes": {
        "occluded": true,
        "truncated": false,
        "trafficLightColor": "NA"
      },
      "category": "car",
      "box2d": {
        "x1": 795.968724,
        "y1": 311.116625,
        "x2": 832.705741,
        "y2": 321.831587
      }
    },
    {
      "id": "50381",
      "attributes": {
        "occluded": true,
        "truncated": false,
        "trafficLightColor": "NA"
      },
      "category": "car",
      "box2d": {
        "x1": 786.784471,
        "y1": 320.300876,
        "x2": 829.644326,
        "y2": 350.915059
      }
    },
    {
      "id": "50382",
      "attributes": {
        "occluded": true,
        "truncated": false,
        "trafficLightColor": "NA"
      },
      "category": "car",
      "box2d": {
        "x1": 848.012832,
        "y1": 295.809532,
        "x2": 858.727796,
        "y2": 308.055204
      }
    },
    {
      "id": "50383",
      "attributes": {
        "occluded": true,
        "truncated": false,
        "trafficLightColor": "NA"
      },
      "category": "car",
      "box2d": {
        "x1": 855.666379,
        "y1": 298.870949,
        "x2": 878.627015,
        "y2": 315.70875
      }
    },
    {
      "id": "50384",
      "attributes": {
        "occluded": true,
        "truncated": false,
        "trafficLightColor": "NA"
      },
      "category": "car",
      "box2d": {
        "x1": 872.504179,
        "y1": 300.401657,
        "x2": 903.118359,
        "y2": 318.770168
      }
    },
    {
      "id": "50385",
      "attributes": {
        "occluded": true,
        "truncated": false,
        "trafficLightColor": "NA"
      },
      "category": "car",
      "box2d": {
        "x1": 887.81127,
        "y1": 309.585912,
        "x2": 918.425452,
        "y2": 320.300876
      }
    },
    {
      "id": "50386",
      "attributes": {
        "occluded": true,
        "truncated": false,
        "trafficLightColor": "NA"
      },
      "category": "car",
      "box2d": {
        "x1": 915.364033,
        "y1": 312.647331,
        "x2": 961.285307,
        "y2": 346.322929
      }
    },
    {
      "id": "50387",
      "attributes": {
        "occluded": true,
        "truncated": false,
        "trafficLightColor": "NA"
      },
      "category": "car",
      "box2d": {
        "x1": 373.647229,
        "y1": 334.148219,
        "x2": 630.652142,
        "y2": 400.17092
      }
    },
    {
      "id": "50388",
      "attributes": {
        "occluded": true,
        "truncated": false,
        "trafficLightColor": "NA"
      },
      "category": "car",
      "box2d": {
        "x1": 332.163872,
        "y1": 331.01584,
        "x2": 394.922943,
        "y2": 349.384348
      }
    },
    {
      "id": "50389",
      "attributes": {
        "occluded": true,
        "truncated": false,
        "trafficLightColor": "NA"
      },
      "category": "car",
      "box2d": {
        "x1": 367.37018,
        "y1": 324.000097,
        "x2": 577.077324,
        "y2": 464.825331
      }
    },
    {
      "id": "50390",
      "attributes": {
        "occluded": true,
        "truncated": true,
        "trafficLightColor": "NA"
      },
      "category": "car",
      "box2d": {
        "x1": 1071.190245,
        "y1": 308.59095,
        "x2": 1277.835972,
        "y2": 455.539022
      }
    },
    {
      "id": "50391",
      "attributes": {
        "occluded": false,
        "truncated": false,
        "trafficLightColor": "NA"
      },
      "category": "car",
      "box2d": {
        "x1": 781.886228,
        "y1": 315.63221,
        "x2": 941.079973,
        "y2": 454.926736
      }
    },
    {
      "id": "50392",
      "attributes": {
        "occluded": true,
        "truncated": true,
        "trafficLightColor": "NA"
      },
      "category": "car",
      "box2d": {
        "x1": 0.0,
        "y1": 328.337097,
        "x2": 443.337858,
        "y2": 588.756388415673
      }
    },
    {
      "id": "50393",
      "attributes": {
        "occluded": false,
        "truncated": true,
        "trafficLightColor": "NA"
      },
      "category": "car",
      "box2d": {
        "x1": 1.809029,
        "y1": 511.48211243611587,
        "x2": 41.607466,
        "y2": 709.296683
      }
    },
    {
      "id": "50394",
      "attributes": {
        "occluded": false,
        "truncated": true,
        "trafficLightColor": "NA"
      },
      "category": "car",
      "box2d": {
        "x1": 1208.007789,
        "y1": 348.049336,
        "x2": 1276.889699,
        "y2": 490.40528
      }
    }
  ],
  "attributes": {
    "weather": "partly cloudy",
    "timeofday": "daytime",
    "scene": "city street"
  },
  "processing_info": {
    "processed_at": "2025-07-07T01:09:15.964713",
    "source": "bdd100k_complete_preprocessing_refactored"
  }
}