{
  "image_filename": "074496ba-19237a5b.jpg",
  "video_name": "074496ba-19237a5b.jpg",
  "frame_index": 0,
  "metadata": {
    "weather": "rainy",
    "scene": "city street",
    "timeofday": "daytime"
  },
  "labels": [
    {
      "id": "50395",
      "attributes": {
        "occluded": true,
        "truncated": false,
        "trafficLightColor": "NA"
      },
      "category": "car",
      "box2d": {
        "x1": 517.518252,
        "y1": 253.028517,
        "x2": 546.612122,
        "y2": 271.542799
      }
    },
    {
      "id": "50396",
      "attributes": {
        "occluded": true,
        "truncated": false,
        "trafficLightColor": "NA"
      },
      "category": "car",
      "box2d": {
        "x1": 480.489687,
        "y1": 252.146882,
        "x2": 506.938661,
        "y2": 270.661161
      }
    },
    {
      "id": "50397",
      "attributes": {
        "occluded": true,
        "truncated": false,
        "trafficLightColor": "NA"
      },
      "category": "car",
      "box2d": {
        "x1": 430.236638,
        "y1": 253.46933,
        "x2": 460.652956,
        "y2": 271.983612
      }
    },
    {
      "id": "50398",
      "attributes": {
        "occluded": true,
        "truncated": false,
        "trafficLightColor": "NA"
      },
      "category": "car",
      "box2d": {
        "x1": 300.636664,
        "y1": 257.436676,
        "x2": 353.534614,
        "y2": 274.628509
      }
    },
    {
      "id": "50399",
      "attributes": {
        "occluded": true,
        "truncated": false,
        "trafficLightColor": "NA"
      },
      "category": "truck",
      "box2d": {
        "x1": 239.804024,
        "y1": 233.6326,
        "x2": 329.730537,
        "y2": 266.693819
      }
    },
    {
      "id": "50400",
      "attributes": {
        "occluded": true,
        "truncated": false,
        "trafficLightColor": "NA"
      },
      "category": "car",
      "box2d": {
        "x1": 227.901985,
        "y1": 262.285656,
        "x2": 295.346868,
        "y2": 312.538706
      }
    },
    {
      "id": "50401",
      "attributes": {
        "occluded": true,
        "truncated": false,
        "trafficLightColor": "NA"
      },
      "category": "car",
      "box2d": {
        "x1": 163.101999,
        "y1": 271.542799,
        "x2": 234.514228,
        "y2": 313.861156
      }
    },
    {
      "id": "50402",
      "attributes": {
        "occluded": true,
        "truncated": false,
        "trafficLightColor": "NA"
      },
      "category": "car",
      "box2d": {
        "x1": 67.885693,
        "y1": 271.542799,
        "x2": 175.004037,
        "y2": 319.150952
      }
    },
    {
      "id": "50403",
      "attributes": {
        "occluded": true,
        "truncated": true,
        "trafficLightColor": "NA"
      },
      "category": "bus",
      "box2d": {
        "x1": 0.440811,
        "y1": 239.804029,
        "x2": 118.138746,
        "y2": 317.828502
      }
    },
    {
      "id": "50404",
      "attributes": {
        "occluded": true,
        "truncated": false,
        "trafficLightColor": "NA"
      },
      "category": "bus",
      "box2d": {
        "x1": 122.106088,
        "y1": 250.383618,
        "x2": 241.126471,
        "y2": 282.122385
      }
    },
    {
      "id": "50405",
      "attributes": {
        "occluded": true,
        "truncated": true,
        "trafficLightColor": "NA"
      },
      "category": "car",
      "box2d": {
        "x1": 0.0,
        "y1": 273.746881,
        "x2": 45.404064,
        "y2": 327.967277
      }
    },
    {
      "id": "50406",
      "attributes": {
        "occluded": true,
        "truncated": false,
        "trafficLightColor": "NA"
      },
      "category": "car",
      "box2d": {
        "x1": 875.901847,
        "y1": 235.836686,
        "x2": 906.318167,
        "y2": 250.38362
      }
    },
    {
      "id": "50407",
      "attributes": {
        "occluded": false,
        "truncated": false,
        "trafficLightColor": "NA"
      },
      "category": "car",
      "box2d": {
        "x1": 557.191712,
        "y1": 241.126479,
        "x2": 768.783504,
        "y2": 317.828505
      }
    },
    {
      "id": "50408",
      "attributes": {
        "occluded": false,
        "truncated": false,
        "trafficLightColor": "NA"
      },
      "category": "car",
      "box2d": {
        "x1": 279.477486,
        "y1": 256.555049,
        "x2": 508.261111,
        "y2": 329.9488926746167
      }
    },
    {
      "id": "50409",
      "attributes": {
        "occluded": false,
        "truncated": false,
        "trafficLightColor": "NA"
      },
      "category": "pedestrian",
      "box2d": {
        "x1": 986.987538,
        "y1": 227.461178,
        "x2": 1008.146717,
        "y2": 298.873406
      }
    },
    {
      "id": "50410",
      "attributes": {
        "occluded": true,
        "truncated": false,
        "trafficLightColor": "NA"
      },
      "category": "pedestrian",
      "box2d": {
        "x1": 963.183462,
        "y1": 232.750971,
        "x2": 992.277335,
        "y2": 293.583611
      }
    },
    {
      "id": "50411",
      "attributes": {
        "occluded": false,
        "truncated": false,
        "trafficLightColor": "NA"
      },
      "category": "pedestrian",
      "box2d": {
        "x1": 901.028374,
        "y1": 234.07342,
        "x2": 938.056938,
        "y2": 296.228509
      }
    },
    {
      "id": "50412",
      "attributes": {
        "occluded": false,
        "truncated": false,
        "trafficLightColor": "NA"
      },
      "category": "pedestrian",
      "box2d": {
        "x1": 848.130427,
        "y1": 233.6326,
        "x2": 887.803885,
        "y2": 297.110138
      }
    },
    {
      "id": "50413",
      "attributes": {
        "occluded": false,
        "truncated": false,
        "trafficLightColor": "NA"
      },
      "category": "pedestrian",
      "box2d": {
        "x1": 763.493708,
        "y1": 230.987703,
        "x2": 812.424313,
        "y2": 302.399931
      }
    },
    {
      "id": "50414",
      "attributes": {
        "occluded": true,
        "truncated": false,
        "trafficLightColor": "NA"
      },
      "category": "pedestrian",
      "box2d": {
        "x1": 718.530453,
        "y1": 240.244844,
        "x2": 739.689632,
        "y2": 269.338714
      }
    },
    {
      "id": "50415",
      "attributes": {
        "occluded": true,
        "truncated": false,
        "trafficLightColor": "NA"
      },
      "category": "pedestrian",
      "box2d": {
        "x1": 286.089727,
        "y1": 253.46933,
        "x2": 313.861151,
        "y2": 274.628511
      }
    },
    {
      "id": "50416",
      "attributes": {
        "occluded": true,
        "truncated": false,
        "trafficLightColor": "NA"
      },
      "category": "pedestrian",
      "box2d": {
        "x1": 217.322394,
        "y1": 268.016266,
        "x2": 239.804021,
        "y2": 306.367277
      }
    },
    {
      "id": "50417",
      "attributes": {
        "occluded": false,
        "truncated": false,
        "trafficLightColor": "NA"
      },
      "category": "pedestrian",
      "box2d": {
        "x1": 131.363231,
        "y1": 262.726471,
        "x2": 164.424449,
        "y2": 315.624419
      }
    },
    {
      "id": "50418",
      "attributes": {
        "occluded": false,
        "truncated": false,
        "trafficLightColor": "NA"
      },
      "category": "pedestrian",
      "box2d": {
        "x1": 99.624463,
        "y1": 264.930557,
        "x2": 128.718333,
        "y2": 325.763197
      }
    },
    {
      "id": "50419",
      "attributes": {
        "occluded": true,
        "truncated": false,
        "trafficLightColor": "NA"
      },
      "category": "motorcycle",
      "box2d": {
        "x1": 196.163217,
        "y1": 283.444837,
        "x2": 233.191779,
        "y2": 309.89381
      }
    },
    {
      "id": "50420",
      "attributes": {
        "occluded": true,
        "truncated": false,
        "trafficLightColor": "NA"
      },
      "category": "truck",
      "box2d": {
        "x1": 668.277402,
        "y1": 225.257095,
        "x2": 701.338621,
        "y2": 239.804029
      }
    },
    {
      "id": "50421",
      "attributes": {
        "occluded": true,
        "truncated": false,
        "trafficLightColor": "NA"
      },
      "category": "truck",
      "box2d": {
        "x1": 692.081477,
        "y1": 215.999955,
        "x2": 771.428398,
        "y2": 271.5428
      }
    },
    {
      "id": "50422",
      "attributes": {
        "occluded": true,
        "truncated": false,
        "trafficLightColor": "NA"
      },
      "category": "car",
      "box2d": {
        "x1": 879.869193,
        "y1": 233.191787,
        "x2": 899.705923,
        "y2": 254.350966
      }
    },
    {
      "id": "50423",
      "attributes": {
        "occluded": true,
        "truncated": false,
        "trafficLightColor": "NA"
      },
      "category": "car",
      "box2d": {
        "x1": 898.383476,
        "y1": 238.922397,
        "x2": 920.865104,
        "y2": 252.146883
      }
    },
    {
      "id": "50424",
      "attributes": {
        "occluded": false,
        "truncated": false,
        "trafficLightColor": "NA"
      },
      "category": "traffic sign",
      "box2d": {
        "x1": 1068.979359,
        "y1": 237.59995,
        "x2": 1083.526294,
        "y2": 260.081577
      }
    },
    {
      "id": "50425",
      "attributes": {
        "occluded": false,
        "truncated": false,
        "trafficLightColor": "NA"
      },
      "category": "traffic sign",
      "box2d": {
        "x1": 500.326417,
        "y1": 167.510166,
        "x2": 517.51825,
        "y2": 186.024447
      }
    },
    {
      "id": "50426",
      "attributes": {
        "occluded": false,
        "truncated": false,
        "trafficLightColor": "NA"
      },
      "category": "traffic sign",
      "box2d": {
        "x1": 508.261109,
        "y1": 183.37955,
        "x2": 546.612121,
        "y2": 196.604036
      }
    },
    {
      "id": "50427",
      "attributes": {
        "occluded": false,
        "truncated": false,
        "trafficLightColor": "NA"
      },
      "category": "traffic sign",
      "box2d": {
        "x1": 368.522375,
        "y1": 183.37955,
        "x2": 398.497869,
        "y2": 196.604039
      }
    },
    {
      "id": "50428",
      "attributes": {
        "occluded": false,
        "truncated": false,
        "trafficLightColor": "NA"
      },
      "category": "traffic light",
      "box2d": {
        "x1": 74.497938,
        "y1": 48.489783,
        "x2": 94.334666,
        "y2": 90.808142
      }
    },
    {
      "id": "50429",
      "attributes": {
        "occluded": false,
        "truncated": false,
        "trafficLightColor": "NA"
      },
      "category": "traffic light",
      "box2d": {
        "x1": 95.657117,
        "y1": 50.693869,
        "x2": 118.138742,
        "y2": 102.269368
      }
    },
    {
      "id": "50430",
      "attributes": {
        "occluded": false,
        "truncated": false,
        "trafficLightColor": "NA"
      },
      "category": "traffic light",
      "box2d": {
        "x1": 398.497869,
        "y1": 119.461201,
        "x2": 414.367253,
        "y2": 157.812212
      }
    },
    {
      "id": "50431",
      "attributes": {
        "occluded": false,
        "truncated": false,
        "trafficLightColor": "NA"
      },
      "category": "traffic light",
      "box2d": {
        "x1": 640.505981,
        "y1": 12.342856,
        "x2": 662.987606,
        "y2": 53.338766
      }
    },
    {
      "id": "50432",
      "attributes": {
        "occluded": false,
        "truncated": false,
        "trafficLightColor": "NA"
      },
      "category": "traffic light",
      "box2d": {
        "x1": 943.346732,
        "y1": 62.595907,
        "x2": 960.538565,
        "y2": 100.946918
      }
    },
    {
      "id": "50433",
      "attributes": {
        "occluded": false,
        "truncated": false,
        "trafficLightColor": "R"
      },
      "category": "traffic light",
      "box2d": {
        "x1": 963.183462,
        "y1": 63.918355,
        "x2": 980.375295,
        "y2": 108.88161
      }
    },
    {
      "id": "50434",
      "attributes": {
        "occluded": false,
        "truncated": false,
        "trafficLightColor": "R"
      },
      "category": "traffic light",
      "box2d": {
        "x1": 620.669249,
        "y1": 9.257141,
        "x2": 637.861082,
        "y2": 63.477537
      }
    },
    {
      "id": "50435",
      "attributes": {
        "occluded": false,
        "truncated": false,
        "trafficLightColor": "R"
      },
      "category": "traffic light",
      "box2d": {
        "x1": 497.68152,
        "y1": 109.763242,
        "x2": 517.518252,
        "y2": 156.048945
      }
    },
    {
      "id": "50436",
      "attributes": {
        "occluded": false,
        "truncated": true,
        "trafficLightColor": "NA"
      },
      "category": "traffic light",
      "box2d": {
        "x1": 292.701972,
        "y1": 0.0,
        "x2": 329.730538,
        "y2": 19.83673
      }
    },
    {
      "id": "50437",
      "attributes": {
        "occluded": false,
        "truncated": false,
        "trafficLightColor": "NA"
      },
      "category": "traffic sign",
      "box2d": {
        "x1": 1117.028335,
        "y1": 168.832614,
        "x2": 1151.412,
        "y2": 183.379548
      }
    },
    {
      "id": "50438",
      "attributes": {
        "occluded": false,
        "truncated": false,
        "trafficLightColor": "NA"
      },
      "category": "traffic sign",
      "box2d": {
        "x1": 1086.61202,
        "y1": 207.183626,
        "x2": 1103.803853,
        "y2": 227.020355
      }
    },
    {
      "id": "50439",
      "attributes": {
        "occluded": true,
        "truncated": false,
        "trafficLightColor": "NA"
      },
      "category": "traffic sign",
      "box2d": {
        "x1": 1168.603839,
        "y1": 186.024447,
        "x2": 1191.085467,
        "y2": 228.342804
      }
    },
    {
      "id": "50440",
      "attributes": {
        "occluded": false,
        "truncated": false,
        "trafficLightColor": "NA"
      },
      "category": "traffic light",
      "box2d": {
        "x1": 1041.477939,
        "y1": 181.175472,
        "x2": 1056.024873,
        "y2": 208.946892
      }
    }
  ],
  "attributes": {
    "weather": "rainy",
    "timeofday": "daytime",
    "scene": "city street"
  },
  "processing_info": {
    "processed_at": "2025-07-07T01:09:15.310615",
    "source": "bdd100k_complete_preprocessing_refactored"
  }
}